,HGNC_ID,gene_symbol,collision,source,NCBI_ID,ENSG_ID,alias_symbol
0,14947,PPP1R12C,AAVS1,HGNC,54776,ENSG00000125503,"AAVS1,DKFZP434D0412,MBS85,p84,p85"
1,11177,SOAT1,ACAT1,HGNC,6646,ENSG00000057252,"ACAT,ACAT1"
2,11178,SOAT2,ACAT2,HGNC,8435,ENSG00000167780,ACAT2
3,1612,CCRL2,ACKR5,HGNC,9034,ENSG00000121797,"ACKR5,CKRX,CRAM-A,CRAM-B,HCR"
4,7694,NDUFAB1,ACP1,HGNC,4706,ENSG00000004779,"ACP,ACP1,FASN2A,SDAP"
5,141,ACTBP8,ACTBP2,HGNC,68,ENSG00000220267,ACTBP2
6,11531,TADA2A,ADA2,HGNC,6871,ENSG00000276234,"ADA2,ADA2A,hADA2"
7,206,ADAM28,ADAM23,HGNC,10863,ENSG00000042980,"ADAM23,MDC-Lm,MDC-Ls,eMDCII"
8,361,AK1,ADK,HGNC,203,ENSG00000106992,"ADK,Adk1"
9,280,ADRA1D,ADRA1A,HGNC,146,ENSG00000171873,"ADRA1,ADRA1A,ADRA1R"
10,341,AGXT,AGT,HGNC,189,ENSG00000172482,"AGT,AGT1,AGXT1,PH1,SPT,Ser-PyrAT,TLH6"
11,24114,AURKAIP1,AIP,HGNC,54998,ENSG00000175756,"AIP,AKIP,FLJ20608,mS38"
12,24674,FBF1,ALB,HGNC,85302,ENSG00000188878,"ALB,FBF-1,FLJ00103,KIAA1863"
13,61,ABCD1,AMN,HGNC,215,ENSG00000101986,"ALDP,AMN,adrenoleukodystrophy"
14,12496,UBE3A,ANCR,HGNC,7337,ENSG00000114062,"ANCR,AS,E6-AP,FLJ26981"
15,28964,DANCR,ANCR,HGNC,57291,ENSG00000226950,"AGU2,ANCR,lncRNA-ANCR"
16,19375,SLC25A23,APC2,HGNC,79085,ENSG00000125648,"APC2,FLJ30339,MGC2615"
17,19989,ANAPC2,APC2,HGNC,29882,ENSG00000176248,"APC2,KIAA1406"
18,640,AQP7,AQP9,HGNC,364,ENSG00000165269,"AQP9,AQPap"
19,3642,FDXR,AR,HGNC,2232,ENSG00000161513,"ADR,AR"
20,651,AREG,AR,HGNC,374,ENSG00000109321,"AR,CRDGF"
21,381,AKR1B1,AR,HGNC,231,ENSG00000085662,AR
22,7869,NOL3,ARC,HGNC,8996,ENSG00000140939,"ARC,CARD2,MYP,NOP30"
23,19168,TINAGL1,ARG1,HGNC,64129,ENSG00000142910,"ARG1,LIECG3,P3ECSL,TINAGRP"
24,23725,ARHGAP21,ARHGAP10,HGNC,57584,ENSG00000107863,"ARHGAP10,KIAA1424"
25,382,AKR1B10,ARL1,HGNC,57016,ENSG00000198074,"AKR1B12,ALDRLn,ARL-1,ARL1,HIS,HSI"
26,18746,SLURP1,ARSB,HGNC,57152,ENSG00000126233,"ANUP,ARS,ArsB,LY6-MT,LY6LS,MDM"
27,16051,PARD3,ASIP,HGNC,56288,ENSG00000148498,"ASIP,Baz,Bazooka,PAR3,PARD3A,PPP1R118"
28,4232,GDNF,ATF1,HGNC,2668,ENSG00000168621,"ATF1,ATF2,HFB1-GDNF"
30,21014,ANTXR1,ATR,HGNC,84168,ENSG00000169604,"ATR,FLJ10601,FLJ21776,TEM8"
31,8985,SERPINA2,ATR,HGNC,390502,ENSG00000258597,"ARGS,ATR"
32,16400,NLRP3,AVP,HGNC,114548,ENSG00000162711,"AGTAVPRL,AII,AVP,CLR1.1,FCAS,FCU,MWS,NALP3,PYPAF1"
33,21727,QTGAL,B3GNT8,HGNC,146712,ENSG00000175711,B3GNT8
34,20473,BRIP1,BACH1,HGNC,83990,ENSG00000136492,"BACH1,FANCJ,OF"
35,10061,RNF2,BAP1,HGNC,6045,ENSG00000121481,"BAP-1,BAP1,DING,HIPI3,RING1B,RING2"
36,946,MAGI1,BAP1,HGNC,9223,ENSG00000151276,"AIP3,BAP1,MAGI-1,TNRC19,WWP3"
37,977,BCAT2,BCAM,HGNC,587,ENSG00000105552,"BCAM,BCATm"
38,20252,BANF1P1,BCRP1,HGNC,317687,ENSG00000258531,"BCRG1,BCRP1,D14S1460,D14S1460E"
39,20224,DCAF5,BCRP2,HGNC,8816,ENSG00000139990,"BCRG2,BCRP2,D14S1461E,KIAA1824"
40,9649,PTPN18,BDP1,HGNC,26469,ENSG00000072135,BDP1
41,99,ASIC2,BNC1,HGNC,40,ENSG00000108684,"ASIC2a,BNC1,BNaC1,MDEG,hBNaC1"
42,21114,C6orf89,BRAP,HGNC,221477,ENSG00000198663,"BRAP,FLJ25357"
43,24902,DEPDC1B,BRCC3,HGNC,55789,ENSG00000035499,"BRCC3,XTP1"
44,6175,ITM2C,BRI3,HGNC,81618,ENSG00000135916,"BRI3,BRICD2C,E25,ITM3,hRPC.1050_D_4"
45,25712,PGAP1,BST1,HGNC,80055,ENSG00000197121,"Bst1,FLJ12377,SPG67"
46,1140,BTN3A3,BTF3,HGNC,10384,ENSG00000111801,"BTF3,BTN3.3"
47,1144,BTRC,BTRCP1,HGNC,8945,ENSG00000166167,"FBXW1A,Fwd1,bTrCP,bTrCP1,beta-TrCP1,betaTrCP"
48,18121,MFRP,C1QTNF5,HGNC,83552,ENSG00000235718,"C1QTNF5,FLJ30570,NNO2,rd6"
49,1323,C4A,C4B,HGNC,720,ENSG00000244731,"C4,C4A2,C4A3,C4A4,C4A6,C4B,C4S,CO4,CPAMD2,RG"
50,9536,PSMA7,C6,HGNC,5688,ENSG00000101182,"C6,HSPC,RC6-1,XAPC7"
51,10637,CXCL10,C7,HGNC,3627,ENSG00000169245,"C7,IFI10,IP-10,crg-2,gIP-10,mob-1"
52,23217,GKN1,CA11,HGNC,56287,ENSG00000169605,"AMP18,BRICD1,CA11"
53,1436,S100G,CABP1,HGNC,795,ENSG00000169906,"CABP1,CABP9K"
54,33904,ACOD1,CAD,HGNC,730249,ENSG00000102794,CAD
55,24136,B4GALNT2,CAD,HGNC,124872,ENSG00000167080,"Cad,Sda"
56,2773,DFFB,CAD,HGNC,1677,ENSG00000169598,"CAD,CPAN,DFF-40,DFF40"
57,20311,CHAMP1,CAMP,HGNC,283489,ENSG00000198824,"CAMP,CHAMP"
58,9491,PRSS8,CAP1,HGNC,5652,ENSG00000052344,CAP1
59,8952,SERPINB8,CAP2,HGNC,5271,ENSG00000166401,CAP2
60,11878,TMPRSS4,CAP2,HGNC,56649,ENSG00000137648,"CAP2,MT-SP2,TMPRSS3"
61,1426,CADPS,CAPS,HGNC,8618,ENSG00000163618,"CADPS1,CAPS,CAPS1,KIAA1121,UNC-31"
62,16018,CADPS2,CAPS2,HGNC,93664,ENSG00000081803,CAPS2
63,24325,CDKN2AIP,CARF,HGNC,55602,ENSG00000168564,"CARF,FLJ20036"
64,24219,POLR1G,CAST,HGNC,10849,ENSG00000117877,"A34.5,ASE-1,CAST,PAF49,RPA34"
65,31922,ERC2,CAST,HGNC,26059,ENSG00000187672,"CAST,CAST1,ELKSL,KIAA0378,SPBC110,Spc110"
66,19331,MMAB,CBLB,HGNC,326625,ENSG00000139428,"CFAP23,cblB"
67,24525,MMACHC,CBLC,HGNC,25974,ENSG00000132763,"DKFZP564I122,cblC"
68,1565,ACKR2,CCR10,HGNC,1238,ENSG00000144648,"CCR10,CCR9,D6"
69,14099,CNOT6,CCR4,HGNC,57472,ENSG00000113300,"CCR4,Ccr4a,KIAA1194"
71,24824,FZR1,CDH1,HGNC,51343,ENSG00000105325,"CDC20C,CDH1,FZR,FZR2,HCDH,HCDH1,KIAA1242"
72,8711,PCDHGB4,CDH20,HGNC,8641,,"CDH20,FIB2,PCDH-GAMMA-B4"
73,1760,CDH20,CDH7,HGNC,28316,ENSG00000101542,"CDH7L3,Cdh7"
74,1758,CDH19,CDH7,HGNC,28513,ENSG00000071991,CDH7
75,33710,CDPF1,CDKN1A,HGNC,150383,ENSG00000205643,CDKN1A
76,16627,CHEK2,CDS1,HGNC,11200,ENSG00000183765,"CDS1,CHK2,HuCds1,PP1425,bA444G7"
77,1320,C3CER1,CER1,HGNC,23739,,CER1
78,1863,CES1,CES2,HGNC,1066,ENSG00000198848,"CEH,CES1A1,CES1A2,CES2,HMSE,HMSE1,SES1"
79,12790,GET1,CHD5,HGNC,7485,ENSG00000182093,CHD5
80,19057,CHD6,CHD5,HGNC,84181,ENSG00000124177,"CHD5,FLJ22369,KIAA1335,RIGB,dJ620E11.1"
81,2736,DDX11,CHL1,HGNC,1663,ENSG00000013573,"CHL1,ChlR1,KRG-2,WABS"
82,14525,CHORDC1,CHP1,HGNC,26973,ENSG00000110172,"CHP-1,CHP1"
83,10979,SLC25A1,CIC,HGNC,6576,ENSG00000100075,"CIC,CTP"
84,6349,KLF5,CKLF,HGNC,688,ENSG00000102554,"CKLF,IKLF"
85,17412,CLCF1,CLC,HGNC,23529,ENSG00000175505,"BSF-3,BSF3,CISS2,CLC,NNT-1,NNT1,NR6"
86,24627,DCBLD2,CLCP1,HGNC,131566,ENSG00000057019,"CLCP1,ESDN"
87,2065,CLIC6,CLIC5,HGNC,54102,ENSG00000159212,CLIC5
88,12462,UBASH3A,CLIP4,HGNC,53347,ENSG00000160185,"CLIP4,STS-2,TULA"
89,7941,NPPC,CNP,HGNC,4880,ENSG00000163273,CNP
90,8670,PCDHA4,CNR1,HGNC,56144,ENSG00000204967,"CNR1,CNRN1,CRNR1,PCDH-ALPHA4"
91,8662,PCDHA@,CNR1,HGNC,56117,,CNR1
92,8672,PCDHA6,CNR2,HGNC,56142,ENSG00000081842,"CNR2,CRNR2,PCDH-ALPHA6"
93,33701,CARD16,COP1,HGNC,114769,ENSG00000204397,"COP,COP1,LLID-114769,PSEUDO-ICE"
94,15740,CPA4,CPA3,HGNC,51200,ENSG00000128510,CPA3
95,2610,CYP2A6,CPA6,HGNC,1548,ENSG00000255974,"CPA6,CYP2A"
96,17513,HOMER2,CPD,HGNC,9455,ENSG00000103942,"CPD,Cupidin,DFNA68,HOMER-2,HOMER-2A,HOMER-2B,Vesl-2"
97,2314,CPNE1,CPN1,HGNC,8904,ENSG00000214078,CPN1
98,2591,CYP11B1,CPN1,HGNC,1584,ENSG00000160882,"CPN1,FHI,P450C11"
99,2315,CPNE2,CPN2,HGNC,221184,ENSG00000140848,CPN2
100,2592,CYP11B2,CPN2,HGNC,1585,ENSG00000179142,"ALDOS,CPN2,CYP11BL,P-450C18,P450aldo"
101,2600,CYP21A2,CPS1,HGNC,1589,ENSG00000231852,"CA21H,CAH1,CPS1,P450c21B"
102,26518,PM20D1,CPS1,HGNC,148811,ENSG00000162877,"Cps1,FLJ32569"
103,18854,CREB3L4,CREB3,HGNC,148327,ENSG00000143578,"AIbZIP,ATCE1,CREB3,CREB4,hJAL"
104,24546,CNRIP1,CRIP1,HGNC,25927,ENSG00000119865,"CRIP1,CRIP1a,CRIP1b,DKFZP566K1924"
105,9264,PPIAP10,CRP,HGNC,140913,ENSG00000224530,CRP
106,30747,COPS2,CSN2,HGNC,9318,ENSG00000166200,"ALIEN,CSN2,TRIP15"
107,2239,COPS3,CSN3,HGNC,8533,ENSG00000141030,"CSN3,SGN3"
108,2459,CSNK2A2,CSNK2A1,HGNC,1459,ENSG00000070770,"CK2alpha',CSNK2A1"
109,2482,CSTB,CST6,HGNC,1476,ENSG00000160213,"CST6,PME"
110,25632,CPPED1,CSTP1,HGNC,55313,ENSG00000103381,"CSTP1,FLJ11151"
111,33846,ARHGEF35,CTAGE4,HGNC,445328,ENSG00000213214,"CTAGE4,FLJ43692"
112,17149,VSIG2,CTH,HGNC,23584,ENSG00000019102,"CTH,CTXL"
113,80,AOC1,DAO,HGNC,26,ENSG00000002726,DAO
114,2981,DNPEP,DAP,HGNC,23549,ENSG00000123992,"ASPEP,DAP"
115,5329,IAPP,DAP,HGNC,3375,ENSG00000121351,"AMYLIN,DAP,IAP"
116,30368,DLGAP3,DAP3,HGNC,58512,ENSG00000116544,"DAP3,SAPAP3"
117,1158,TSPO,DBI,HGNC,706,ENSG00000100300,"DBI,IBP,MBR,PBR,PKBS,TSPO1,mDRC,pk18"
118,4187,GC,DBP,HGNC,2638,ENSG00000145321,"DBP,VDBP,hDBP"
119,5213,HSD17B4,DBP,HGNC,3295,ENSG00000133835,"DBP,MFE-2,SDR8C1"
120,18985,DCXR,DCR,HGNC,51181,ENSG00000169738,"DCR,HCR2,KIDCR,P34H,SDR20C1"
121,2765,DEFA6,DEF6,HGNC,1671,ENSG00000164822,"DEF6,HD-6"
122,32231,DEFA1A3,DEFA1,HGNC,0,,"DEFA1,DEFA3,DEFT1P"
125,2680,DIDO1,DIO1,HGNC,11083,ENSG00000101191,"BYE1,DIO-1,DIO1,FLJ11265,KIAA0333,dJ885L7.8"
126,2899,DLEC1,DLC1,HGNC,9940,ENSG00000008226,"CFAP81,DLC1,FAP81"
127,15476,DYNLL1,DLC1,HGNC,8655,ENSG00000088986,"DLC1,DLC8,LC8,PIN,hdlc1"
128,16864,DLGAP5,DLG1,HGNC,9787,ENSG00000126787,"DLG1,HURP,KIAA0008"
129,15736,HID1,DMC1,HGNC,283987,ENSG00000167861,"DMC1,HID-1"
130,14603,DMTF1,DMP1,HGNC,9988,ENSG00000135164,"DMP1,DMTF,MRUL,hDMP1"
131,2953,DNAH9,DNAL1,HGNC,1770,ENSG00000007174,"DNAL1,DYH9,Dnahc9,HL-20,HL20,KIAA0357"
132,726,ART4,DOK1,HGNC,420,ENSG00000111339,"ARTC4,CD297,DOK1"
133,21295,EPS8L1,DRC3,HGNC,54869,ENSG00000131037,"DRC3,FLJ20258,MGC23164,MGC4642"
134,7679,NDRG1,DRG1,HGNC,10397,ENSG00000104419,"DRG1,NDR1,RTP,TDD5"
135,3014,DPYSL2,DRP2,HGNC,1808,ENSG00000092964,"CRMP2,DHPRP2,DRP-2,DRP2"
136,3037,DSC3,DSC1,HGNC,1825,ENSG00000134762,"CDHF3,DSC,DSC1,DSC2"
138,3067,DUSP12,DUSP1,HGNC,11266,ENSG00000081721,"DUSP1,YVH1"
139,26965,PTPMT1,DUSP23,HGNC,114971,ENSG00000110536,"DUSP23,MOSP,PLIP"
140,33237,DUSP28,DUSP26,HGNC,285193,ENSG00000188542,"DUSP26,VHP"
141,18291,DMAP1,EAF2,HGNC,55929,ENSG00000178028,"DNMAP1,DNMTAP1,EAF2,FLJ11543,KIAA1425,MEAF2,SWC4"
142,4298,GLB1,EBP,HGNC,2720,ENSG00000170266,EBP
143,30418,SH3D19,EBP,HGNC,152503,ENSG00000109686,"DKFZp434D0215,EBP,EVE1,Eve-1,Kryn,SH3P19"
144,10845,SEM1,ECD,HGNC,7979,ENSG00000127922,"DSS1,ECD,FLJ42280,PSMD15,SHSF1,Shfdg1"
145,3265,EIF2S1,EIF2A,HGNC,1965,ENSG00000134001,"EIF-2alpha,EIF2A"
146,28691,ELOF1,ELF1,HGNC,84337,ENSG00000130165,"ELF1,MGC4549"
147,6253,KCNH4,ELK1,HGNC,23415,ENSG00000089558,"Kv12.3,elk1"
148,18864,KCNH8,ELK3,HGNC,131096,ENSG00000183960,"Kv12.1,elk3"
149,40032,ERLN,ELN,HGNC,100130933,ENSG00000259120,ELN
150,12825,XPO1,EMB,HGNC,7514,ENSG00000082898,"CRM-1,CRM1,emb"
151,3423,EPX,EPO,HGNC,8288,ENSG00000121053,"EPO,EPP,EPX-PEN"
152,11820,TIMP1,EPO,HGNC,7076,ENSG00000102265,EPO
153,3527,EZH2,EZH1,HGNC,2146,ENSG00000106462,"ENX-1,EZH1,KMT6,KMT6A"
154,12948,ZNF160,F11,HGNC,90338,ENSG00000170949,"F11,FLJ00032,HKr18,HZF5,KIAA1611,KR18"
155,2171,CNTN1,F3,HGNC,1272,ENSG00000018236,"F3,GP135"
156,21197,FA2H,FAAH,HGNC,79152,ENSG00000103089,"FAAH,FLJ25287"
157,31059,FABP5P1,FABP5,HGNC,387934,ENSG00000236972,FABP5
158,3574,FADS1,FADS6,HGNC,3992,ENSG00000149485,"D5D,FADS6,FADSD5,TU12"
159,3582,FANCA,FAH,HGNC,2175,ENSG00000187741,"FA-H,FAA,FAH"
160,3594,FASN,FAS,HGNC,2194,ENSG00000169710,"FAS,SDR27X1"
161,6316,KHSRP,FBP2,HGNC,8570,ENSG00000088247,"FBP2,FUBP2,KSRP"
162,13584,FBXO5,FBXO31,HGNC,26271,ENSG00000112029,"EMI1,FBX5,Fbxo31"
163,26431,FCRLB,FCRL2,HGNC,127943,ENSG00000162746,"FCRL2,FCRLY,FLJ31052,FREB-2"
164,18504,FCRLA,FCRLB,HGNC,84824,ENSG00000132185,"FCRL,FCRLX,FCRLb,FCRLc1,FCRLc2,FCRLd,FCRLe,FREB,MGC4595"
165,16933,FEM1C,FEM1A,HGNC,56929,ENSG00000145780,"EUROIMAGE686608,EUROIMAGE783647,FEM1A,KIAA1785"
166,13861,LZTS1,FEZ1,HGNC,11178,ENSG00000061337,FEZ1
167,3670,FGF13,FGF2,HGNC,2258,ENSG00000129682,"FGF2,FHF2,FLJ30672"
168,4883,CFH,FHL1,HGNC,3075,ENSG00000000971,"ARMD4,ARMS1,FHL1,HUS"
169,18169,FKBP10,FKBP6,HGNC,60681,ENSG00000141756,"FKBP6,FKBP65,FLJ20683,FLJ22041,FLJ23833,hFKBP65"
170,3712,FKBP1B,FKBP9,HGNC,2281,ENSG00000119782,"FKBP12.6,FKBP9,OTK4,PPIase"
171,3688,FGFR1,FLG,HGNC,2260,ENSG00000077782,"BFGFR,CD331,CEK,FLG,H2,H3,H4,H5,N-SAM"
172,3750,FLII,FLI1,HGNC,2314,ENSG00000177731,"FLI,FLIL,Fli1,MGC39265"
173,3701,FHIT,FRA3B,HGNC,2272,ENSG00000189283,"AP3Aase,FRA3B"
174,3775,FMR1,FRAXA,HGNC,2332,ENSG00000102081,"FMRP,FRAXA,MGC87458"
175,3776,AFF2,FRAXE,HGNC,2334,ENSG00000155966,FRAXE
176,4047,FZD9,FZD3,HGNC,8326,ENSG00000188763,"CD349,FZD3"
177,15791,PIGU,GAB1,HGNC,128869,ENSG00000101464,"GAB1,PIG-U,bA346K17.2"
178,31959,GAGE2D,GAGE8,HGNC,729408,,GAGE8
179,31960,GAGE2E,GAGE8,HGNC,26749,ENSG00000275113,GAGE8
180,24840,GALP,GAL,HGNC,85569,ENSG00000197487,GAL
181,24144,GAL3ST3,GAL3ST2,HGNC,89792,ENSG00000175229,GAL3ST2
182,30488,GALNT18,GALNT15,HGNC,374378,ENSG00000110328,"GALNT15,GalNAc-T18,MGC71806"
183,33844,GALNTL6,GALNT17,HGNC,442117,ENSG00000174473,"GALNT17,GalNAc-T6L"
184,21531,GALNT15,GALNT7,HGNC,117248,ENSG00000131386,"GALNT7,pp-GalNAc-T15"
185,2151,CNGB1,GAR1,HGNC,1258,ENSG00000070729,"CNGB1B,GAR1,GARP,RCNC2,RCNCb,RP45"
186,6864,MAP4K2,GCK,HGNC,5871,ENSG00000168067,"BL44,GCK"
187,6867,MAP4K5,GCKR,HGNC,11183,ENSG00000012983,"GCKR,KHS,KHS1"
188,43444,MYZAP,GCOM1,HGNC,100820829,ENSG00000263155,"GCOM1,Gup,Gup1,MYOZAP"
189,10986,SLC25A16,GDA,HGNC,8034,ENSG00000122912,"D10S105E,GDA,HGT.1,ML7"
190,8573,PAEP,GDA,HGNC,5047,ENSG00000122133,"GD,GdA,GdF,GdS,MGC138509,MGC142288,PAEG,PEP,PP14"
191,17493,GMNN,GEM,HGNC,51053,ENSG00000112312,Gem
192,14324,C1QTNF1,GIP,HGNC,114897,ENSG00000173918,"CTRP1,FLJ90694,GIP,ZSIG37"
193,4385,GNAI2,GIP,HGNC,2771,ENSG00000114353,GIP
194,4119,GALK2,GK2,HGNC,2585,ENSG00000156958,GK2
195,18069,NAT8,GLA,HGNC,9027,ENSG00000144035,"ATase2,GLA,Hcml1,TSC501"
196,29570,GLS2,GLS,HGNC,27165,ENSG00000135423,"GA,GLS,LGA,hLGA"
197,4575,GRID1,GLUD1,HGNC,2894,ENSG00000182771,"GluD1,KIAA1220"
198,4576,GRID2,GLUD2,HGNC,2895,ENSG00000152208,"GluD2,GluR-delta-2"
199,24766,GOLT1A,GOT1,HGNC,127845,ENSG00000174567,"CGI-141,FLJ42654,GOT1,MGC62027,YMR292W"
200,20175,GOLT1B,GOT1,HGNC,51026,ENSG00000111711,"CGI-141,GOT1,YMR292W"
201,4417,GNPDA1,GPI,HGNC,10007,ENSG00000113552,"GNPDA,GPI,HLN,KIAA0060"
202,2995,DPAGT1,GPT,HGNC,1798,ENSG00000172269,"ALG7,CDG-Ij,D11S366,DGPT,GPT"
203,4559,GPX7,GPX6,HGNC,2882,ENSG00000116157,"FLJ14777,GPX6,NPGPx"
204,24835,GPRIN1,GRIN1,HGNC,114787,ENSG00000169258,"GRIN1,KIAA1893"
205,15788,LGALS12,GRIP1,HGNC,85329,ENSG00000133317,GRIP1
206,7669,NCOA2,GRIP1,HGNC,10499,ENSG00000140396,"GRIP1,KAT13C,NCoA-2,TIF2,bHLHe75"
207,25012,LGALSL,GRP,HGNC,29094,ENSG00000119862,"GRP,HSPC159"
208,25205,UCMA,GRP,HGNC,221044,ENSG00000165623,GRP
209,29169,TRAPPC8,GSG1,HGNC,22878,ENSG00000153339,"GSG1,HsT2706,TRS85"
210,587,APEX1,HAP1,HGNC,328,ENSG00000100823,"APE,APE-1,APEN,APX,HAP1,REF-1,REF1"
211,26785,HNF1A-AS1,HAS1,HGNC,283460,ENSG00000241388,"FLJ38690,HAS1,HASTER"
212,2741,DDX18,HAS1,HGNC,8886,ENSG00000088205,"Has1,MrDb"
213,29567,ACSBG1,HBG1,HGNC,23205,ENSG00000103740,"BG1,BGM,FLJ30320,KIAA0631,MGC14352,hBG1,hsBG"
214,6697,LRP5,HBM,HGNC,4041,ENSG00000162337,"BMND1,EVR4,HBM,LR3,OPS,OPTA1,VBCH2"
215,24416,CYCSP5,HCP5,HGNC,360158,ENSG00000227735,HCP5
216,24235,CD200R1,HCRTR2,HGNC,131450,ENSG00000163606,"CD200R,HCRTR2,OX2R"
217,11021,SLC35A1,HCST,HGNC,10559,ENSG00000164414,"CMP-Sia-Tr,CMPST,hCST"
218,21041,HECA,HDC,HGNC,51696,ENSG00000112406,"HDC,HDCL,dJ225E12.1,hHDC"
219,1273,GATD3,HES1,HGNC,8209,ENSG00000160221,"D21S2048E,ES1,GT335,HES1,KNP-I,KNP-Ia,KNPH,KNPI"
220,6018,IL6,HGF,HGNC,3569,ENSG00000136244,"BSF2,HGF,HSF,IL-6"
221,11187,SOS1,HGF,HGNC,6654,ENSG00000115904,"GF1,HGF"
222,6222,KCNA4,HK1,HGNC,3739,ENSG00000182255,"HK1,HPCN2,Kv1.4,PCN2"
223,19884,HOOK1,HK1,HGNC,51361,ENSG00000134709,HK1
224,6224,KCNA5,HK2,HGNC,3741,ENSG00000130037,"HK2,HPCN1,Kv1.5"
225,6318,KIF2A,HK2,HGNC,3796,ENSG00000068796,HK2
226,19885,HOOK2,HK2,HGNC,29911,ENSG00000095066,HK2
227,23576,HOOK3,HK3,HGNC,84376,ENSG00000168172,HK3
228,4886,HFE,HLA-H,HGNC,3077,ENSG00000010704,"HFE1,HLA-H"
229,3374,EPAS1,HLF,HGNC,2034,ENSG00000116016,"HIF2A,HLF,MOP2,PASD2,bHLHe73"
230,2897,DLC1,HP,HGNC,10395,ENSG00000164741,"ARHGAP7,DLC-1,HP,STARD12,p122-RhoGAP"
231,1388,CACNA1A,HPCA,HGNC,773,ENSG00000141837,"APCA,Cav2.1,EA2,FHM,HPCA"
232,13158,ZNF83,HPF1,HGNC,55769,ENSG00000167766,"FLJ11015,HPF1"
233,7438,MT-HPR,HPR,HGNC,0,,HPR
234,7997,NRG1,HRG,HGNC,3084,ENSG00000157168,"GGF,HRG,NDF"
235,2749,DHX8,HRH1,HGNC,1659,ENSG00000067596,"Dhr2,HRH1,PRPF22,Prp22"
236,2738,DHX15,HRH2,HGNC,1665,ENSG00000109606,"DBP1,HRH2,PRPF43,PrPp43p,Prp43"
237,28120,HSD17B7P2,HSD17B7,HGNC,158160,ENSG00000099251,"HSD17B7,bA291L22.1"
238,1482,CAPN5,HTRA3,HGNC,726,ENSG00000149260,"ADNIV,HTRA3,nCL-3"
239,5417,IFNA1,IFNA13,HGNC,3439,ENSG00000197919,"IFL,IFN,IFN-ALPHA,IFN-alphaD,IFNA13,IFNA@"
240,6293,KCNN4,IK,HGNC,3783,ENSG00000104783,"IK,KCa3.1,hIKCa1,hKCa4,hSK4"
241,16948,MYDGF,IL25,HGNC,56005,ENSG00000074842,"IL-25,IL-27,IL25,R33729_1,SF20"
242,5984,IL17D,IL27,HGNC,53342,ENSG00000172458,"FLJ30846,IL-17D,IL-27,IL27"
243,28868,IGF2BP3,IMP3,HGNC,10643,ENSG00000136231,"CT98,IMP-3,IMP3"
244,30227,SPPL2A,IMP3,HGNC,84888,ENSG00000138600,"IMP3,PSL2"
245,30627,SPPL2B,IMP4,HGNC,56928,ENSG00000005206,"IMP4,KIAA1532,PSL1"
246,19426,IPO4,IMP4,HGNC,79711,ENSG00000196497,"FLJ23338,Imp4"
247,25184,SPATA17,IQCH,HGNC,128153,ENSG00000162814,"CFAP305,FAP305,IQCH,MOT17"
248,19983,RAB43,ISY1,HGNC,339122,ENSG00000172780,"ISY1,RAB11B,RAB41"
249,14530,SP6,KLF14,HGNC,80320,ENSG00000189120,"Epfn,KLF14"
250,15646,KLHL7,KLHL6,HGNC,55975,ENSG00000122550,"KLHL6,RP42,SBBI26"
251,6357,KLK1,KLK6,HGNC,3816,ENSG00000167748,Klk6
252,6367,KLK6,KLK7,HGNC,5653,ENSG00000167755,"Bssp,Klk7,neurosin"
253,6399,KPNA6,KPNA7,HGNC,23633,ENSG00000025800,"FLJ11249,IPOA7,KPNA7,MGC17918"
254,23604,KRTAP5-9,KRTAP5-1,HGNC,3846,ENSG00000254997,"KRTAP5-1,KRTAP5.9"
255,23601,KRTAP5-5,KRTAP5-11,HGNC,439915,ENSG00000185940,"KRTAP5-11,KRTAP5.5"
256,23603,KRTAP5-8,KRTAP5-2,HGNC,57830,ENSG00000241233,"KRTAP5-2,KRTAP5.8,UHSKerB"
257,23602,KRTAP5-7,KRTAP5-3,HGNC,440050,ENSG00000244411,"KRTAP5-3,KRTAP5.7"
258,23606,KRTAP5-11,KRTAP5-6,HGNC,440051,ENSG00000204571,"KRTAP5-6,KRTAP5.11"
259,23597,KRTAP5-2,KRTAP5-8,HGNC,440021,ENSG00000205867,"KRTAP5-8,KRTAP5.2"
260,23598,KRTAP5-3,KRTAP5-9,HGNC,387266,ENSG00000196224,"KRTAP5-9,KRTAP5.3"
261,19701,CNKSR2,KSR2,HGNC,22866,ENSG00000149970,"CNK2,KIAA0902,KSR2"
262,6484,LAMA4,LAMA3,HGNC,3910,ENSG00000112769,LAMA3
263,30621,SPNS1,LAT,HGNC,83985,ENSG00000169682,"HSpin1,LAT,PP2030,SLC63A1,SPIN1,SPINL,nrs"
264,11066,SLC7A8,LAT2,HGNC,23428,ENSG00000092068,"LAT2,LPI-PC1"
265,1340,SMIM29,LBH,HGNC,221491,ENSG00000186577,"LBH,MGC57858"
266,20161,TOX4,LCP1,HGNC,9878,ENSG00000092203,LCP1
267,6533,LDB2,LDB1,HGNC,9079,ENSG00000169744,"CLIM1,LDB1"
268,6583,EIF2D,LGTN,HGNC,1939,ENSG00000143486,LGTN
269,17360,LRIG1,LIG1,HGNC,26018,ENSG00000144749,"DKFZP586O1624,LIG-1,LIG1"
270,18395,SCGB1D1,LIPA,HGNC,10648,ENSG00000168515,"LIPA,LPHA,MGC71958"
271,18396,SCGB1D2,LIPB,HGNC,10647,ENSG00000124935,"LIPB,LPHB"
272,21610,LNPK,LNP1,HGNC,80856,ENSG00000144320,"LNP,LNP1,Ul"
273,29911,C1D,LRP1,HGNC,10438,ENSG00000197223,"LRP1,Rrp47,SUN-CoR,SUNCOR"
274,29593,ANKRD37,LRP2BP,HGNC,353322,ENSG00000186352,Lrp2bp
275,19012,CORIN,LRP4,HGNC,10699,ENSG00000145244,"ATC2,CRN,Lrp4,PRSC,TMPRSS10"
276,3481,ETFA,MADD,HGNC,2108,ENSG00000140374,"EMA,GA2,MADD"
277,6380,KLRG1,MAFA,HGNC,10219,ENSG00000139187,"2F1,CLEC15A,MAFA,MAFA-L"
278,3434,ERCC2,MAG,HGNC,2068,ENSG00000104884,"EM9,MAG,MGC102762,MGC126218,MGC126219"
279,19340,MAGEA2B,MAGEA2,HGNC,266740,ENSG00000183305,"MAGE2,MAGEA2,MGC16973"
280,17574,ALPK3,MAK,HGNC,57538,ENSG00000136383,"KIAA1330,MAK,Midori"
281,14334,MRTFA,MAL,HGNC,57591,ENSG00000196588,"BSAC,KIAA1438,MAL,MKL,MRTF-A"
282,17192,TIRAP,MAL,HGNC,114609,ENSG00000150455,"Mal,wyatt"
283,15789,METAP1,MAP1A,HGNC,23173,ENSG00000164024,"KIAA0094,MAP1A,MetAP1A"
284,16672,METAP2,MAP2,HGNC,10988,ENSG00000111142,"MAP2,MNPEP,p67"
285,9119,PMPCB,MAS1,HGNC,9512,ENSG00000105819,"MAS1,MPPB,MPPP52,beta-MPP"
286,17088,CLASP1,MAST1,HGNC,23332,ENSG00000074054,"KIAA0622,MAST1"
287,6922,MBL2,MBP,HGNC,4153,ENSG00000165471,"COLEC1,MBP,MBP-C,MBP1"
288,9362,PRG2,MBP,HGNC,5553,ENSG00000186652,"BMPG,MBP,proMBP"
289,14546,PCDHB16,ME1,HGNC,57717,ENSG00000272674,"KIAA1621,ME1,PCDH-BETA16,PCDH3X,PCDHB8a"
290,1850,CELSR1,ME2,HGNC,9620,ENSG00000075275,"ADGRC1,CDHF9,FMI2,HFMI2,ME2"
291,8682,PCDHB11,ME2,HGNC,56125,ENSG00000197479,"ME2,PCDH-BETA11"
292,8703,PCDHGA5,ME3,HGNC,56110,,"CDH-GAMMA-A5,ME3,PCDH-GAMMA-A5"
293,6919,MBD4,MED1,HGNC,8930,ENSG00000129071,MED1
294,11477,MED22,MED24,HGNC,6837,ENSG00000148297,"Med24,SRB6"
295,25487,MED9,MED25,HGNC,55090,ENSG00000141026,"FLJ10193,MED25"
296,20709,SLTM,MET,HGNC,79811,ENSG00000137776,"FLJ13213,Met"
297,7043,MGAM,MGA,HGNC,8972,ENSG00000257335,MGA
298,18210,MOGAT1,MGAT1,HGNC,116255,ENSG00000124003,"DGAT2L,MGAT1"
299,23248,MOGAT2,MGAT2,HGNC,80168,ENSG00000166391,"DGAT2L5,FLJ22644,MGAT2"
300,23249,MOGAT3,MGAT3,HGNC,346606,ENSG00000106384,"DC7,DGAT2L2,MGAT3"
301,37100,CFAP73,MIA2,HGNC,387885,ENSG00000186710,MIA2
302,1502,CASP14,MICE,HGNC,23581,ENSG00000105141,"MGC119078,MGC119079,MICE,caspase-14"
303,10499,S100A9,MIF,HGNC,6280,ENSG00000163220,"60B8AG,CGLB,LIAG,MAC387,MIF,MRP-14,MRP14,NIF,P14,S100-A9"
304,464,AMH,MIF,HGNC,268,ENSG00000104899,"MIF,MIS"
305,6401,TNPO1,MIP,HGNC,3842,ENSG00000083312,"IPO2,MIP,MIP1,TRN"
306,7104,MIPEP,MIP,HGNC,4285,ENSG00000027001,MIP
307,31102,MAFIP,MIP,HGNC,727764,ENSG00000274847,"FLJ00219,FLJ35473,FLJ39633,MIP,TEKT4P4,pp5644"
308,7582,MYL1,MLC1,HGNC,4632,ENSG00000168530,"MLC-1,MLC1,MLC1/3,MLC1F,MLC3F"
309,48649,MRLN,MLN,HGNC,100507027,ENSG00000227877,"Linc-RAM,M1,MLN,MUSER1"
310,18234,MOCOS,MOS,HGNC,55034,ENSG00000075643,"FLJ20733,HMCS,MCS,MOS"
311,6657,LNX1,MPDZ,HGNC,84708,ENSG00000072201,"MPDZ,PDZRN2"
312,7212,KIF20B,MPP1,HGNC,9585,ENSG00000138182,"CT90,KRMP1,MPP1"
313,3818,FOXM1,MPP2,HGNC,2305,ENSG00000111206,"HFH-11,HNF-3,INS-1,MPHOSPH2,MPP2,TGT3,trident"
314,6038,ILF3,MPP4,HGNC,3609,ENSG00000129351,"DRBP76,MPHOSPH4,MPP4,MPP4110,NF110,NF110b,NF90,NF90a,NF90c,NF90ctv,NFAR-1,NFAR-2,NFAR110,NFAR90,TCP110"
315,1911,CHAF1B,MPP7,HGNC,8208,ENSG00000159259,"CAF-1,CAF1,CAF1A,CAF1P60,MPHOSPH7,MPP7"
316,14492,MRPL41,MRPL27,HGNC,64975,ENSG00000182154,"BMRP,MRP-L27,MRPL27,PIG3,RPML27,mL41"
317,16635,MRPS35,MRPS28,HGNC,60488,ENSG00000061794,"MDS023,MRPS28,mS35"
318,14513,MRPS28,MRPS35,HGNC,28957,ENSG00000147586,"HSPC007,MRP-S28,MRPS35"
319,13370,MS4A12,MS4A10,HGNC,54860,ENSG00000071203,"FLJ20217,Ms4a10"
320,13371,MS4A4A,MS4A7,HGNC,51338,ENSG00000110079,"CD20L1,MS4A7"
321,13378,MS4A7,MS4A8,HGNC,58475,ENSG00000166927,"CD20L4,CFFM4,MS4A8"
322,11155,SNRPB2,MSL1,HGNC,6629,ENSG00000125870,"Msl1,U2B''"
323,11408,STK4,MST1,HGNC,6789,ENSG00000101109,"KRS2,MST1,YSK3"
324,10820,SH2D1A,MTCP1,HGNC,4068,ENSG00000183918,"DSHP,EBVS,MTCP1,SAP,XLP,XLPD"
325,7622,MYT1,MTF1,HGNC,4661,ENSG00000196132,"MTF1,MYTI,NZF2,ZC2H2C1,ZC2HC4A"
326,7037,MELTF,MTF1,HGNC,4241,ENSG00000163975,"CD228,FLJ38863,MAP97,MGC4856,MTF1,MTf"
327,15906,MYH7B,MYH14,HGNC,57644,ENSG00000078814,"KIAA1512,MHC14,MYH14,dJ756N5.1,lncMYH7b"
328,16763,ZBTB32,MYNN,HGNC,27033,ENSG00000011590,"FAXF,FAZF,Rog,TZFP,ZNF538,mynn"
329,7599,MYO1E,MYO1C,HGNC,4643,ENSG00000157483,"HuncM-IC,MGC104638,MYO1C"
330,29650,PKMYT1,MYT1,HGNC,9088,ENSG00000127564,"MYT1,PPP1R126"
331,16903,TNIP1,NAF1,HGNC,10318,ENSG00000145901,"ABIN-1,KIAA0113,NAF1,VAN"
332,23102,NANOGP4,NANOGP2,HGNC,414132,ENSG00000237065,NANOGP2
333,23105,NANOGP7,NANOGP3,HGNC,414130,ENSG00000258774,NANOGP3
334,23100,NANOGP2,NANOGP4,HGNC,414131,ENSG00000228670,NANOGP4
335,13395,NAPSA,NAPA,HGNC,9476,ENSG00000131400,"KAP,Kdap,NAP1,NAPA"
336,13396,NAPSB,NAPB,HGNC,256236,ENSG00000131401,"NAP1L,NAP2,NAPB,NAPSBP"
337,17765,RNF138,NARF,HGNC,51444,ENSG00000134758,"NARF,STRIN"
338,3297,EIF4G2,NAT1,HGNC,1982,ENSG00000110321,"DAP5,NAT1,p97"
339,13447,SLC38A1,NAT2,HGNC,81539,ENSG00000111371,"ATA1,NAT2,SAT1,SNAT1"
340,727,ARTN,NBN,HGNC,9048,ENSG00000117407,"ENOVIN,EVN,NBN"
341,18591,NEK9,NEK8,HGNC,91754,ENSG00000119638,"DKFZp434D0935,MGC16714,NERCC,NERCC1,Nek8"
342,25512,PRPF38B,NET1,HGNC,55119,ENSG00000134186,"FLJ10330,NET1"
343,8029,NTN1,NET1,HGNC,9423,ENSG00000065320,"NET1,NTN1L"
344,21535,GTPBP4,NGB,HGNC,23560,ENSG00000107937,"CRFG,FLJ10686,FLJ10690,NGB,NOG1"
345,4458,GPI,NLK,HGNC,2821,ENSG00000105220,"AMF,NLK"
346,4462,GPNMB,NMB,HGNC,10457,ENSG00000136235,"HGFIN,NMB"
347,10031,RMRP,NME1,HGNC,6023,ENSG00000277027,"NME1,RMRPR,RRP2"
348,7597,MYO1C,NMI,HGNC,4641,ENSG00000197879,"MyoIC,NMI,myr2"
349,19260,LTB4R2,NOP9,HGNC,56413,ENSG00000213906,"BLT2,BLTR2,JULF2,NOP9"
350,23044,NANOS1,NOS1,HGNC,340719,ENSG00000188613,"NOS1,ZC2HC12A"
351,23292,NANOS2,NOS2,HGNC,339345,ENSG00000188425,"NOS2,ZC2HC12B"
352,22048,NANOS3,NOS3,HGNC,342977,ENSG00000187556,"NANOS1L,NOS3,ZC2HC12C"
353,24969,NPRL2,NPR2,HGNC,10641,ENSG00000114388,"NPR2,NPR2L"
354,14124,NPRL3,NPR3,HGNC,8131,ENSG00000103148,"CGTHBA,HS-40,MARE,NPR3,RMD11"
355,19910,NOL6,NRAP,HGNC,65083,ENSG00000165271,"FLJ21959,MGC14896,MGC14921,MGC20838,Nrap,UTP22,bA311H10.1"
356,7781,NFE2L1,NRF1,HGNC,4779,ENSG00000082641,"FLJ00380,LCR-F1,NRF-1,NRF1"
357,7751,NELL2,NRP2,HGNC,4753,ENSG00000184613,NRP2
358,24565,KANSL1,NSL1,HGNC,284058,ENSG00000120071,"CENP-36,DKFZP727C091,MSL1v1,NSL1"
359,7126,MLF2,NTN4,HGNC,8079,ENSG00000089693,NTN4
360,13819,SLCO1C1,OATP1,HGNC,53919,ENSG00000139155,"OATP-F,OATP1,OATP1C1"
361,14411,SLC25A21,ODC1,HGNC,89874,ENSG00000183032,"ODC,ODC1"
362,29957,AZIN2,ODCP,HGNC,113451,ENSG00000142920,"KIAA1945,ODC-p,ODC1L,ODCp"
363,11957,MED12,OPA1,HGNC,9968,ENSG00000184634,"ARC240,CAGH45,HOPA,KIAA0192,Kto,OKS,OPA1,TRAP230"
364,10985,SLC25A15,ORC1,HGNC,10166,ENSG00000102743,"D13S327,ORC1,lnc-HC"
365,21708,CCM2,OSM,HGNC,83605,ENSG00000136280,"MGC4607,OSM"
366,16105,OSER1,OSR1,HGNC,51526,ENSG00000132823,"HSPC207,Osr1,Perit1,dJ1183I21.1"
367,4848,HCRTR1,OXR1,HGNC,3061,ENSG00000121764,"ORXR1,OX1R,OXR1"
368,9405,PKN1,PAK1,HGNC,5585,ENSG00000123143,"DBK,MGC46204,PAK1,PKN,PRK1"
369,15607,ARHGEF7,PAK3,HGNC,8874,ENSG00000102606,"BETA-PIX,COOL1,DKFZp686C12170,DKFZp761K1021,KIAA0142,Nbla10314,P50,P50BP,P85,P85COOL1,P85SPR,PAK3,PIXB"
370,16061,PAK6,PAK5,HGNC,56924,ENSG00000137843,PAK5
371,23386,MYCBP2,PAM,HGNC,23077,ENSG00000005810,"FLJ10106,KIAA0916,PAM,PHR1"
372,22943,NLRP4,PAN2,HGNC,147945,ENSG00000160505,"CLR19.5,CT58,FLJ32126,PAN2,PYPAF4,RNH2"
373,19979,RDH14,PAN2,HGNC,57665,ENSG00000240857,"PAN2,SDR7C4"
374,22944,NLRP6,PAN3,HGNC,171389,ENSG00000174885,"CLR11.4,PAN3,PYPAF5"
375,9171,PODXL,PC,HGNC,5420,ENSG00000128567,"Gp200,PC,PCLP,PDX,PODXL1,gp135"
376,6916,MBD1,PCM1,HGNC,4152,ENSG00000141644,"CXXC3,PCM1"
377,9153,PNKD,PDC,HGNC,25953,ENSG00000127838,"BRP17,DKFZp564N1362,DYT8,FKSG19,FPD1,KIAA1184,KIPP1184,MGC31943,MR-1,MR-1S,PDC,PKND1,TAHCCP2"
378,30142,GDF15,PDF,HGNC,9518,ENSG00000130513,"MIC-1,MIC1,NAG-1,PDF,PLAB,PTGFB"
379,8816,PDPK1,PDK1,HGNC,5170,ENSG00000140992,PDK1
380,23682,PLPP6,PDP1,HGNC,403313,ENSG00000205808,"FLJ46512,FLJ90191,PDP1"
381,21350,PDHX,PDX1,HGNC,8050,ENSG00000110435,"DLDBP,E3BP,OPDX,PDX1,proX"
382,23719,PGAP3,PER1,HGNC,93210,ENSG00000161395,"CAB2,MGC9753,PER1,PP1498"
383,21731,PGAM4,PGAM1,HGNC,441531,ENSG00000226784,"PGAM-B,PGAM1,PGAM3,dJ1000K24.1"
384,13568,PGPEP1,PGP,HGNC,54858,ENSG00000130517,"PGP,PGP-I,PGPI,Pcp"
385,25058,TPGS1,PGS1,HGNC,91978,ENSG00000141933,"GTRGEO22,PGs1"
386,8893,PGF,PIGF,HGNC,5228,ENSG00000119630,"D12S1900,PIGF,PLGF,PlGF,PlGF-2,SHGC-10760"
387,9479,LONP1,PIM1,HGNC,9361,ENSG00000196365,"LonHS,PIM1,hLON"
388,29064,SFI1,PISD,HGNC,9814,ENSG00000198089,"KIAA0542,PISD,PPP1R139"
389,17293,PRKD2,PKD2,HGNC,25865,ENSG00000105287,"DKFZP586E0820,HSPC187,PKD2"
390,15449,LGALS13,PLAC8,HGNC,29124,ENSG00000105198,"PLAC8,PP13"
391,9716,PXMP2,PMP22,HGNC,5827,ENSG00000176894,"MPV17L3,PMP22"
392,30061,PMS2CL,PMS2P13,HGNC,441194,ENSG00000187953,PMS2P13
393,9327,PPY,PNP,HGNC,5539,ENSG00000108849,PNP
394,9186,POLQ,POLH,HGNC,10721,ENSG00000051341,POLH
395,16705,TENT4A,POLK,HGNC,11044,ENSG00000112941,"LAK-1,POLK,TRF4,TRF4-1"
396,9183,POLK,POLQ,HGNC,51426,ENSG00000122008,"DINP,POLQ"
397,9203,POMZP3,POM121,HGNC,22932,ENSG00000146707,"POM-ZP3,POM121"
398,17820,NT5C3A,POMP,HGNC,51251,ENSG00000122643,"P5'N-1,PN-I,POMP,PSN1,UMPH,UMPH1,cN-III,hUMP1,p36"
399,1152,POPDC1,POP1,HGNC,11149,ENSG00000112276,"HBVES,POP1"
400,30261,PYDC1,POP1,HGNC,260434,ENSG00000169900,"ASC2,POP1"
401,29887,NLRP2B,POP4,HGNC,286430,ENSG00000215174,"CLRX.1,NALP2P,NOD24,POP4"
402,17652,PORCN,POR,HGNC,64840,ENSG00000102312,"MG61,PORC,PPN,por"
403,29932,COASY,PPAT,HGNC,80347,ENSG00000068120,"DPCK,NBP,PPAT"
404,4847,HCRT,PPOX,HGNC,3060,ENSG00000161610,"OX,PPOX"
405,9893,RBL1,PRB1,HGNC,5933,ENSG00000080839,"PRB1,cp107,p107"
406,9355,PRDX5,PRDX6,HGNC,25824,ENSG00000126432,"ACR1,AOEB166,B166,MGC117264,MGC142283,MGC142285,PLP,PMP20,PRDX6,PRXV,SBBI10"
407,17663,PITRM1,PREP,HGNC,10531,ENSG00000107959,"KIAA1104,MP1,PreP,hMP1"
408,23497,PLPPR3,PRG2,HGNC,79948,ENSG00000129951,"FLJ11535,LPPR3,PRG-2,PRG2"
409,14966,PXDN,PRG2,HGNC,7837,ENSG00000130508,"D2S448,D2S448E,KIAA0230,MG50,PRG2,PXN"
410,21411,AIFM2,PRG3,HGNC,84883,ENSG00000042286,"FLJ14497,FSP1,PRG3"
411,9453,PRODH,PRODH2,HGNC,5625,ENSG00000100033,"HSPOX2,PIG6,POX,PRODH1,PRODH2,TP53I6"
412,19688,NECTIN4,PRR4,HGNC,81607,ENSG00000143217,"LNIR,PRR4,nectin-4"
413,16753,PRDX6,PRX,HGNC,9588,ENSG00000117592,"1-Cys,AOP2,KIAA0106,MGC46173,NSGPx,PRX,aiPLA2,p29"
414,17586,MTCH1,PSAP,HGNC,23787,ENSG00000137409,"CGI-64,PSAP,SLC25A49"
415,9519,PSG2,PSG1,HGNC,5670,ENSG00000242221,"CEA,PSG1,PSGGB"
416,9589,PTENP1,PTH2,HGNC,11191,ENSG00000237984,"PTEN-rs,PTEN2,PTENpg1,PTH2,psiPTEN"
417,24265,PTRH2,PTH2,HGNC,51651,ENSG00000141378,"BIT1,CFAP37,CGI-147,PTH2"
418,9683,PTPRU,PTPRO,HGNC,10076,ENSG00000060656,"FMI,PCP-2,PTP,PTPRO,hPTP-J"
419,6915,MB,PVALB,HGNC,4151,ENSG00000198125,PVALB
423,10044,RNASE1,RAC1,HGNC,6035,ENSG00000129538,RAC1
424,7670,NCOA3,RAC3,HGNC,8202,ENSG00000124151,"ACTR,AIB1,CAGH16,KAT13B,RAC3,SRC-3,SRC3,TNRC16,TRAM-1,bHLHe42,p/CIP"
425,10048,RNASE6,RAD1,HGNC,6039,ENSG00000169413,"RAD1,RNaseK6"
426,3436,ERCC4,RAD1,HGNC,2072,ENSG00000175595,"FANCQ,RAD1"
427,19278,RNASE7,RAE1,HGNC,84659,ENSG00000165799,RAE1
428,10046,RNASE3,RAF1,HGNC,6037,ENSG00000169397,"ECP,RAF1"
429,24211,RNASE12,RAI1,HGNC,493901,ENSG00000258436,RAI1
430,18750,RIN2,RASSF4,HGNC,54453,ENSG00000132669,RASSF4
431,9438,PRKRA,RAX,HGNC,8575,ENSG00000180228,"DYT16,HSD14,PACT,RAX"
432,40518,SEMA3F-AS1,RBM5-AS1,HGNC,100129060,ENSG00000235016,RBM5-AS1
433,9885,ARID4A,RBP1,HGNC,5926,ENSG00000032219,"RBP-1,RBP1"
434,30339,RIMBP2,RBP2,HGNC,23504,ENSG00000060709,"KIAA0318,MGC15831,PPP1R133,RBP2,RIM-BP2"
435,3113,E2F1,RBP3,HGNC,1869,ENSG00000101412,RBP3
436,21302,KCTD11,REN,HGNC,147040,ENSG00000213859,"KCASH1,REN"
437,10937,SLC19A1,RFC1,HGNC,6573,ENSG00000173638,"FOLT,IFC-1,RFC,RFC1,RFT-1,hRFC"
438,32414,RGPD1,RGP1,HGNC,400966,ENSG00000187627,RGP1
439,31911,RGL4,RGR,HGNC,266747,ENSG00000159496,Rgr
440,14261,RGS18,RGS13,HGNC,64407,ENSG00000150681,RGS13
441,10010,RHEBP1,RHEB,HGNC,6008,ENSG00000229927,RHEB
442,670,RHOD,RHO,HGNC,29984,ENSG00000173156,"Rho,RhoHP1"
443,6089,INSL6,RIF1,HGNC,11172,ENSG00000120210,RIF1
444,30299,LRIF1,RIF1,HGNC,55791,ENSG00000121931,"FLJ11269,RIF1"
445,17019,PRICKLE1,RILP,HGNC,144165,ENSG00000139174,"EPM1B,FLJ31937,RILP"
446,6086,INSL3,RLF,HGNC,3640,ENSG00000248099,"MGC119818,MGC119819,RLF"
447,19275,RNASE10,RNASE9,HGNC,338879,ENSG00000182545,"RAH1,RNASE9"
448,10049,RNASEH1P1,RNH1,HGNC,284203,ENSG00000265790,RNH1
449,7981,NR4A2,RNR1,HGNC,4929,ENSG00000153234,"HZF-3,NOT,RNR1,TINUR"
450,10258,RORA,ROR1,HGNC,6095,ENSG00000069667,"NR1F1,ROR-alpha,ROR1,ROR2,ROR3,RORa1,RORalpha,RORÎ±,RZRA"
452,11398,WHR1,RP1,HGNC,8859,ENSG00000204344,"D6S60,G11,RP1,TWH19"
453,6891,MAPRE2,RP1,HGNC,10982,ENSG00000166974,"EB1,EB2,RP1"
454,56716,TMEM184B-AS1,RP1,HGNC,0,ENSG00000235246,"RP1,RP1-5O6.5"
455,21668,WHR1B,RP2,HGNC,373159,ENSG00000250535,"RP2,bPG116M5.10"
456,32036,NUDT19,RP2,HGNC,390916,ENSG00000213965,RP2
457,17264,POLR1A,RPA1,HGNC,25885,ENSG00000068654,"DKFZP586M0122,FLJ21915,RPA1,RPA190,RPO1-4"
458,20454,POLR1B,RPA2,HGNC,84172,ENSG00000125630,"FLJ10816,FLJ21921,RPA135,RPA2,Rpo1-2"
459,7727,NEDD4,RPF1,HGNC,4734,ENSG00000069869,"KIAA0093,MGC176705,NEDD4-1,RPF1"
460,10306,RPL15,RPL10,HGNC,6138,ENSG00000174748,"EC45,L15,RPL10,RPLY10,RPYL10,eL15"
461,14278,MRPL13,RPL13,HGNC,28998,ENSG00000172172,"L13,L13A,L13mt,RPL13,RPML13,uL13m"
462,10316,RPL23,RPL17,HGNC,9349,ENSG00000125691,"L23,rpL17,uL14"
463,10307,RPL17,RPL23,HGNC,6139,ENSG00000265681,"L17,rpL23,uL22"
464,18479,RSL24D1,RPL24,HGNC,51187,ENSG00000137876,"HRP-L30-iso,L30,RPL24,RPL24L"
465,9559,PSMD2,RPN1,HGNC,5708,ENSG00000175166,"MGC14274,P97,Rpn1,S2,TRAP2"
466,9554,PSMD1,RPN2,HGNC,5707,ENSG00000173692,"P112,Rpn2,S1"
467,10380,MRPS12,RPS12,HGNC,6183,ENSG00000128626,"RPS12,RPSM12,uS12m"
468,23818,RRP1B,RRP1,HGNC,23076,ENSG00000160208,"Nnp1,PPP1R136,RRP1"
469,10458,RSC1A1,RS1,HGNC,6248,ENSG00000215695,RS1
470,20846,HRNR,S100A16,HGNC,388697,ENSG00000197915,"FLG3,S100A16,S100a18"
471,10070,RNF7,SAG,HGNC,9616,ENSG00000114125,"CKBBP1,RBX2,ROC2,SAG"
472,10770,SF3B3,SAP130,HGNC,23450,ENSG00000189091,"KIAA0017,RSE1,SAP130,SF3b130"
474,13448,SLC38A2,SAT2,HGNC,54407,ENSG00000134294,"ATA2,KIAA1382,SAT2,SNAT2"
475,2289,COX7A2L,SCAF1,HGNC,9167,ENSG00000115944,"COX7AR,COX7RP,EB1,SCAF1,SCAFI,SIG81"
476,10969,SLC22A5,SCD,HGNC,6584,ENSG00000197375,"OCTN2,SCD"
477,10809,SGCG,SCG3,HGNC,6445,ENSG00000102683,"A4,DAGA4,DMDA,MGC130048,SCARMD2,SCG3,TYPE"
478,11490,SYCP2,SCP2,HGNC,10388,ENSG00000196074,SCP2
479,17077,CTDSP2,SCP2,HGNC,10106,ENSG00000175215,"OS4,PSR2,SCP2"
480,10611,CCL13,SCYL1,HGNC,6357,ENSG00000181374,"CKb10,MCP-4,MGC17134,NCC-1,SCYL1"
481,10612,CCL14,SCYL2,HGNC,6358,ENSG00000276409,"CKb1,HCC-1,HCC-3,MCIF,NCC-2,SCYL2"
482,10613,CCL15,SCYL3,HGNC,6359,ENSG00000275718,"HCC-2,HMRP-2B,Lkn-1,MIP-1d,MIP-5,NCC-3,SCYL3"
483,19440,SBDS,SDS,HGNC,51119,ENSG00000126524,"CGI-97,FLJ10917,SDO1,SDS,SWDS"
484,10751,SELENOP,SELP,HGNC,6414,ENSG00000250722,"SELP,SEPP,SeP"
485,7983,NR5A1,SF1,HGNC,2516,ENSG00000136931,"AD4BP,ELP,FTZ1,SF-1,SF1,hSF-1"
486,10769,SF3B2,SF3B1,HGNC,10992,ENSG00000087365,"Cus1,SAP145,SF3b1,SF3b145"
487,17851,REXO2,SFN,HGNC,25996,ENSG00000076043,"CGI-114,DKFZP566E144,SFN"
488,10880,PMEL,SI,HGNC,6490,ENSG00000185664,"D12S53E,HMB-45,HMB45,ME20,Pmel17,SI,gp100"
489,30927,SLC6A20,SIT1,HGNC,54716,ENSG00000163817,"IMINO,SIT1,XT3,Xtrp3"
490,18270,HHAT,SKI,HGNC,55733,ENSG00000054392,"FLJ10724,GUP2,MART-2,MART2,Skn,rasp,sit,ski"
491,12641,UXT,SKP2,HGNC,8409,ENSG00000126756,"ART-27,SKP2,STAP1"
492,30605,SEPSECS,SLA,HGNC,51091,ENSG00000109618,"SLA,SLA-p35,SLA/LP,SecS"
493,11087,SLIT3,SLIT1,HGNC,6586,ENSG00000184347,"MEGF5,SLIT1,Slit-3,slit2"
495,11085,SLIT1,SLIT3,HGNC,6585,ENSG00000187122,"MEGF4,SLIT3,Slit-1"
496,4037,FYN,SLK,HGNC,2534,ENSG00000010810,"MGC45350,SLK,SYN"
497,29604,LYNX1,SLURP2,HGNC,66004,ENSG00000180155,SLURP2
498,4162,GARS1,SMAD1,HGNC,2617,ENSG00000106105,"DSMAV,GlyRS,SMAD1"
499,20323,SMOC2,SMAP2,HGNC,64094,ENSG00000112562,SMAP2
500,15862,SMOX,SMO,HGNC,54498,ENSG00000088826,"FLJ20746,MGC1010,PAO,PAOh1,SMO,dJ779E11.1"
501,9834,RAI1,SMS,HGNC,10743,ENSG00000108557,"DKFZP434A139,KIAA1820,MGC12824,SMS"
502,32652,SNORA58,SNORA58B,HGNC,677836,ENSG00000249020,"ACA58,SNORA58B"
503,33064,SNORD115-45,SNORD115-48,HGNC,100036566,ENSG00000212380,"HBII-52-45,SNORD115-48"
504,10067,RNF4,SNURF,HGNC,6047,ENSG00000063978,"RES4-26,SLX5,SNURF"
505,28468,SNX33,SNX30,HGNC,257364,ENSG00000173548,"MGC32065,SH3PXD3C,SNX30"
506,9118,PMP22,SP110,HGNC,5376,ENSG00000109099,"GAS3,HMSNIA,HNPP,Sp110"
507,22957,SPATS1,SPATA8,HGNC,221409,ENSG00000249481,"FLJ25442,SPATA8,SRSP1"
509,9298,PPP1R9B,SPN,HGNC,84687,ENSG00000108819,"SPINO,Spn"
510,14677,DEAF1,SPN,HGNC,10522,ENSG00000177030,"NUDR,SPN,ZMYND5"
511,24343,CXXC1,SPP1,HGNC,30827,ENSG00000154832,"CFP1,CGBP,HsT2645,PCCX1,PHF18,SPP1,ZCGPC1,hCGBP"
512,30677,GPKOW,SPP2,HGNC,27238,ENSG00000068394,"GPATC5,GPATCH5,Mos2,Spp2,T54"
513,19953,SGPP2,SPP2,HGNC,130367,ENSG00000163082,"FLJ39004,SPP2"
514,11526,TACR1,SPR,HGNC,6869,ENSG00000115353,"NK1R,NKIR,SPR"
515,11204,SOX9,SRA1,HGNC,6662,ENSG00000125398,SRA1
516,11298,SRMS,SRM,HGNC,6725,ENSG00000125508,"PTK70,SRM,dJ697K14.1"
517,31708,LRP12,ST7,HGNC,29967,ENSG00000147650,"FLJ12929,ST7"
518,14107,PMEPA1,STAG1,HGNC,56937,ENSG00000124225,STAG1
520,4688,GUCY2C,STAR,HGNC,2984,ENSG00000070019,"GC-C,GCC,HSER,STAR"
521,11403,STK24,STK3,HGNC,8428,ENSG00000102572,"MST-3,MST3,MST3B,STE20,STK3"
522,26333,SRFBP1,STRAP,HGNC,153443,ENSG00000151304,"BUD22,FLJ25286,Rlb1,STRAP,p49"
523,19274,TTC5,STRAP,HGNC,91875,ENSG00000136319,Strap
524,35152,PAPPA-AS1,TAF4B,HGNC,493913,ENSG00000256040,"DIPAS,NCRNA00156,PAPPA-AS,TAF2C2,TAF4B,TAFII105"
525,10699,SEC14L2,TAP1,HGNC,23541,ENSG00000100003,"KIAA1186,KIAA1658,SPF,TAP,TAP1"
526,18655,SEC14L3,TAP2,HGNC,266629,ENSG00000100012,TAP2
527,29891,TCEA1P2,TCEA1,HGNC,399511,ENSG00000230409,TCEA1
528,8117,TENM1,TEN1,HGNC,10178,ENSG00000009694,"TEN-M1,TEN1"
529,9588,PTEN,TEP1,HGNC,5728,ENSG00000171862,"MMAC1,PTEN1,TEP1"
530,3541,F3,TF,HGNC,2152,ENSG00000117525,"CD142,TF"
531,48673,USP2-AS1,THY1-AS1,HGNC,100499227,ENSG00000245248,"THY1-AS1,gLINC"
532,14900,IL22,TIFA,HGNC,50616,ENSG00000127318,"IL-21,IL-22,IL-D110,IL-TIF,ILTIF,MGC79382,MGC79384,TIFIL-23,TIFa,zcyto18"
533,2731,DDR2,TKT,HGNC,4921,ENSG00000162733,TKT
535,1126,BTF3P11,TNFRSF11B,HGNC,690,ENSG00000118903,"HUMBTFB,OCIF,OPG,TNFRSF11B"
536,11947,TNNI3,TNNC1,HGNC,7137,ENSG00000129991,"CMH7,TNNC1,cTNI"
537,11708,TDO2,TPH2,HGNC,6999,ENSG00000151790,"TDO,TPH2"
538,11795,THPO,TPO,HGNC,7066,ENSG00000090534,"MPLLG,TPO"
539,25070,ACD,TPP1,HGNC,65057,ENSG00000102977,"Pip1,Ptop,Tint1,Tpp1"
540,16197,TP53RK,TPRKB,HGNC,112858,ENSG00000172315,"BUD32,Nori-2p,TPRKB,dJ101A2.2,prpk"
541,16836,TGFBRAP1,TRAP1,HGNC,9392,ENSG00000135966,"TRAP-1,TRAP1,VPS3"
542,12101,TRAV1-1,TRAV11,HGNC,28693,ENSG00000255569,"TCRAV1S1,TCRAV7S1,TRAV11"
543,11799,THRB,TRB,HGNC,7068,ENSG00000151090,"ERBA-BETA,GRTH,NR1A2,THR1,THRB1,THRB2,THRbeta,THRbeta1,TRb,TRbeta,TRbeta1,Thrbeta2,c-erbA-2,c-erbA-beta"
544,30646,SND1,TSN,HGNC,27044,ENSG00000197157,"TDRD11,TSN,p100"
545,11825,NKX2-1,TTF1,HGNC,7080,ENSG00000136352,"TTF-1,TTF1"
546,42770,LINC00598,TTL,HGNC,646982,ENSG00000215483,"TTL,lncFOXO1"
547,12636,UTS2,UCN2,HGNC,10911,ENSG00000049247,"PRO1068,U-II,UCN2,UII"
548,12530,UGT1A1,UGT1A,HGNC,54658,ENSG00000241635,UGT1A
549,12553,UGT2B4,UGT2B11,HGNC,7363,ENSG00000156096,UGT2B11
550,25847,UBE2Z,USE1,HGNC,65264,ENSG00000159202,"FLJ13855,USE1"
551,19143,USP32,USP10,HGNC,84669,ENSG00000170832,"NY-REN-60,USP10"
552,12620,USP21,USP16,HGNC,27005,ENSG00000143258,USP16
553,12624,USP25,USP21,HGNC,29761,ENSG00000155313,USP21
554,23228,CPAMD8,VIP,HGNC,27151,ENSG00000160111,"K-CAP,KIAA1283,VIP"
555,2728,DDOST,WBP1,HGNC,1650,ENSG00000244038,"KIAA0115,OST,OST48,WBP1"
556,3147,ECEL1,XCE,HGNC,9427,ENSG00000171551,"DINE,XCE"
557,12904,ZNF121,ZNF20,HGNC,7675,ENSG00000197961,"ZHC32,ZNF20"
558,21159,RNF141,ZNF230,HGNC,50862,ENSG00000110315,"ZFP26,ZNF230"
559,12886,ZNF106,ZNF474,HGNC,64397,ENSG00000103994,"SH3BP3,ZNF474"
560,23328,ZFP1,ZNF475,HGNC,162239,ENSG00000184517,"FLJ34243,ZNF475"
