,gene_symbol,alias_symbol,ENSG_ID,HGNC_ID,NCBI_ID,collision,source
0,RN7SK,7SK,ENSG00000283293,10037,125050,7SK,ENSG
1,SOAT1,"ACAT,ACAT1,SOAT,STAT",ENSG00000057252,11177,6646,ACAT1,ENSG
2,SOAT2,ACAT2,ENSG00000167780,11178,8435,ACAT2,ENSG
3,NDUFAB1,"ACP,ACP1,FASN2A,SDAP",ENSG00000004779,7694,4706,ACP1,ENSG
4,ACTBP8,ACTBP2,ENSG00000220267,141,0,ACTBP2,ENSG
5,TADA2A,"ADA2,ADA2A,HADA2,TADA2L",ENSG00000277104,11531,6871,ADA2,ENSG
6,ADAM28,"ADAM23,EMDCII,MDC-LM,MDC-LS",ENSG00000042980,206,10863,ADAM23,ENSG
7,ADCY8,"AC8,ADCY3,HBAC1",ENSG00000155897,239,114,ADCY3,ENSG
8,ADRA1D,"ADRA1,ADRA1A,ADRA1R",ENSG00000171873,280,146,ADRA1A,ENSG
9,AGXT,"AGT,AGT1,AGXT1,PH1,SER-PYRAT,SPAT,SPT,TLH6",ENSG00000172482,341,189,AGT,ENSG
10,AURKAIP1,"AIP,AKIP,FLJ20608,MS38",ENSG00000175756,24114,54998,AIP,ENSG
11,AK4,"AK3,AK3L1",ENSG00000162433,363,205,AK3,ENSG
12,AK3,"AK3L1,AK6,AKL3L1",ENSG00000147853,17376,50808,AK6,ENSG
13,FBF1,"ALB,FBF-1,FLJ00103,KIAA1863",ENSG00000188878,24674,85302,ALB,ENSG
14,ABCD1,"ADRENOLEUKODYSTROPHY,ALD,ALDP,AMN",ENSG00000101986,61,215,AMN,ENSG
15,ANKRD30BL,"ANKRD30BP3,NCRNA00164",ENSG00000163046,35167,554226,ANKRD30BP3,ENSG
16,ANAPC2,"APC2,KIAA1406",ENSG00000176248,19989,29882,APC2,ENSG
17,SLC25A23,"APC2,FLJ30339,MGC2615",ENSG00000125648,19375,79085,APC2,ENSG
18,APLP2,"APPH,APPL2",ENSG00000084234,598,334,APPL2,ENSG
19,AQP7,"AQP7L,AQP9,AQPAP",ENSG00000165269,640,364,AQP9,ENSG
20,AKR1B1,"ALDR1,AR",ENSG00000085662,381,231,AR,ENSG
21,FDXR,"ADR,ADXR,AR",ENSG00000161513,3642,2232,AR,ENSG
22,AREG,"AR,AREGB,CRDGF,SDGF",ENSG00000109321,651,374,AR,ENSG
23,NOL3,"ARC,CARD2,MYP,NOP30",ENSG00000140939,7869,8996,ARC,ENSG
24,ARL17A,"ARF1P2,ARL17P1,ARF1P2,ARL17P1",ENSG00000185829,24096,51326,ARF1P2,ENSG
25,ARFGAP3,ARFGAP1,ENSG00000242247,661,26286,ARFGAP1,ENSG
26,TINAGL1,"ARG1,LCN7,LIECG3,P3ECSL,TINAGRP",ENSG00000142910,19168,64129,ARG1,ENSG
27,ARHGAP21,"ARHGAP10,KIAA1424",ENSG00000107863,23725,57584,ARHGAP10,ENSG
28,AKR1B10,"AKR1B11,AKR1B12,ALDRLN,ARL-1,ARL1,HIS,HSI",ENSG00000198074,382,57016,ARL1,ENSG
29,SLURP1,"ANUP,ARS,ARSB,LY6-MT,LY6LS,MDM",ENSG00000126233,18746,57152,ARSB,ENSG
30,PARD3,"ASIP,BAZ,BAZOOKA,PAR3,PARD3A,PPP1R118",ENSG00000148498,16051,56288,ASIP,ENSG
31,GDNF,"ATF1,ATF2,HFB1-GDNF",ENSG00000168621,4232,2668,ATF1,ENSG
32,GDNF,"ATF1,ATF2,HFB1-GDNF",ENSG00000168621,4232,2668,ATF2,ENSG
33,ATP2B4,"ATP2B2,MXRA1,PMCA4",ENSG00000058668,817,493,ATP2B2,ENSG
34,SERPINA2,"ARGS,ATR,PIL,SERPINA2P",ENSG00000274821,8985,390502,ATR,ENSG
35,ANTXR1,"ATR,FLJ10601,FLJ21776,TEM8",ENSG00000169604,21014,84168,ATR,ENSG
36,NLRP3,"AGTAVPRL,AII,AVP,C1ORF7,CIAS1,CLR1.1,DFNA34,FCAS,FCU,MWS,NALP3,PYPAF1",ENSG00000162711,16400,114548,AVP,ENSG
37,B4GAT1,"B3GN-T1,B3GNT1,B3GNT6,BETA3GNTI,IGAT,IGNT",ENSG00000174684,15685,11041,B3GNT6,ENSG
38,B3GNTL1,"B3GNT8,B3GNT8",ENSG00000277033,21727,146712,B3GNT8,ENSG
39,BRIP1,"BACH1,FANCJ,OF",ENSG00000136492,20473,83990,BACH1,ENSG
40,MAGI1,"AIP3,BAIAP1,BAP1,MAGI-1,TNRC19,WWP3",ENSG00000151276,946,9223,BAP1,ENSG
41,RNF2,"BAP-1,BAP1,DING,HIPI3,RING1B,RING2",ENSG00000121481,10061,6045,BAP1,ENSG
42,BCAT2,"BCAM,BCATM,BCT2",ENSG00000105552,977,587,BCAM,ENSG
43,BANF1P1,"BCRG1,BCRP1,D14S1460,D14S1460E",ENSG00000258531,20252,0,BCRP1,ENSG
44,DCAF5,"BCRG2,BCRP2,D14S1461E,KIAA1824,WDR22",ENSG00000139990,20224,8816,BCRP2,ENSG
45,PTPN18,BDP1,ENSG00000072135,9649,26469,BDP1,ENSG
46,ASIC2,"ACCN,ACCN1,ASIC2A,BNAC1,BNC1,HBNAC1,MDEG",ENSG00000108684,99,40,BNC1,ENSG
47,C6ORF89,,ENSG00000198663,21114,221477,BRAP,ENSG
48,DEPDC1B,"BRCC3,XTP1",ENSG00000035499,24902,55789,BRCC3,ENSG
49,ZFP36L1,"BERG36,BRF1,CMG1,ERF1,RNF162B,TIS11B",ENSG00000185650,1107,677,BRF1,ENSG
50,ZFP36L2,"BRF2,ERF2,RNF162C,TIS11D",ENSG00000152518,1108,678,BRF2,ENSG
51,ITM2C,"BRI3,BRICD2C,E25,HRPC.1050_D_4,ITM3",ENSG00000135916,6175,81618,BRI3,ENSG
52,BRMS1L,"BRMS1,FLJ39177,MGC11296,P40",ENSG00000100916,20512,84312,BRMS1,ENSG
53,PGAP1,"BST1,FLJ12377,SPG67",ENSG00000197121,25712,80055,BST1,ENSG
54,BTN3A3,"BTF3,BTN3.3",ENSG00000111801,1140,10384,BTF3,ENSG
55,MFRP,"C1QTNF5,FLJ30570,NNO2,RD6",ENSG00000235718,18121,83552,C1QTNF5,ENSG
56,C4A,"C4,C4A2,C4A3,C4A4,C4A6,C4B,C4S,CO4,CPAMD2,RG,C4,C4A2,C4A3,C4A4,C4A6,C4B,C4S,CO4,CPAMD2,RG",ENSG00000244207,1323,720,C4B,ENSG
57,PSMA7,"C6,HSPC,RC6-1,XAPC7",ENSG00000101182,9536,5688,C6,ENSG
58,CXCL10,"C7,CRG-2,GIP-10,IFI10,INP10,IP-10,MOB-1,SCYB10",ENSG00000169245,10637,3627,C7,ENSG
59,GKN1,"AMP18,BRICD1,CA11",ENSG00000169605,23217,56287,CA11,ENSG
60,S100G,"CABP1,CABP9K,CALB3",ENSG00000169906,1436,795,CABP1,ENSG
61,DFFB,"CAD,CPAN,DFF-40,DFF40",ENSG00000169598,2773,1677,CAD,ENSG
62,ACOD1,"CAD,IRG1",ENSG00000102794,33904,730249,CAD,ENSG
63,B4GALNT2,"CAD,GALGT2,SDA",ENSG00000167080,24136,124872,CAD,ENSG
64,CHAMP1,"C13ORF8,CAMP,CHAMP,ZNF828",ENSG00000198824,20311,283489,CAMP,ENSG
65,PRSS8,CAP1,ENSG00000052344,9491,5652,CAP1,ENSG
66,TMPRSS4,"CAP2,MT-SP2,TMPRSS3",ENSG00000137648,11878,56649,CAP2,ENSG
67,SERPINB8,"CAP2,PI8",ENSG00000166401,8952,5271,CAP2,ENSG
68,CADPS,"CADPS1,CAPS,CAPS1,KIAA1121,UNC-31",ENSG00000163618,1426,8618,CAPS,ENSG
69,CADPS2,CAPS2,ENSG00000081803,16018,93664,CAPS2,ENSG
70,CDKN2AIP,"CARF,FLJ20036",ENSG00000168564,24325,55602,CARF,ENSG
71,PEDS1,"CARF,KUA,TMEM189",ENSG00000240849,16735,387521,CARF,ENSG
72,ERC2,"CAST,CAST1,ELKSL,KIAA0378,SPBC110,SPC110",ENSG00000187672,31922,26059,CAST,ENSG
73,POLR1G,"A34.5,ASE-1,CAST,CD3EAP,PAF49,RPA34",ENSG00000117877,24219,10849,CAST,ENSG
74,MMAB,"CBLB,CFAP23",ENSG00000139428,19331,326625,CBLB,ENSG
75,MMACHC,"CBLC,DKFZP564I122",ENSG00000132763,24525,25974,CBLC,ENSG
76,CCNA2,"CCN1,CCNA",ENSG00000145386,1578,890,CCN1,ENSG
77,MCM2,"BM28,CCNL1,CDC19,CDCL1,D3S3194,DFNA70,KIAA0030",ENSG00000073111,6944,4171,CCNL1,ENSG
78,ACKR2,"CCBP2,CCR10,CCR9,CMKBR9,D6",ENSG00000144648,1565,1238,CCR10,ENSG
79,CNOT6,"CCR4,CCR4A,KIAA1194",ENSG00000113300,14099,57472,CCR4,ENSG
80,ACKR2,"CCBP2,CCR10,CCR9,CMKBR9,D6",ENSG00000144648,1565,1238,CCR9,ENSG
81,TRGC1,"CD3G,C1,TCRGC1",ENSG00000211689,12275,445347,CD3G,ENSG
82,TARP,CD3G,ENSG00000289746,,445347,CD3G,ENSG
83,FZR1,"CDC20C,CDH1,FZR,FZR2,HCDH,HCDH1,KIAA1242",ENSG00000105325,24824,51343,CDH1,ENSG
84,PCDHGB4,"CDH20,FIB2,PCDH-GAMMA-B4",ENSG00000253953,8711,8641,CDH20,ENSG
85,CDH15,"CDH14,CDH3",ENSG00000129910,1754,1013,CDH3,ENSG
86,CDH20,"CDH7,CDH7L3",ENSG00000101542,1760,28316,CDH7,ENSG
87,CDH19,CDH7,ENSG00000071991,1758,28513,CDH7,ENSG
88,CDPF1,"C22ORF40,CDKN1A",ENSG00000205643,33710,150383,CDKN1A,ENSG
89,CHEK2,"BA444G7,CDS1,CHK2,HUCDS1,PP1425,RAD53",ENSG00000183765,16627,11200,CDS1,ENSG
90,CENPCP1,"CENPC,CENPC1P1,CENPC2",ENSG00000226982,1855,0,CENPC,ENSG
91,CES1,"CEH,CES1A1,CES1A2,CES2,HMSE,HMSE1,SES1",ENSG00000262243,1863,1066,CES2,ENSG
92,GET1,"CHD5,WRB",ENSG00000182093,12790,7485,CHD5,ENSG
93,CHD6,"CHD5,DJ620E11.1,FLJ22369,KIAA1335,RIGB",ENSG00000124177,19057,84181,CHD5,ENSG
94,DDX11,"CHL1,CHLR1,KRG-2,WABS",ENSG00000013573,2736,1663,CHL1,ENSG
95,CHORDC1,"CHP-1,CHP1",ENSG00000110172,14525,26973,CHP1,ENSG
96,SLC25A1,"CIC,CTP,SLC20A3",ENSG00000100075,10979,6576,CIC,ENSG
97,KLF5,"BTEB2,CKLF,IKLF",ENSG00000102554,6349,688,CKLF,ENSG
98,CLCF1,"BSF-3,BSF3,CISS2,CLC,NNT-1,NNT1,NR6",ENSG00000175505,17412,23529,CLC,ENSG
99,DCBLD2,"CLCP1,ESDN",ENSG00000057019,24627,131566,CLCP1,ENSG
100,CLIC6,"CLIC1L,CLIC5",ENSG00000159212,2065,54102,CLIC5,ENSG
101,UBASH3A,"CLIP4,STS-2,TULA",ENSG00000160185,12462,53347,CLIP4,ENSG
102,NPPC,CNP,ENSG00000163273,7941,4880,CNP,ENSG
103,PCDHA4,"CNR1,CNRN1,CRNR1,PCDH-ALPHA4",ENSG00000291652,8670,56144,CNR1,ENSG
104,PCDHA6,"CNR2,CNRS2,CRNR2,PCDH-ALPHA6",ENSG00000291654,8672,56142,CNR2,ENSG
105,CARD16,"COP,COP1,LLID-114769,PSEUDO-ICE",ENSG00000204397,33701,114769,COP1,ENSG
106,CPA4,CPA3,ENSG00000128510,15740,51200,CPA3,ENSG
107,CYP2A6,"CPA6,CYP2A,CYP2A3",ENSG00000255974,2610,1548,CPA6,ENSG
108,HOMER2,"CPD,CUPIDIN,DFNA68,HOMER-2,HOMER-2A,HOMER-2B,VESL-2",ENSG00000103942,17513,9455,CPD,ENSG
109,CYP11B1,"CPN1,CYP11B,FHI,P450C11",ENSG00000160882,2591,1584,CPN1,ENSG
110,CPNE1,CPN1,ENSG00000214078,2314,8904,CPN1,ENSG
111,CYP11B2,"ALDOS,CPN2,CYP11B,CYP11BL,P-450C18,P450ALDO",ENSG00000179142,2592,1585,CPN2,ENSG
112,CPNE2,CPN2,ENSG00000140848,2315,221184,CPN2,ENSG
113,CPOX,"CPO,CPX,HCP",ENSG00000080819,2321,1371,CPO,ENSG
114,CYP21A2,"CA21H,CAH1,CPS1,CYP21,CYP21B,P450C21B",ENSG00000231852,2600,1589,CPS1,ENSG
115,PM20D1,"CPS1,FLJ32569",ENSG00000162877,26518,148811,CPS1,ENSG
116,CREB3L4,"AIBZIP,ATCE1,CREB3,CREB4,HJAL",ENSG00000143578,18854,148327,CREB3,ENSG
117,CNRIP1,"C2ORF32,CRIP1,CRIP1A,CRIP1B,DKFZP566K1924",ENSG00000119865,24546,25927,CRIP1,ENSG
118,PPIAP10,"CRP,PPIAL2,PPIP10",ENSG00000224530,9264,0,CRP,ENSG
119,COPS2,"ALIEN,CSN2,TRIP15",ENSG00000166200,30747,9318,CSN2,ENSG
120,COPS3,"CSN3,SGN3",ENSG00000141030,2239,8533,CSN3,ENSG
121,CSNK2A2,"CK2ALPHA',CSNK2A1",ENSG00000070770,2459,1459,CSNK2A1,ENSG
122,CSTB,"CST6,EPM1,PME,STFB",ENSG00000160213,2482,1476,CST6,ENSG
123,CPPED1,"CSTP1,FLJ11151",ENSG00000103381,25632,55313,CSTP1,ENSG
124,ARHGEF35,"ARHGEF5L,CTAGE4,FLJ43692",ENSG00000288422,33846,445328,CTAGE4,ENSG
125,VSIG2,"CTH,CTXL",ENSG00000019102,17149,23584,CTH,ENSG
126,CTSK,"CTSO,CTSO2,PKND,PYCD",ENSG00000143387,2536,1513,CTSO,ENSG
127,CYP2G1P,"CYP2G1,CYP2G2P,CYP2GP1",ENSG00000290611,,22952,CYP2G2P,ENSG
128,AOC1,"ABP,ABP1,DAO",ENSG00000002726,80,26,DAO,ENSG
129,IAPP,"AMYLIN,DAP,IAP",ENSG00000121351,5329,3375,DAP,ENSG
130,DNPEP,"ASPEP,DAP",ENSG00000123992,2981,23549,DAP,ENSG
131,DLGAP3,"DAP3,SAPAP3",ENSG00000116544,30368,58512,DAP3,ENSG
132,TSPO,"BZRP,DBI,IBP,MBR,MDRC,PBR,PK18,PKBS,TSPO1",ENSG00000100300,1158,706,DBI,ENSG
133,GC,"DBP,HDBP,VDBP",ENSG00000145321,4187,2638,DBP,ENSG
134,HSD17B4,"DBP,MFE-2,SDR8C1",ENSG00000133835,5213,3295,DBP,ENSG
135,DDX11L10,"DDX11L1,DDX11P",ENSG00000233614,14125,0,DDX11L1,ENSG
136,DEFA6,"DEF6,HD-6",ENSG00000285136,2765,1671,DEF6,ENSG
137,DIDO1,"BYE1,C20ORF158,DATF1,DIO-1,DIO1,DJ885L7.8,FLJ11265,KIAA0333",ENSG00000101191,2680,11083,DIO1,ENSG
138,DLEC1,"CFAP81,DLC1,FAP81",ENSG00000008226,2899,9940,DLC1,ENSG
139,DYNLL1,"DLC1,DLC8,DNCL1,HDLC1,LC8,PIN",ENSG00000088986,15476,8655,DLC1,ENSG
140,DLGAP5,"DLG1,DLG7,HURP,KIAA0008",ENSG00000126787,16864,9787,DLG1,ENSG
141,MPP2,"DKFZP761D0712,DLG2",ENSG00000108852,7220,4355,DLG2,ENSG
142,MPP3,DLG3,ENSG00000161647,7221,4356,DLG3,ENSG
143,LLGL1,"DLG4,HUGL,HUGL-1,LGL1,LLGL,MGL1",ENSG00000131899,6628,3996,DLG4,ENSG
144,HID1,"C17ORF28,DMC1,HID-1",ENSG00000167861,15736,283987,DMC1,ENSG
145,DMTF1,"DMP1,DMTF,HDMP1,MRUL",ENSG00000135164,14603,9988,DMP1,ENSG
146,DNAH9,"DNAH17L,DNAHC9,DNAL1,DYH9,HL-20,HL20,KIAA0357",ENSG00000007174,2953,1770,DNAL1,ENSG
147,ART4,"ARTC4,CD297,DO,DOK1",ENSG00000111339,726,420,DOK1,ENSG
148,EPS8L1,"DRC3,FLJ20258,MGC23164,MGC4642",ENSG00000131037,21295,54869,DRC3,ENSG
149,NDRG1,"CAP43,DRG1,NDR1,RTP,TDD5",ENSG00000104419,7679,10397,DRG1,ENSG
150,DPYSL2,"CRMP2,DHPRP2,DRP-2,DRP2",ENSG00000092964,3014,1808,DRP2,ENSG
151,DSC3,"CDHF3,DSC,DSC1,DSC2,DSC4",ENSG00000134762,3037,1825,DSC1,ENSG
152,DSC3,"CDHF3,DSC,DSC1,DSC2,DSC4",ENSG00000134762,3037,1825,DSC2,ENSG
153,DSC2,"CDHF2,DSC3",ENSG00000134755,3036,1824,DSC3,ENSG
154,DUSP12,"DUSP1,YVH1",ENSG00000081721,3067,11266,DUSP1,ENSG
155,PTPMT1,"DUSP23,MOSP,PLIP",ENSG00000110536,26965,114971,DUSP23,ENSG
156,DUSP28,"DUSP26,VHP",ENSG00000188542,33237,285193,DUSP26,ENSG
157,DUX4L1,DUX4,ENSG00000280757,3082,0,DUX4,ENSG
158,DMAP1,"DNMAP1,DNMTAP1,EAF2,FLJ11543,KIAA1425,MEAF2,SWC4",ENSG00000178028,18291,55929,EAF2,ENSG
159,SH3D19,"DKFZP434D0215,EBP,EVE-1,EVE1,KRYN,SH3P19",ENSG00000292165,30418,152503,EBP,ENSG
160,GLB1,"EBP,ELNR1",ENSG00000170266,4298,2720,EBP,ENSG
161,SEM1,"C7ORF76,DSS1,ECD,FLJ42280,PSMD15,SHFD1,SHFDG1,SHFM1,SHSF1",ENSG00000127922,10845,7979,ECD,ENSG
162,EIF2S1,"EIF-2ALPHA,EIF2,EIF2A",ENSG00000134001,3265,1965,EIF2A,ENSG
163,EIF6,"B(2)GCN,EIF3A,ITGB4BP,P27BBP",ENSG00000242372,6159,3692,EIF3A,ENSG
164,ELOF1,"ELF1,MGC4549",ENSG00000130165,28691,84337,ELF1,ENSG
165,KCNH4,"ELK1,KV12.3",ENSG00000089558,6253,23415,ELK1,ENSG
166,KCNH8,"ELK3,KV12.1",ENSG00000183960,18864,131096,ELK3,ENSG
167,SMIM6,"C17ORF110,ELN",ENSG00000259120,40032,100130933,ELN,ENSG
168,XPO1,"CRM-1,CRM1,EMB",ENSG00000082898,12825,7514,EMB,ENSG
169,MMRN2,"EMILIN3,ENDOGLYX-1,FLJ13465",ENSG00000173269,19888,79812,EMILIN3,ENSG
170,TIMP1,"CLGI,EPO,TIMP",ENSG00000102265,11820,7076,EPO,ENSG
171,EPX,"EPO,EPP,EPX-PEN",ENSG00000121053,3423,8288,EPO,ENSG
172,ETF1,"ERF,ERF1,RF1,SUP45L1,TB3-1",ENSG00000120705,3477,2107,ERF,ENSG
173,EZH2,"ENX-1,EZH1,KMT6,KMT6A",ENSG00000106462,3527,2146,EZH1,ENSG
174,ZNF160,"F11,FLJ00032,HKR18,HZF5,KIAA1611,KR18",ENSG00000170949,12948,90338,F11,ENSG
175,CNTN1,"F3,GP135",ENSG00000018236,2171,1272,F3,ENSG
176,FA2H,"FAAH,FAXDC1,FLJ25287,SPG35",ENSG00000103089,21197,79152,FAAH,ENSG
177,FABP5P1,"FABP5,FABP5L1",ENSG00000236972,31059,0,FABP5,ENSG
178,FABP5P11,"FABP5L11,FABP5P1",ENSG00000240122,19328,0,FABP5P1,ENSG
179,FADS1,"D5D,FADS6,FADSD5,LLCDL1,TU12",ENSG00000149485,3574,3992,FADS6,ENSG
180,FANCA,"FA-H,FAA,FACA,FAH,FANCH",ENSG00000187741,3582,2175,FAH,ENSG
181,FASN,"FAS,SDR27X1",ENSG00000169710,3594,2194,FAS,ENSG
182,KHSRP,"FBP2,FUBP2,KSRP",ENSG00000088247,6316,8570,FBP2,ENSG
183,FBXO5,"EMI1,FBX5,FBXO31",ENSG00000112029,13584,26271,FBXO31,ENSG
184,FCRLB,"FCRL2,FCRLM2,FCRLY,FLJ31052,FREB-2",ENSG00000162746,26431,127943,FCRL2,ENSG
185,FCRLA,"FCRL,FCRLB,FCRLC1,FCRLC2,FCRLD,FCRLE,FCRLM1,FCRLX,FREB,MGC4595",ENSG00000132185,18504,84824,FCRLB,ENSG
186,FEM1C,"EUROIMAGE686608,EUROIMAGE783647,FEM1A,KIAA1785",ENSG00000145780,16933,56929,FEM1A,ENSG
187,LZTS1,FEZ1,ENSG00000061337,13861,11178,FEZ1,ENSG
188,FGF13,"FGF2,FHF2,FLJ30672,LINC00889",ENSG00000129682,3670,2258,FGF2,ENSG
189,CFH,"ARMD4,ARMS1,FHL1,HF,HF1,HF2,HUS",ENSG00000000971,4883,3075,FHL1,ENSG
190,FKBP10,"FKBP6,FKBP65,FLJ20683,FLJ22041,FLJ23833,HFKBP65",ENSG00000141756,18169,60681,FKBP6,ENSG
191,FKBP1B,"FKBP12.6,FKBP1L,FKBP9,OTK4,PPIASE",ENSG00000119782,3712,2281,FKBP9,ENSG
192,FGFR1,"BFGFR,CD331,CEK,FLG,FLT2,H2,H3,H4,H5,KAL2,N-SAM",ENSG00000077782,3688,2260,FLG,ENSG
193,FLII,"FLI,FLI1,FLIL,MGC39265",ENSG00000284571,3750,2314,FLI1,ENSG
194,FMO4,FMO2,ENSG00000076258,3772,2329,FMO2,ENSG
195,FZD9,"CD349,FZD3",ENSG00000188763,4047,8326,FZD3,ENSG
196,PIGU,"BA346K17.2,CDC91L1,GAB1,PIG-U",ENSG00000101464,15791,128869,GAB1,ENSG
197,GABPAP,"E4TF1,E4TF1B,GABPB1",ENSG00000235720,4072,0,GABPB1,ENSG
198,GABPB1,"E4TF1-47,GABPB,GABPB2",ENSG00000104064,4074,2553,GABPB2,ENSG
199,GALP,GAL,ENSG00000197487,24840,85569,GAL,ENSG
200,GAL3ST3,GAL3ST2,ENSG00000175229,24144,89792,GAL3ST2,ENSG
201,GALNT18,"GALNAC-T18,GALNT15,GALNTL4,MGC71806",ENSG00000110328,30488,374378,GALNT15,ENSG
202,GALNTL5,"GALNAC-T5L,GALNT15",ENSG00000106648,21725,168391,GALNT15,ENSG
203,GALNTL6,"GALNAC-T6L,GALNT17",ENSG00000174473,33844,442117,GALNT17,ENSG
204,GALNT15,"GALNT7,GALNTL2,PP-GALNAC-T15",ENSG00000131386,21531,117248,GALNT7,ENSG
205,CNGB1,"CNCG2,CNCG3L,CNGB1B,GAR1,GARP,RCNC2,RCNCB,RP45",ENSG00000070729,2151,1258,GAR1,ENSG
206,GBA1LP,"Beta-GC,GBA,GBAP,GBAP1,GC,GLUC",ENSG00000291137,,2630,GC,ENSG
207,MAP4K2,"BL44,GCK,RAB8IP",ENSG00000168067,6864,5871,GCK,ENSG
208,MAP4K5,"GCKR,KHS,KHS1",ENSG00000012983,6867,11183,GCKR,ENSG
209,MYZAP,"GCOM1,GUP,GUP1,MYOZAP",ENSG00000263155,43444,100820829,GCOM1,ENSG
210,SLC25A16,"D10S105E,GDA,HGT.1,ML7",ENSG00000122912,10986,8034,GDA,ENSG
211,PAEP,"GD,GDA,GDF,GDS,MGC138509,MGC142288,PAEG,PEP,PP14",ENSG00000122133,8573,5047,GDA,ENSG
212,GMNN,GEM,ENSG00000112312,17493,51053,GEM,ENSG
213,GNAI2,"GIP,GNAI2B",ENSG00000114353,4385,2771,GIP,ENSG
214,C1QTNF1,"CTRP1,FLJ90694,GIP,ZSIG37",ENSG00000173918,14324,114897,GIP,ENSG
215,GJA9,"CX58,CX59,GJA10",ENSG00000131233,19155,81025,GJA10,ENSG
216,GJD2,"CX36,GJA9",ENSG00000159248,19154,57369,GJA9,ENSG
217,GJD3,"CX30.2,CX31.9,GJA11,GJC1",ENSG00000183153,19147,125111,GJC1,ENSG
218,GJC3,"CX29,CX30.2,GJE1",ENSG00000176402,17495,349149,GJE1,ENSG
219,GALK2,GK2,ENSG00000156958,4119,2585,GK2,ENSG
220,NAT8,"ATASE2,GLA,HCML1,TSC501",ENSG00000291479,18069,9027,GLA,ENSG
221,GLS2,"GA,GLS,HLGA,LGA",ENSG00000135423,29570,27165,GLS,ENSG
222,GRID1,"GLUD1,KIAA1220",ENSG00000182771,4575,2894,GLUD1,ENSG
223,GRID2,"GLUD2,GLUR-DELTA-2",ENSG00000152208,4576,2895,GLUD2,ENSG
224,GOLT1B,"CGI-141,GOT1,YMR292W",ENSG00000111711,20175,51026,GOT1,ENSG
225,GOLT1A,"CGI-141,FLJ42654,GOT1,MGC62027,YMR292W",ENSG00000174567,24766,127845,GOT1,ENSG
226,GNPDA1,"GNPDA,GNPI,GPI,HLN,KIAA0060",ENSG00000113552,4417,10007,GPI,ENSG
227,DPAGT1,"ALG7,CDG-IJ,D11S366,DGPT,DPAGT,DPAGT2,GPT",ENSG00000172269,2995,1798,GPT,ENSG
228,GPX7,"FLJ14777,GPX6,NPGPX",ENSG00000116157,4559,2882,GPX6,ENSG
229,GRIK5,"GLUK5,GRIK2,KA2",ENSG00000105737,4583,2901,GRIK2,ENSG
230,GPRIN1,"GRIN1,KIAA1893",ENSG00000169258,24835,114787,GRIN1,ENSG
231,NCOA2,"BHLHE75,GRIP1,KAT13C,NCOA-2,TIF2",ENSG00000140396,7669,10499,GRIP1,ENSG
232,LGALS12,GRIP1,ENSG00000133317,15788,85329,GRIP1,ENSG
233,UCMA,"C10ORF49,GRP",ENSG00000165623,25205,221044,GRP,ENSG
234,LGALSL,"GRP,HSPC159",ENSG00000119862,25012,29094,GRP,ENSG
235,TRAPPC8,"GSG1,HST2706,KIAA1012,TRS85",ENSG00000153339,29169,22878,GSG1,ENSG
236,PRNP,"ALTPRP,CD230,CJD,GSS,PRIP,PRP",ENSG00000171867,9449,5621,GSS,ENSG
237,GTF2IP4,GTF2I,ENSG00000293241,,100093631,GTF2I,ENSG
238,APEX1,"APE,APE-1,APEN,APEX,APX,HAP1,REF-1,REF1",ENSG00000100823,587,328,HAP1,ENSG
239,DTD1,"BA379J5.3,BA555E18.1,C20ORF88,DUEB,HARS2,MGC119131,MGC41905,PQN-68",ENSG00000125821,16219,92675,HARS2,ENSG
240,DDX18,"HAS1,MRDB",ENSG00000088205,2741,8886,HAS1,ENSG
241,HNF1A-AS1,"C12ORF27,FLJ38690,HAS1,HASTER,NCRNA00262",ENSG00000241388,26785,283460,HAS1,ENSG
242,ACSBG1,"BG1,BGM,FLJ30320,HBG1,HSBG,KIAA0631,MGC14352",ENSG00000103740,29567,23205,HBG1,ENSG
243,LRP5,"BMND1,EVR1,EVR4,HBM,LR3,LRP7,OPPG,OPS,OPTA1,VBCH2",ENSG00000162337,6697,4041,HBM,ENSG
244,CYCSP5,HCP5,ENSG00000227735,24416,0,HCP5,ENSG
245,CD200R1,"CD200R,HCRTR2,MOX2R,OX2R",ENSG00000163606,24235,131450,HCRTR2,ENSG
246,SLC35A1,"CMP-SIA-TR,CMPST,HCST",ENSG00000164414,11021,10559,HCST,ENSG
247,HECA,"DJ225E12.1,HDC,HDCL,HHDC",ENSG00000112406,21041,51696,HDC,ENSG
248,GATD3,"C21ORF33,D21S2048E,ES1,GATD3A,GT335,HES1,KNP-I,KNP-IA,KNPH,KNPI",ENSG00000160221,1273,8209,HES1,ENSG
249,IL6,"BSF2,HGF,HSF,IFNB2,IL-6",ENSG00000136244,6018,3569,HGF,ENSG
250,SOS1,"GF1,GINGF,HGF",ENSG00000115904,11187,6654,HGF,ENSG
251,KCNA4,"HK1,HPCN2,KCNA4L,KV1.4,PCN2",ENSG00000182255,6222,3739,HK1,ENSG
252,HOOK1,HK1,ENSG00000134709,19884,51361,HK1,ENSG
253,KIF2A,"HK2,KIF2",ENSG00000068796,6318,3796,HK2,ENSG
254,KCNA5,"HK2,HPCN1,KV1.5",ENSG00000130037,6224,3741,HK2,ENSG
255,HOOK2,HK2,ENSG00000095066,19885,29911,HK2,ENSG
256,HOOK3,HK3,ENSG00000168172,23576,84376,HK3,ENSG
257,HFE,"HFE1,HLA-H",ENSG00000010704,4886,3077,HLA-H,ENSG
258,EPAS1,"BHLHE73,HIF2A,HLF,MOP2,PASD2",ENSG00000116016,3374,2034,HLF,ENSG
259,DLC1,"ARHGAP7,DLC-1,HP,P122-RHOGAP,STARD12",ENSG00000288673,2897,10395,HP,ENSG
260,CACNA1A,"APCA,CACNL1A4,CAV2.1,EA2,FHM,HPCA,MHP,MHP1,SCA6",ENSG00000141837,1388,773,HPCA,ENSG
261,ZNF83,"FLJ11015,HPF1,ZNF816B",ENSG00000167766,13158,55769,HPF1,ENSG
262,NRG1,"GGF,HGL,HRG,NDF,NRG1-IT2",ENSG00000157168,7997,3084,HRG,ENSG
263,DHX8,"DDX8,DHR2,HRH1,PRP22,PRPF22",ENSG00000067596,2749,1659,HRH1,ENSG
264,DHX15,"DBP1,DDX15,HRH2,PRP43,PRPF43,PRPP43P",ENSG00000109606,2738,1665,HRH2,ENSG
265,HS3ST6,HS3ST5,ENSG00000162040,14178,64711,HS3ST5,ENSG
266,HSD17B7P2,"BA291L22.1,HSD17B7",ENSG00000099251,28120,0,HSD17B7,ENSG
267,CAPN5,"ADNIV,HTRA3,NCL-3,VRNI",ENSG00000149260,1482,726,HTRA3,ENSG
268,SLC6A4,"5-HTT,HTT,OCD1,SERT1",ENSG00000108576,11050,6532,HTT,ENSG
269,HYDIN2,HYDINP1,ENSG00000276975,33129,0,HYDINP1,ENSG
270,IFNA1,"IFL,IFN,IFN-ALPHA,IFN-ALPHAD,IFNA13,IFNA@",ENSG00000197919,5417,3439,IFNA13,ENSG
271,KCNN4,"HIKCA1,HKCA4,HSK4,IK,KCA3.1",ENSG00000104783,6293,3783,IK,ENSG
272,MYDGF,"C19ORF10,IL-25,IL-27,IL25,IL27,IL27W,R33729_1,SF20",ENSG00000074842,16948,56005,IL25,ENSG
273,IL17D,"FLJ30846,IL-17D,IL-27,IL27",ENSG00000172458,5984,53342,IL27,ENSG
274,MYDGF,"C19ORF10,IL-25,IL-27,IL25,IL27,IL27W,R33729_1,SF20",ENSG00000074842,16948,56005,IL27,ENSG
275,SPPL2A,"IMP3,PSL2",ENSG00000138600,30227,84888,IMP3,ENSG
276,IGF2BP3,"CT98,IMP-3,IMP3",ENSG00000136231,28868,10643,IMP3,ENSG
277,IPO4,"FLJ23338,IMP4",ENSG00000285248,19426,79711,IMP4,ENSG
278,SPPL2B,"IMP4,KIAA1532,PSL1",ENSG00000005206,30627,56928,IMP4,ENSG
279,INGX,"ING1-LIKE,ING2",ENSG00000243468,6064,0,ING2,ENSG
280,PMPCA,"ALPHA-MPP,CLA1,INPP5E,KIAA0123,MAS2,SCAR2",ENSG00000165688,18667,23203,INPP5E,ENSG
281,SPATA17,"CFAP305,FAP305,IQCH,MOT17",ENSG00000162814,25184,128153,IQCH,ENSG
282,RAB43,"ISY1,RAB11B,RAB41",ENSG00000172780,19983,339122,ISY1,ENSG
283,KCNMB3,"KCNMB2,KCNMBL",ENSG00000171121,6287,27094,KCNMB2,ENSG
284,SP6,"EPFN,KLF14",ENSG00000189120,14530,80320,KLF14,ENSG
285,KLHL7,"KLHL6,RP42,SBBI26",ENSG00000122550,15646,55975,KLHL6,ENSG
286,KLKB1,KLK3,ENSG00000164344,6371,3818,KLK3,ENSG
287,KLK1,KLK6,ENSG00000167748,6357,3816,KLK6,ENSG
288,KLK6,"BSSP,KLK7,NEUROSIN,PRSS18,PRSS9",ENSG00000167755,6367,5653,KLK7,ENSG
289,KPNA6,"FLJ11249,IPOA7,KPNA7,MGC17918",ENSG00000025800,6399,23633,KPNA7,ENSG
290,KRT6A,"CK6C,CK6D,K6C,K6D,KRT6C,KRT6D",ENSG00000205420,6443,3853,KRT6C,ENSG
291,KRTAP5-9,"KRN1,KRTAP5-1,KRTAP5.9",ENSG00000254997,23604,3846,KRTAP5-1,ENSG
292,KRTAP5-5,"KRTAP5-11,KRTAP5.5",ENSG00000291443,23601,439915,KRTAP5-11,ENSG
293,KRTAP5-8,"KRTAP5-2,KRTAP5.8,UHSKERB",ENSG00000241233,23603,57830,KRTAP5-2,ENSG
294,KRTAP5-7,"KRTAP5-3,KRTAP5.7",ENSG00000244411,23602,440050,KRTAP5-3,ENSG
295,KRTAP5-11,"KRTAP5-6,KRTAP5.11",ENSG00000204571,23606,440051,KRTAP5-6,ENSG
296,KRTAP5-2,"KRTAP5-8,KRTAP5.2",ENSG00000291434,23597,440021,KRTAP5-8,ENSG
297,KRTAP5-3,"KRTAP5-9,KRTAP5.3",ENSG00000291435,23598,387266,KRTAP5-9,ENSG
298,CNKSR2,"CNK2,KIAA0902,KSR2",ENSG00000149970,19701,22866,KSR2,ENSG
299,LAMA4,LAMA3,ENSG00000112769,6484,3910,LAMA3,ENSG
300,LAMC1,LAMB2,ENSG00000135862,6492,3915,LAMB2,ENSG
301,SPNS1,"HSPIN1,LAT,NRS,PP2030,SLC63A1,SPIN1,SPINL",ENSG00000169682,30621,83985,LAT,ENSG
302,SLC7A8,"LAT2,LPI-PC1",ENSG00000092068,11066,23428,LAT2,ENSG
303,SMIM29,"C6ORF1,LBH,MGC57858",ENSG00000186577,1340,221491,LBH,ENSG
304,TOX4,"C14ORF92,KIAA0737,LCP1",ENSG00000092203,20161,9878,LCP1,ENSG
305,LDB2,"CLIM1,LDB1",ENSG00000169744,6533,9079,LDB1,ENSG
306,LGALS3,"GALIG,LGALS2,MAC-2",ENSG00000131981,6563,3958,LGALS2,ENSG
307,LHFPL3,LHFPL4,ENSG00000187416,6589,375612,LHFPL4,ENSG
308,LRIG1,"DKFZP586O1624,LIG-1,LIG1",ENSG00000144749,17360,26018,LIG1,ENSG
309,SCGB1D1,"LIPA,LPHA,MGC71958",ENSG00000168515,18395,10648,LIPA,ENSG
310,LNPK,"KIAA1715,LNP,LNP1,UL",ENSG00000144320,21610,80856,LNP1,ENSG
311,C1D,"LRP1,RRP47,SUN-COR,SUNCOR",ENSG00000197223,29911,10438,LRP1,ENSG
312,ANKRD37,LRP2BP,ENSG00000186352,29593,353322,LRP2BP,ENSG
313,CORIN,"ATC2,CRN,LRP4,PRSC,TMPRSS10",ENSG00000145244,19012,10699,LRP4,ENSG
314,LRTOMT,"CFAP111,COMT2,DFNB63,LRRC51,LRTOMT1,LRTOMT2",ENSG00000284922,25033,220074,LRRC51,ENSG
315,LRCH4,"LRN,LRRN1",ENSG00000077454,6691,4034,LRRN1,ENSG
316,LTBP3,LTBP2,ENSG00000168056,6716,4054,LTBP2,ENSG
317,LTBP2,"C14ORF141,LTBP3",ENSG00000119681,6715,4053,LTBP3,ENSG
318,LY6G6F,"C6ORF21,G6F,LY6G6D,NG32",ENSG00000204424,13933,259215,LY6G6D,ENSG
319,LYPLAL1-DT,LYPLAL1-AS1,ENSG00000228063,50560,643723,LYPLAL1-AS1,ENSG
320,ETFA,"EMA,GA2,MADD",ENSG00000140374,3481,2108,MADD,ENSG
321,KLRG1,"2F1,CLEC15A,MAFA,MAFA-L",ENSG00000139187,6380,10219,MAFA,ENSG
322,MILIP,"MAFG-AS1,MAFG-DT",ENSG00000265688,43649,92659,MAFG-AS1,ENSG
323,ERCC2,"EM9,MAG,MGC102762,MGC126218,MGC126219,XPD",ENSG00000104884,3434,2068,MAG,ENSG
324,MAGEA2B,"MAGE2,MAGEA2,MGC16973,MAGE2,MAGEA2,MGC16973",ENSG00000183305,19340,4101,MAGEA2,ENSG
325,MAGEC2,"CT10,HCA587,MAGE-C2,MAGEE1",ENSG00000046774,13574,51438,MAGEE1,ENSG
326,CNKSR3,"FLJ31349,MAGI1",ENSG00000153721,23034,154043,MAGI1,ENSG
327,ALPK3,"KIAA1330,MAK,MIDORI",ENSG00000136383,17574,57538,MAK,ENSG
328,MRTFA,"BSAC,KIAA1438,MAL,MKL,MKL1,MRTF-A",ENSG00000196588,14334,57591,MAL,ENSG
329,TIRAP,"MAL,WYATT",ENSG00000150455,17192,114609,MAL,ENSG
330,METAP1,"KIAA0094,MAP1A,METAP1A",ENSG00000164024,15789,23173,MAP1A,ENSG
331,METAP2,"MAP2,MNPEP,P67",ENSG00000111142,16672,10988,MAP2,ENSG
332,PMPCB,"BETA-MPP,MAS1,MPPB,MPPP52",ENSG00000105819,9119,9512,MAS1,ENSG
333,CLASP1,"KIAA0622,MAST1",ENSG00000074054,17088,23332,MAST1,ENSG
334,MBL2,"COLEC1,MBL,MBP,MBP-C,MBP1",ENSG00000165471,6922,4153,MBP,ENSG
335,PRG2,"BMPG,MBP,PROMBP",ENSG00000186652,9362,5553,MBP,ENSG
336,MCM7,"CDC47,MCM2,PPP1R104",ENSG00000166508,6950,4176,MCM2,ENSG
337,MCRIP2P2,"FAM195DP,MCRIP2P1",ENSG00000270920,49631,0,MCRIP2P1,ENSG
338,PCDHB16,"KIAA1621,ME1,PCDH-BETA16,PCDH3X,PCDHB8A",ENSG00000291684,14546,57717,ME1,ENSG
339,CELSR1,"ADGRC1,CDHF9,FMI2,HFMI2,ME2",ENSG00000075275,1850,9620,ME2,ENSG
340,PCDHB11,"ME2,PCDH-BETA11",ENSG00000291690,8682,56125,ME2,ENSG
341,PCDHGA5,"CDH-GAMMA-A5,ME3,PCDH-GAMMA-A5",ENSG00000253485,8703,56110,ME3,ENSG
342,MBD4,MED1,ENSG00000129071,6919,8930,MED1,ENSG
343,MED22,"MED24,SRB6,SURF5",ENSG00000281022,11477,6837,MED24,ENSG
344,MED9,"FLJ10193,MED25",ENSG00000141026,25487,55090,MED25,ENSG
345,MEIS3P1,"MEIS3,MEIS4,MRG2",ENSG00000179277,7002,0,MEIS3,ENSG
346,SLTM,"FLJ13213,MET",ENSG00000137776,20709,79811,MET,ENSG
347,MGAM,MGA,ENSG00000257335,7043,8972,MGA,ENSG
348,MOGAT1,"DGAT2L,DGAT2L1,MGAT1",ENSG00000124003,18210,116255,MGAT1,ENSG
349,MOGAT2,"DGAT2L5,FLJ22644,MGAT2",ENSG00000166391,23248,80168,MGAT2,ENSG
350,MOGAT3,"DC7,DGAT2L2,MGAT3",ENSG00000106384,23249,346606,MGAT3,ENSG
351,CFAP73,"CCDC42B,MIA2",ENSG00000186710,37100,387885,MIA2,ENSG
352,CASP14,"CASPASE-14,MGC119078,MGC119079,MICE",ENSG00000105141,1502,23581,MICE,ENSG
353,MIURF,"AltMiD51,AltMIEF1,MIEF1,MIEF1-MP",ENSG00000285025,,127898561,MIEF1,ENSG
354,S100A9,"60B8AG,CAGB,CFAG,CGLB,LIAG,MAC387,MIF,MRP-14,MRP14,NIF,P14,S100-A9",ENSG00000163220,10499,6280,MIF,ENSG
355,AMH,"MIF,MIS",ENSG00000104899,464,268,MIF,ENSG
356,TNPO1,"IPO2,KPNB2,MIP,MIP1,TRN",ENSG00000083312,6401,3842,MIP,ENSG
357,MIPEP,MIP,ENSG00000027001,7104,4285,MIP,ENSG
358,MAFIP,"FLJ00219,FLJ35473,FLJ39633,MIP,PP5644,TEKT4P4",ENSG00000274847,31102,727764,MIP,ENSG
359,MIR499B,"HSA-MIR-499A,MIR499A",ENSG00000283441,41640,100616134,MIR499A,ENSG
360,MYL1,"MLC-1,MLC1,MLC1/3,MLC1F,MLC3F",ENSG00000168530,7582,4632,MLC1,ENSG
361,MRLN,"LINC-RAM,LINC00948,M1,MLN,MUSER1",ENSG00000227877,48649,100507027,MLN,ENSG
362,MMP25,"MMP20,MMPL1,MT6-MMP",ENSG00000008516,14246,64386,MMP20,ENSG
363,MMP23A,"MIFR,MMP21",ENSG00000215914,7170,0,MMP21,ENSG
364,MOCOS,"FLJ20733,HMCS,MCS,MOS",ENSG00000075643,18234,55034,MOS,ENSG
365,LNX1,"LNX,MPDZ,PDZRN2",ENSG00000072201,6657,84708,MPDZ,ENSG
366,KIF20B,"CT90,KRMP1,MPHOSPH1,MPP1",ENSG00000138182,7212,9585,MPP1,ENSG
367,FOXM1,"FKHL16,HFH-11,HNF-3,INS-1,MPHOSPH2,MPP2,TGT3,TRIDENT",ENSG00000111206,3818,2305,MPP2,ENSG
368,ILF3,"DRBP76,MPHOSPH4,MPP4,MPP4110,NF110,NF110B,NF90,NF90A,NF90C,NF90CTV,NFAR-1,NFAR-2,NFAR110,NFAR90,TCP110",ENSG00000129351,6038,3609,MPP4,ENSG
369,CHAF1B,"CAF-1,CAF1,CAF1A,CAF1P60,MPHOSPH7,MPP7",ENSG00000159259,1911,8208,MPP7,ENSG
370,MRPL41,"BMRP,ML41,MRP-L27,MRPL27,PIG3,RPML27",ENSG00000182154,14492,64975,MRPL27,ENSG
371,MRPS35,"MDS023,MRPS28,MS35",ENSG00000061794,16635,60488,MRPS28,ENSG
372,MRPS28,"HSPC007,MRP-S28,MRPS35",ENSG00000147586,14513,28957,MRPS35,ENSG
373,MS4A12,"FLJ20217,MS4A10",ENSG00000071203,13370,54860,MS4A10,ENSG
374,MS4A4A,"CD20L1,MS4A4,MS4A7",ENSG00000110079,13371,51338,MS4A7,ENSG
375,MS4A7,"CD20L4,CFFM4,MS4A8",ENSG00000166927,13378,58475,MS4A8,ENSG
376,SNRPB2,"MSL1,U2B''",ENSG00000125870,11155,6629,MSL1,ENSG
377,STK4,"KRS2,MST1,YSK3",ENSG00000101109,11408,6789,MST1,ENSG
378,SH2D1A,"DSHP,EBVS,IMD5,LYP,MTCP1,SAP,XLP,XLPD",ENSG00000183918,10820,4068,MTCP1,ENSG
379,MYT1,"MTF1,MYTI,NZF2,PLPB1,ZC2H2C1,ZC2HC4A",ENSG00000196132,7622,4661,MTF1,ENSG
380,MELTF,"CD228,FLJ38863,MAP97,MFI2,MGC4856,MTF,MTF1",ENSG00000163975,7037,4241,MTF1,ENSG
381,MTFR2P2,MTFR2P1,ENSG00000235647,54774,0,MTFR2P1,ENSG
382,MTMR9,"C8ORF9,DKFZP434K171,LIP-STYX,MTMR8",ENSG00000285032,14596,66036,MTMR8,ENSG
383,MT-TP,"MTTP,TRNP",ENSG00000210196,7494,0,MTTP,ENSG
384,MYH7B,"DJ756N5.1,KIAA1512,LNCMYH7B,MHC14,MYH14",ENSG00000078814,15906,57644,MYH14,ENSG
385,ZBTB32,"FAXF,FAZF,MYNN,ROG,TZFP,ZNF538",ENSG00000011590,16763,27033,MYNN,ENSG
386,MYO1E,"HUNCM-IC,MGC104638,MYO1C",ENSG00000157483,7599,4643,MYO1C,ENSG
387,PKMYT1,"MYT1,PPP1R126",ENSG00000127564,29650,9088,MYT1,ENSG
388,TNIP1,"ABIN-1,KIAA0113,NAF1,VAN",ENSG00000145901,16903,10318,NAF1,ENSG
389,NANOGP4,NANOGP2,ENSG00000237065,23102,0,NANOGP2,ENSG
390,NANOGP7,NANOGP3,ENSG00000276238,23105,0,NANOGP3,ENSG
391,NANOGP2,NANOGP4,ENSG00000228670,23100,0,NANOGP4,ENSG
392,NAPSA,"KAP,KDAP,NAP1,NAPA",ENSG00000131400,13395,9476,NAPA,ENSG
393,NAPSB,"NAP1L,NAP2,NAPB,NAPSBP",ENSG00000131401,13396,0,NAPB,ENSG
394,RNF138,"NARF,STRIN",ENSG00000134758,17765,51444,NARF,ENSG
395,SLC6A2,"NAT1,NET,NET1,SLC6A5",ENSG00000103546,11048,6530,NAT1,ENSG
396,EIF4G2,"DAP5,NAT1,P97",ENSG00000110321,3297,1982,NAT1,ENSG
397,SLC38A1,"ATA1,NAT2,SAT1,SNAT1",ENSG00000111371,13447,81539,NAT2,ENSG
398,ARTN,"ENOVIN,EVN,NBN",ENSG00000117407,727,9048,NBN,ENSG
399,NEK9,"DKFZP434D0935,MGC16714,NEK8,NERCC,NERCC1",ENSG00000119638,18591,91754,NEK8,ENSG
400,SLC6A5,"GLYT-2,GLYT2,NET1",ENSG00000165970,11051,9152,NET1,ENSG
401,PRPF38B,"FLJ10330,NET1",ENSG00000134186,25512,55119,NET1,ENSG
402,NTN1,"NET1,NTN1L",ENSG00000065320,8029,9423,NET1,ENSG
403,SLC6A2,"NAT1,NET,NET1,SLC6A5",ENSG00000103546,11048,6530,NET1,ENSG
404,GTPBP4,"CRFG,FLJ10686,FLJ10690,NGB,NOG1",ENSG00000107937,21535,23560,NGB,ENSG
405,GPI,"AMF,NLK",ENSG00000105220,4458,2821,NLK,ENSG
406,GPNMB,"HGFIN,NMB",ENSG00000136235,4462,10457,NMB,ENSG
407,RMRP,"CHH,NME1,RMRPR,RRP2",ENSG00000277027,10031,6023,NME1,ENSG
408,MYO1C,"MYOIC,MYR2,NMI",ENSG00000197879,7597,4641,NMI,ENSG
409,LTB4R2,"BLT2,BLTR2,JULF2,NOP9",ENSG00000285203,19260,56413,NOP9,ENSG
410,NANOS1,"NOS1,ZC2HC12A",ENSG00000188613,23044,340719,NOS1,ENSG
411,NANOS2,"NOS2,ZC2HC12B",ENSG00000188425,23292,339345,NOS2,ENSG
412,NANOS3,"NANOS1L,NOS3,ZC2HC12C",ENSG00000288505,22048,342977,NOS3,ENSG
413,NPRL2,"NPR2,NPR2L,TUSC4",ENSG00000114388,24969,10641,NPR2,ENSG
414,NPRL3,"C16ORF35,CGTHBA,HS-40,MARE,NPR3,RMD11",ENSG00000103148,14124,8131,NPR3,ENSG
415,NOL6,"BA311H10.1,FLJ21959,MGC14896,MGC14921,MGC20838,NRAP,UTP22",ENSG00000165271,19910,65083,NRAP,ENSG
416,NFE2L1,"FLJ00380,LCR-F1,NRF-1,NRF1,TCF11",ENSG00000082641,7781,4779,NRF1,ENSG
417,NELL2,NRP2,ENSG00000184613,7751,4753,NRP2,ENSG
418,KANSL1,"CENP-36,DKFZP727C091,KIAA1267,MSL1V1,NSL1",ENSG00000275867,24565,284058,NSL1,ENSG
419,MLF2,NTN4,ENSG00000089693,7126,8079,NTN4,ENSG
420,NTNG2,"KIAA1857,LMNT2,NETRING2,NTNG1",ENSG00000196358,14288,84628,NTNG1,ENSG
421,SLC25A21,"ODC,ODC1",ENSG00000183032,14411,89874,ODC1,ENSG
422,AZIN2,"ADC,KIAA1945,ODC-P,ODC1L,ODCP",ENSG00000142920,29957,113451,ODCP,ENSG
423,MED12,"ARC240,CAGH45,FGS1,HOPA,KIAA0192,KTO,OKS,OPA1,TNRC11,TRAP230",ENSG00000184634,11957,9968,OPA1,ENSG
424,SLC25A15,"D13S327,HHH,ORC1,ORNT1",ENSG00000102743,10985,10166,ORC1,ENSG
425,CCM2,"C7ORF22,MGC4607,OSM",ENSG00000136280,21708,83605,OSM,ENSG
426,OSER1,"C20ORF111,DJ1183I21.1,HSPC207,OSR1,PERIT1",ENSG00000132823,16105,51526,OSR1,ENSG
427,OXSR1,"KIAA1101,OSR1",ENSG00000172939,8508,9943,OSR1,ENSG
428,HCRTR1,"ORXR1,OX1R,OXR1",ENSG00000121764,4848,3061,OXR1,ENSG
429,PKN1,"DBK,MGC46204,PAK1,PKN,PRK1,PRKCL1",ENSG00000123143,9405,5585,PAK1,ENSG
430,ARHGEF7,"BETA-PIX,COOL1,DKFZP686C12170,DKFZP761K1021,KIAA0142,NBLA10314,P50,P50BP,P85,P85COOL1,P85SPR,PAK3,PIXB",ENSG00000102606,15607,8874,PAK3,ENSG
431,PAK6,"PAK5,PAK5",ENSG00000137843,16061,56924,PAK5,ENSG
432,MYCBP2,"FLJ10106,KIAA0916,PAM,PHR1",ENSG00000005810,23386,23077,PAM,ENSG
433,NLRP4,"CLR19.5,CT58,FLJ32126,NALP4,PAN2,PYPAF4,RNH2",ENSG00000160505,22943,147945,PAN2,ENSG
434,RDH14,"PAN2,SDR7C4",ENSG00000240857,19979,57665,PAN2,ENSG
435,NLRP6,"CLR11.4,NALP6,PAN3,PYPAF5",ENSG00000174885,22944,171389,PAN3,ENSG
436,PBX2P1,"PBX2,PBXP1",ENSG00000244171,8635,0,PBX2,ENSG
437,PODXL,"GP135,GP200,PC,PCLP,PDX,PODXL1",ENSG00000128567,9171,5420,PC,ENSG
438,MBD1,"CXXC3,PCM1",ENSG00000141644,6916,4152,PCM1,ENSG
439,PNKD,"BRP17,DKFZP564N1362,DYT8,FKSG19,FPD1,KIAA1184,KIPP1184,MGC31943,MR-1,MR-1S,PDC,PKND1,TAHCCP2",ENSG00000127838,9153,25953,PDC,ENSG
440,GDF15,"MIC-1,MIC1,NAG-1,PDF,PLAB,PTGFB",ENSG00000130513,30142,9518,PDF,ENSG
441,PDPK1,PDK1,ENSG00000140992,8816,5170,PDK1,ENSG
442,PLPP6,"FLJ46512,FLJ90191,PDP1,PPAPDC2",ENSG00000205808,23682,403313,PDP1,ENSG
443,PDHX,"DLDBP,E3BP,OPDX,PDX1,PROX",ENSG00000110435,21350,8050,PDX1,ENSG
444,PGAP3,"CAB2,MGC9753,PER1,PERLD1,PP1498",ENSG00000161395,23719,93210,PER1,ENSG
445,PGAM4,"DJ1000K24.1,PGAM-B,PGAM1,PGAM3",ENSG00000226784,21731,441531,PGAM1,ENSG
446,PGPEP1,"PCP,PGP,PGP-I,PGPI",ENSG00000130517,13568,54858,PGP,ENSG
447,TPGS1,"C19ORF20,GTRGEO22,PGS1",ENSG00000141933,25058,91978,PGS1,ENSG
448,PGF,"D12S1900,PGFL,PIGF,PLGF,PLGF-2,SHGC-10760",ENSG00000119630,8893,5228,PIGF,ENSG
449,LONP1,"HLON,LONHS,PIM1,PRSS15",ENSG00000196365,9479,9361,PIM1,ENSG
450,SFI1,"KIAA0542,PISD,PPP1R139",ENSG00000198089,29064,9814,PISD,ENSG
451,PRKD2,"DKFZP586E0820,HSPC187,PKD2",ENSG00000105287,17293,25865,PKD2,ENSG
452,PKNOX2-DT,PKNOX2-AS1,ENSG00000254880,50690,103695364,PKNOX2-AS1,ENSG
453,LGALS13,"PLAC8,PP13",ENSG00000105198,15449,29124,PLAC8,ENSG
454,PRKCSH,"80K-H,AGE-R2,G19P1,GIIB,GIIBETA,GLUIIBETA,PCLD,PKCSH,PLD1,VASAP-60",ENSG00000130175,9411,5589,PLD1,ENSG
455,PXMP2,"MPV17L3,PMP22",ENSG00000176894,9716,5827,PMP22,ENSG
456,PMS2CL,PMS2P13,ENSG00000187953,30061,0,PMS2P13,ENSG
457,PPY,PNP,ENSG00000108849,9327,5539,PNP,ENSG
458,POLQ,POLH,ENSG00000051341,9186,10721,POLH,ENSG
459,TENT4A,"LAK-1,PAPD7,POLK,POLS,TRF4,TRF4-1",ENSG00000112941,16705,11044,POLK,ENSG
460,POLK,"DINB1,DINP,POLQ",ENSG00000122008,9183,51426,POLQ,ENSG
461,POMZP3,"POM-ZP3,POM121",ENSG00000146707,9203,22932,POM121,ENSG
462,NT5C3A,"CN-III,HUMP1,NT5C3,P36,P5'N-1,PN-I,POMP,PSN1,UMPH,UMPH1",ENSG00000122643,17820,51251,POMP,ENSG
463,PYDC1,"ASC2,POP1",ENSG00000169900,30261,260434,POP1,ENSG
464,BVES,"HBVES,POP1,POPDC1",ENSG00000112276,1152,11149,POP1,ENSG
465,NLRP2B,"CLRX.1,NALP2P,NLRP2P,NOD24,POP4",ENSG00000215174,29887,286430,POP4,ENSG
466,PORCN,"DHOF,MG61,POR,PORC,PPN",ENSG00000102312,17652,64840,POR,ENSG
467,COASY,"DPCK,NBP,PPAT",ENSG00000068120,29932,80347,PPAT,ENSG
468,HCRT,"OX,PPOX",ENSG00000161610,4847,3060,PPOX,ENSG
469,RBL1,"CP107,P107,PRB1",ENSG00000080839,9893,5933,PRB1,ENSG
470,PRDX5,"ACR1,AOEB166,B166,MGC117264,MGC142283,MGC142285,PLP,PMP20,PRDX6,PRXV,SBBI10",ENSG00000126432,9355,25824,PRDX6,ENSG
471,PITRM1,"HMP1,KIAA1104,MP1,PREP",ENSG00000107959,17663,10531,PREP,ENSG
472,PLPPR3,"FLJ11535,LPPR3,PRG-2,PRG2",ENSG00000282283,23497,79948,PRG2,ENSG
473,PXDN,"D2S448,D2S448E,KIAA0230,MG50,PRG2,PXN",ENSG00000130508,14966,7837,PRG2,ENSG
474,AIFM2,"AMID,FLJ14497,FSP1,PRG3",ENSG00000042286,21411,84883,PRG3,ENSG
475,PRODH,"HSPOX2,PIG6,POX,PRODH1,PRODH2,TP53I6",ENSG00000100033,9453,5625,PRODH2,ENSG
476,NECTIN4,"LNIR,NECTIN-4,PRR4,PVRL4",ENSG00000143217,19688,81607,PRR4,ENSG
477,PRDX6,"1-CYS,AIPLA2,AOP2,KIAA0106,MGC46173,NSGPX,P29,PRX",ENSG00000117592,16753,9588,PRX,ENSG
478,MTCH1,"CGI-64,PSAP,SLC25A49",ENSG00000137409,17586,23787,PSAP,ENSG
479,PSG2,"CEA,PSBG2,PSG1,PSGGB",ENSG00000242221,9519,5670,PSG1,ENSG
480,PSG9,"PSG11,PSGII",ENSG00000183668,9526,5678,PSG11,ENSG
481,PTENP1,"PSIPTEN,PTEN-RS,PTEN2,PTENPG1,PTH2",ENSG00000237984,9589,0,PTH2,ENSG
482,PTRH2,"BIT1,CFAP37,CGI-147,PTH2",ENSG00000141378,24265,51651,PTH2,ENSG
483,PTPRA,"HLPR,HPTPA,LRP,PTPA,PTPRL2,RPTPA",ENSG00000132670,9664,5786,PTPA,ENSG
484,AGAP12P,"CTGLF12P,PTPN20CP",ENSG00000290627,,414224,PTPN20CP,ENSG
485,PTPRU,"FMI,HPTP-J,PCP-2,PTP,PTPRO",ENSG00000060656,9683,10076,PTPRO,ENSG
486,PTPRR,"EC-PTP,PCPTP1,PTP-SL,PTPBR7,PTPRQ",ENSG00000153233,9680,5801,PTPRQ,ENSG
487,MB,PVALB,ENSG00000198125,6915,4151,PVALB,ENSG
488,PXDN,"D2S448,D2S448E,KIAA0230,MG50,PRG2,PXN",ENSG00000130508,14966,7837,PXN,ENSG
489,RAB43,"ISY1,RAB11B,RAB41",ENSG00000172780,19983,339122,RAB11B,ENSG
490,RAB43,"ISY1,RAB11B,RAB41",ENSG00000172780,19983,339122,RAB41,ENSG
491,RAB42P1,"RAB42,RAB42P",ENSG00000230997,19799,0,RAB42,ENSG
492,RNASE1,"RAC1,RNS1",ENSG00000129538,10044,6035,RAC1,ENSG
493,NCOA3,"ACTR,AIB1,BHLHE42,CAGH16,KAT13B,P/CIP,RAC3,SRC-3,SRC3,TNRC16,TRAM-1",ENSG00000124151,7670,8202,RAC3,ENSG
494,ERCC4,"FANCQ,RAD1,XPF",ENSG00000175595,3436,2072,RAD1,ENSG
495,RNASE6,"RAD1,RNASEK6,RNS6",ENSG00000169413,10048,6039,RAD1,ENSG
496,RNASE7,RAE1,ENSG00000165799,19278,84659,RAE1,ENSG
497,RNASE3,"ECP,RAF1,RNS3",ENSG00000169397,10046,6037,RAF1,ENSG
498,RNASE12,RAI1,ENSG00000258436,24211,493901,RAI1,ENSG
499,RIN2,RASSF4,ENSG00000132669,18750,54453,RASSF4,ENSG
500,PRKRA,"DYT16,HSD14,PACT,RAX",ENSG00000180228,9438,8575,RAX,ENSG
501,SEMA3F-AS1,RBM5-AS1,ENSG00000235016,40518,100129060,RBM5-AS1,ENSG
502,ARID4A,"RBBP1,RBP-1,RBP1",ENSG00000032219,9885,5926,RBP1,ENSG
503,RIMBP2,"KIAA0318,MGC15831,PPP1R133,RBP2,RIM-BP2",ENSG00000060709,30339,23504,RBP2,ENSG
504,E2F1,"RBBP3,RBP3",ENSG00000101412,3113,1869,RBP3,ENSG
505,CRABP1,"CRABP,CRABP-I,CRABPI,RBP5",ENSG00000166426,2338,1381,RBP5,ENSG
506,KCTD11,"C17ORF36,KCASH1,REN",ENSG00000288399,21302,147040,REN,ENSG
507,SLC19A1,"FOLT,HRFC,IFC-1,RFC,RFC1,RFT-1",ENSG00000173638,10937,6573,RFC1,ENSG
508,RGPD1,RGP1,ENSG00000187627,32414,400966,RGP1,ENSG
509,RGL4,RGR,ENSG00000159496,31911,266747,RGR,ENSG
510,RGS18,RGS13,ENSG00000150681,14261,64407,RGS13,ENSG
511,RHEBP1,"RHEB,RHEB1",ENSG00000229927,10010,0,RHEB,ENSG
512,RHOD,"ARHD,RHO,RHOHP1",ENSG00000173156,670,29984,RHO,ENSG
513,LRIF1,"C1ORF103,FLJ11269,RIF1",ENSG00000121931,30299,55791,RIF1,ENSG
514,INSL6,RIF1,ENSG00000120210,6089,11172,RIF1,ENSG
515,PRICKLE1,"EPM1B,FLJ31937,RILP",ENSG00000139174,17019,144165,RILP,ENSG
516,INSL3,"MGC119818,MGC119819,RLF,RLNL",ENSG00000248099,6086,3640,RLF,ENSG
517,RNASE10,"RAH1,RNASE9",ENSG00000291813,19275,338879,RNASE9,ENSG
518,RNASEH1P1,"RNASEH1,RNH1",ENSG00000265790,10049,0,RNASEH1,ENSG
519,RNASEH1P1,"RNASEH1,RNH1",ENSG00000265790,10049,0,RNH1,ENSG
520,RNVU1-7,"RNU1-26P,RNU1-6P,RNU1-9,RNU1-9P,RNVU1-9,VU1.7,VU1.9",ENSG00000206585,37500,26864,RNU1-6P,ENSG
521,RNU1-27P,"RNU1-7P,RNU1-7P,RNU1-7P,RNU1-7P",ENSG00000206596,37497,124904613,RNU1-7P,ENSG
522,RNU1-28P,"RNU1-8,RNU1-8P,RNU1-8,RNU1-8P,RNU1-8,RNU1-8P,RNU1-8,RNU1-8P",ENSG00000206588,37498,124904613,RNU1-8P,ENSG
523,RNU12-2P,"RNU12,RNU12P,U12",ENSG00000201659,10109,0,RNU12,ENSG
524,RORA,"NR1F1,ROR-ALPHA,ROR1,ROR2,ROR3,RORA,RORA1,RORALPHA,RZRA",ENSG00000069667,10258,6095,ROR1,ENSG
525,RORA,"NR1F1,ROR-ALPHA,ROR1,ROR2,ROR3,RORA,RORA1,RORALPHA,RZRA",ENSG00000069667,10258,6095,ROR2,ENSG
526,MAPRE2,"EB1,EB2,RP1",ENSG00000166974,6891,10982,RP1,ENSG
527,STK19,"D6S60,G11,RP1",ENSG00000226257,11398,8859,RP1,ENSG
528,TMEM184B-AS1,"RP1,RP1-5O6.5",ENSG00000235246,56716,128385376,RP1,ENSG
529,NUDT19,RP2,ENSG00000213965,32036,390916,RP2,ENSG
530,STK19B,"BPG116M5.10,RP2,STK19P",ENSG00000249480,21668,0,RP2,ENSG
531,POLR1A,"DKFZP586M0122,FLJ21915,RPA1,RPA190,RPO1-4",ENSG00000068654,17264,25885,RPA1,ENSG
532,POLR1B,"FLJ10816,FLJ21921,RPA135,RPA2,RPO1-2",ENSG00000125630,20454,84172,RPA2,ENSG
533,PHACTR1,"DJ257A7.2,KIAA1733,RPEL1",ENSG00000112137,20990,221692,RPEL1,ENSG
534,NEDD4,"KIAA0093,MGC176705,NEDD4-1,RPF1",ENSG00000069869,7727,4734,RPF1,ENSG
535,RPL15,"EC45,EL15,L15,RPL10,RPLY10,RPYL10",ENSG00000174748,10306,6138,RPL10,ENSG
536,MRPL13,"L13,L13A,L13MT,RPL13,RPML13,UL13M",ENSG00000172172,14278,28998,RPL13,ENSG
537,RPL23,"L23,RPL17,UL14",ENSG00000125691,10316,9349,RPL17,ENSG
538,RPL17,"L17,RPL23,UL22",ENSG00000265681,10307,6139,RPL23,ENSG
539,RSL24D1,"C15ORF15,HRP-L30-ISO,L30,RPL24,RPL24L",ENSG00000137876,18479,51187,RPL24,ENSG
540,RPL29P4,"BA632C17A.1,RPL29P3",ENSG00000230202,21482,0,RPL29P3,ENSG
541,RPL36AL,"RPL36A,RPL36AP42",ENSG00000165502,10346,6166,RPL36A,ENSG
542,PSMD2,"MGC14274,P97,RPN1,S2,TRAP2",ENSG00000175166,9559,5708,RPN1,ENSG
543,PSMD1,"P112,RPN2,S1",ENSG00000173692,9554,5707,RPN2,ENSG
544,MRPS12,"RPMS12,RPS12,RPSM12,US12M",ENSG00000283018,10380,6183,RPS12,ENSG
545,RRP1B,"KIAA0179,NNP1,PPP1R136,RRP1",ENSG00000160208,23818,23076,RRP1,ENSG
546,RSC1A1,RS1,ENSG00000215695,10458,6248,RS1,ENSG
547,S100A11P1,"S100A11P,S100A14",ENSG00000237632,10491,0,S100A14,ENSG
548,HRNR,"FLG3,S100A16,S100A18",ENSG00000197915,20846,388697,S100A16,ENSG
549,RNF7,"CKBBP1,RBX2,ROC2,SAG",ENSG00000114125,10070,9616,SAG,ENSG
550,SF3B3,"KIAA0017,RSE1,SAP130,SF3B130",ENSG00000189091,10770,23450,SAP130,ENSG
551,SLC38A1,"ATA1,NAT2,SAT1,SNAT1",ENSG00000111371,13447,81539,SAT1,ENSG
552,SLC38A2,"ATA2,KIAA1382,SAT2,SNAT2",ENSG00000134294,13448,54407,SAT2,ENSG
553,COX7A2L,"COX7AR,COX7RP,EB1,SCAF1,SCAFI,SIG81",ENSG00000115944,2289,9167,SCAF1,ENSG
554,SLC22A5,"CDSP,OCTN2,SCD",ENSG00000197375,10969,6584,SCD,ENSG
555,SGCG,"A4,DAGA4,DMDA,DMDA1,LGMD2C,MAM,MGC130048,SCARMD2,SCG3,TYPE",ENSG00000102683,10809,6445,SCG3,ENSG
556,CTDSP2,"OS4,PSR2,SCP2",ENSG00000175215,17077,10106,SCP2,ENSG
557,SYCP2,SCP2,ENSG00000196074,11490,10388,SCP2,ENSG
558,CCL13,"CKB10,MCP-4,MGC17134,NCC-1,SCYA13,SCYL1",ENSG00000181374,10611,6357,SCYL1,ENSG
559,CCL14,"CKB1,HCC-1,HCC-3,MCIF,NCC-2,SCYA14,SCYL2",ENSG00000277236,10612,6358,SCYL2,ENSG
560,CCL15,"HCC-2,HMRP-2B,LKN-1,MIP-1D,MIP-5,NCC-3,SCYA15,SCYL3",ENSG00000275528,10613,6359,SCYL3,ENSG
561,SBDS,"CGI-97,FLJ10917,SDO1,SDS,SWDS",ENSG00000126524,19440,51119,SDS,ENSG
562,SELENOP,"SELP,SEP,SEPP,SEPP1",ENSG00000250722,10751,6414,SELP,ENSG
563,SERPINB8P1,"PI8L1,SERPINB11,SERPINBP1",ENSG00000217707,8953,0,SERPINB11,ENSG
564,NR5A1,"AD4BP,ELP,FTZ1,FTZF1,HSF-1,SF-1,SF1",ENSG00000136931,7983,2516,SF1,ENSG
565,SF3B2,"CUS1,SAP145,SF3B1,SF3B145",ENSG00000087365,10769,10992,SF3B1,ENSG
566,REXO2,"CGI-114,DKFZP566E144,SFN",ENSG00000076043,17851,25996,SFN,ENSG
567,SGK3,"SGK2,SGKL",ENSG00000104205,10812,23678,SGK2,ENSG
568,PMEL,"D12S53E,GP100,HMB-45,HMB45,ME20,PMEL17,SI,SIL,SILV",ENSG00000185664,10880,6490,SI,ENSG
569,SIGLEC12,"S2V,SIGLEC-12,SIGLEC-L1,SIGLEC-XII,SIGLECL1,SLG",ENSG00000254521,15482,89858,SIGLECL1,ENSG
570,SIRPG,"BA77C3.1,CD172G,SIRP-B2,SIRPB2,SIRPGAMMA",ENSG00000089012,15757,55423,SIRPB2,ENSG
571,SLC6A20,"IMINO,SIT1,XT3,XTRP3",ENSG00000163817,30927,54716,SIT1,ENSG
572,HHAT,"FLJ10724,GUP2,MART-2,MART2,RASP,SIT,SKI,SKN",ENSG00000280680,18270,55733,SKI,ENSG
573,UXT,"ART-27,SKP2,STAP1",ENSG00000126756,12641,8409,SKP2,ENSG
574,SEPSECS,"SECS,SLA,SLA-P35,SLA/LP",ENSG00000109618,30605,51091,SLA,ENSG
575,SLC34A1,"NAPI-3,NPT2,NPTIIA,SLC11,SLC17A2",ENSG00000131183,11019,6569,SLC17A2,ENSG
576,SLC23A2,"KIAA0238,SLC23A1,SVCT2,YSPL2",ENSG00000089057,10973,9962,SLC23A1,ENSG
577,SLC23A1,"SLC23A2,SVCT1,YSPL3",ENSG00000170482,10974,9963,SLC23A2,ENSG
578,SLC4A4,"HHNMC,HNBC1,KNBC,KNBC1,NBC1,NBC2,NBCE1,PNBC,SLC4A5",ENSG00000080493,11030,8671,SLC4A5,ENSG
579,SLC6A2,"NAT1,NET,NET1,SLC6A5",ENSG00000103546,11048,6530,SLC6A5,ENSG
580,SLIT3,"MEGF5,SLIL2,SLIT-3,SLIT1,SLIT2",ENSG00000184347,11087,6586,SLIT1,ENSG
581,SLIT3,"MEGF5,SLIL2,SLIT-3,SLIT1,SLIT2",ENSG00000184347,11087,6586,SLIT2,ENSG
582,SLIT1,"MEGF4,SLIL1,SLIT-1,SLIT3",ENSG00000187122,11085,6585,SLIT3,ENSG
583,FYN,"MGC45350,SLK,SYN",ENSG00000010810,4037,2534,SLK,ENSG
584,LYNX1,SLURP2,ENSG00000180155,29604,66004,SLURP2,ENSG
585,GARS1,"CMT2D,DSMAV,GARS,GLYRS,SMAD1",ENSG00000106105,4162,2617,SMAD1,ENSG
586,SMOC2,SMAP2,ENSG00000112562,20323,64094,SMAP2,ENSG
587,SMOX,"C20ORF16,DJ779E11.1,FLJ20746,MGC1010,PAO,PAOH1,SMO",ENSG00000088826,15862,54498,SMO,ENSG
588,RAI1,"DKFZP434A139,KIAA1820,MGC12824,SMCR,SMS",ENSG00000108557,9834,10743,SMS,ENSG
589,SNORA58,"ACA58,SNORA58B",ENSG00000249020,32652,0,SNORA58B,ENSG
590,SNORD115-45,"HBII-52-45,SNORD115-48",ENSG00000212380,33064,0,SNORD115-48,ENSG
591,SNORD55,"RNU39,RNU55,SNORD39,U39,U55",ENSG00000264294,10205,26811,SNORD39,ENSG
592,SNRPD2,"SM-D2,SNRPD1",ENSG00000125743,11159,6633,SNRPD1,ENSG
593,RNF4,"RES4-26,SLX5,SNURF",ENSG00000063978,10067,6047,SNURF,ENSG
594,SNX33,"MGC32065,SH3PX3,SH3PXD3C,SNX30",ENSG00000173548,28468,257364,SNX30,ENSG
595,SOCS6,"CIS4,CISH4,HSPC060,SOCS4,SSI4,STAI4,STATI4",ENSG00000170677,16833,9306,SOCS4,ENSG
596,SOCS4,SOCS7,ENSG00000180008,19392,122809,SOCS7,ENSG
597,PMP22,"CMT1A,GAS3,HMSNIA,HNPP,SP110",ENSG00000109099,9118,5376,SP110,ENSG
598,SPATS1,"FLJ25442,SPATA8,SRSP1",ENSG00000249481,22957,221409,SPATA8,ENSG
599,SPNS1,"HSPIN1,LAT,NRS,PP2030,SLC63A1,SPIN1,SPINL",ENSG00000169682,30621,83985,SPIN1,ENSG
600,DEAF1,"NUDR,SPN,ZMYND5",ENSG00000282712,14677,10522,SPN,ENSG
601,PPP1R9B,"PPP1R6,PPP1R9,SPINO,SPN",ENSG00000108819,9298,84687,SPN,ENSG
602,CXXC1,"CFP1,CGBP,HCGBP,HST2645,PCCX1,PHF18,SPP1,ZCGPC1",ENSG00000154832,24343,30827,SPP1,ENSG
603,GPKOW,"GPATC5,GPATCH5,MOS2,SPP2,T54",ENSG00000068394,30677,27238,SPP2,ENSG
604,SGPP2,"FLJ39004,SPP2",ENSG00000163082,19953,130367,SPP2,ENSG
605,TACR1,"NK1R,NKIR,SPR,TAC1R",ENSG00000115353,11526,6869,SPR,ENSG
606,SPTBN1-AS1,SPTBN1-AS2,ENSG00000228108,40562,0,SPTBN1-AS2,ENSG
607,SOX9,"CMD1,CMPD1,SRA1",ENSG00000125398,11204,6662,SRA1,ENSG
608,SRGAP3,"ARHGAP14,KIAA0411,MEGAP,SRGAP2,WRP",ENSG00000196220,19744,9901,SRGAP2,ENSG
609,SRMS,"C20ORF148,DJ697K14.1,PTK70,SRM",ENSG00000125508,11298,6725,SRM,ENSG
610,LRP12,"FLJ12929,ST7",ENSG00000147650,31708,29967,ST7,ENSG
611,PMEPA1,"STAG1,TMEPAI",ENSG00000124225,14107,56937,STAG1,ENSG
612,UXT,"ART-27,SKP2,STAP1",ENSG00000126756,12641,8409,STAP1,ENSG
613,GUCY2C,"GC-C,GCC,GUC2C,HSER,STAR",ENSG00000070019,4688,2984,STAR,ENSG
614,STK24,"MST-3,MST3,MST3B,STE20,STK3",ENSG00000102572,11403,8428,STK3,ENSG
615,TTC5,STRAP,ENSG00000136319,19274,91875,STRAP,ENSG
616,SRFBP1,"BUD22,FLJ25286,P49,RLB1,STRAP",ENSG00000151304,26333,153443,STRAP,ENSG
617,SULT1C4,"SULT1C,SULT1C2",ENSG00000198075,11457,27233,SULT1C2,ENSG
618,PAPPA-AS1,"DIPAS,NCRNA00156,PAPPA-AS,PAPPAS,TAF2C2,TAF4B,TAFII105",ENSG00000256040,35152,493913,TAF4B,ENSG
619,SEC14L2,"C22ORF6,KIAA1186,KIAA1658,SPF,TAP,TAP1",ENSG00000100003,10699,23541,TAP1,ENSG
620,SEC14L3,TAP2,ENSG00000100012,18655,266629,TAP2,ENSG
621,TBC1D3B,"PRC17,TBC1D3I",ENSG00000282750,27011,414059,TBC1D3I,ENSG
622,TCEA1P2,TCEA1,ENSG00000230409,29891,0,TCEA1,ENSG
623,TCF7L1,TCF3,ENSG00000152284,11640,83439,TCF3,ENSG
624,TCF7L2,"TCF-4,TCF4",ENSG00000148737,11641,6934,TCF4,ENSG
625,TENM1,"ODZ1,ODZ3,TEN-M1,TEN1,TNM",ENSG00000009694,8117,10178,TEN1,ENSG
626,PTEN,"BZS,MHAM,MMAC1,PTEN1,TEP1",ENSG00000284792,9588,5728,TEP1,ENSG
627,F3,"CD142,TF",ENSG00000117525,3541,2152,TF,ENSG
628,USP2-AS1,"GLINC,THY1-AS1",ENSG00000245248,48673,0,THY1-AS1,ENSG
629,IL22,"IL-21,IL-22,IL-D110,IL-TIF,ILTIF,MGC79382,MGC79384,TIFA,TIFIL-23,ZCYTO18",ENSG00000127318,14900,50616,TIFA,ENSG
630,DDR2,"NTRKR3,TKT,TYRO10",ENSG00000162733,2731,4921,TKT,ENSG
631,TMPRSS4,"CAP2,MT-SP2,TMPRSS3",ENSG00000137648,11878,56649,TMPRSS3,ENSG
632,BTF3P11,"BTF3L1,HUMBTFB,OCIF,OPG,TNFRSF11B",ENSG00000118903,1126,0,TNFRSF11B,ENSG
633,TNNI3,"CMD2A,CMH7,CTNI,TNNC1",ENSG00000129991,11947,7137,TNNC1,ENSG
634,TDO2,"TDO,TPH2",ENSG00000151790,11708,6999,TPH2,ENSG
635,THPO,"MGDF,MPLLG,TPO",ENSG00000090534,11795,7066,TPO,ENSG
636,ACD,"PIP1,PTOP,TINT1,TPP1",ENSG00000102977,25070,65057,TPP1,ENSG
637,TP53RK,"BUD32,C20ORF64,DJ101A2.2,NORI-2P,PRPK,TPRKB",ENSG00000172315,16197,112858,TPRKB,ENSG
638,TANK,"I-TRAF,TRAF2",ENSG00000136560,11562,10010,TRAF2,ENSG
639,TGFBRAP1,"TRAP-1,TRAP1,VPS3",ENSG00000135966,16836,9392,TRAP1,ENSG
640,HSP90B2P,"GRP94B,GRP94P1,HSPCP2,TRA1P1,TRAP1",ENSG00000259706,12099,0,TRAP1,ENSG
641,TRAV1-1,"TCRAV1S1,TCRAV7S1,TRAV11",ENSG00000255569,12101,0,TRAV11,ENSG
642,TRIM53BP,"TRIM53B,TRIM53L,TRIM80P",ENSG00000166013,37144,0,TRIM80P,ENSG
643,TRPM2,"EREG1,KNP3,LTRPC2,NUDT9H,NUDT9L1,TRPC7",ENSG00000142185,12339,7226,TRPC7,ENSG
644,SND1,"P100,TDRD11,TSN",ENSG00000197157,30646,27044,TSN,ENSG
645,NKX2-1,"BCH,NKX2A,TITF1,TTF-1,TTF1",ENSG00000136352,11825,7080,TTF1,ENSG
646,LINC00598,"LNCFOXO1,TTL,LNCFOXO1,TTL",ENSG00000215483,42770,400123,TTL,ENSG
647,TTLL10,"FLJ36119,TTLL5",ENSG00000162571,26693,254173,TTLL5,ENSG
648,TUBB2A,"DJ40E16.7,TUBB,TUBB2",ENSG00000137267,12412,7280,TUBB,ENSG
649,RNU1-1,"HSD1,HU1-1,RNU1,RNU1A,RNU1A1,RNU1A3,RNU1G4,U1,U1A1,HSD1,HU1-1,RNU1,RNU1A,RNU1A1,RNU1A3,RNU1G4,U1,U1A1,HSD1,HU1-1,RNU1,RNU1A,RNU1A1,RNU1A3,RNU1G4,U1,U1A1,HSD1,HU1-1,RNU1,RNU1A,RNU1A1,RNU1A3,RNU1G4,U1,U1A1,HSD1,HU1-1,RNU1,RNU1A,RNU1A1,RNU1A3,RNU1G4,U1,U1A1",ENSG00000291389,10120,26871,U1,ENSG
650,RNU2-3P,"RNU2P1,U2",ENSG00000222076,10153,0,U2,ENSG
651,RNU2-4P,"RNU2P2,U2,U2/7",ENSG00000277084,10154,0,U2,ENSG
652,RNU2-5P,"RNU2P3,U2,U2.7",ENSG00000222465,10155,0,U2,ENSG
653,RNU2-1,U2,ENSG00000274585,10142,6066,U2,ENSG
654,RNU2-2P,"RNU2-2,RNU2B,U2",ENSG00000222328,10152,0,U2,ENSG
655,IGFLR1,"FLJ22573,TMEM149,U2AF1L4",ENSG00000126246,23620,79713,U2AF1L4,ENSG
656,SNORD3P1,"RNU3P1,U3",ENSG00000200318,10175,0,U3,ENSG
657,SNORD3A,"RNU3,U3",ENSG00000263934,33189,0,U3,ENSG
658,RNU4-4P,"RNU4P4,U4,U4/5",ENSG00000201458,10197,0,U4,ENSG
659,RNU4-7P,"RNU4P1,U4,U4/7",ENSG00000201628,10194,0,U4,ENSG
660,RNU4-1,"RNU4A,RNU4B2,U4,U4BL",ENSG00000200795,10192,26835,U4,ENSG
661,RNU4-8P,"RNU4P2,U4,U4/14",ENSG00000291599,10195,124900516,U4,ENSG
662,RNU4-6P,"RNU4P6,U4,U4/8",ENSG00000222736,10199,0,U4,ENSG
663,RNU4-5P,"RNU4P5,U4,U4/6",ENSG00000272160,10198,0,U4,ENSG
664,RNU6-1,"RNU6A,U6,U6-1",ENSG00000206625,10227,26827,U6,ENSG
665,RNU6-50P,"RNU6-50,RNU6P1,U6",ENSG00000199226,10229,124900488,U6,ENSG
666,SNORD118,U8,ENSG00000200463,32952,727676,U8,ENSG
667,UTS2,"PRO1068,U-II,UCN2,UII",ENSG00000049247,12636,10911,UCN2,ENSG
668,UFM1P3,UFM1P1,ENSG00000253299,55148,0,UFM1P1,ENSG
669,UGT2B4,UGT2B11,ENSG00000156096,12553,7363,UGT2B11,ENSG
670,UBE2Z,"FLJ13855,USE1",ENSG00000159202,25847,65264,USE1,ENSG
671,USP32,"NY-REN-60,USP10",ENSG00000170832,19143,84669,USP10,ENSG
672,USP12P1,"UBH1,USP12",ENSG00000253213,12610,0,USP12,ENSG
673,USP12PX,USP12P2,ENSG00000226081,21410,0,USP12P2,ENSG
674,USP21,"USP16,USP23",ENSG00000143258,12620,27005,USP16,ENSG
675,USP25,USP21,ENSG00000155313,12624,29761,USP21,ENSG
676,USP48,"FLJ11328,FLJ20103,FLJ23054,FLJ23277,MGC14879,USP31",ENSG00000090686,18533,84196,USP31,ENSG
677,VARS1,"VARS,VARS2",ENSG00000204394,12651,7407,VARS2,ENSG
678,SLC18A1,"CGAT,VAT1,VMAT1",ENSG00000036565,10934,6570,VAT1,ENSG
679,VDAC1P5,"VDAC3,VDAC5P",ENSG00000270858,12676,0,VDAC3,ENSG
680,CPAMD8,"K-CAP,KIAA1283,VIP",ENSG00000160111,23228,27151,VIP,ENSG
681,DDOST,"KIAA0115,OST,OST48,WBP1",ENSG00000244038,2728,1650,WBP1,ENSG
682,PHIP,"BRWD2,DCAF14,FLJ20705,NDRP,WDR11",ENSG00000146247,15673,55023,WDR11,ENSG
683,WDR82P1,"HCG26824,SW2,WDR82,WDR82B",ENSG00000285086,32447,0,WDR82,ENSG
684,XBP1P1,"XBP1,XBPP1",ENSG00000249947,12802,0,XBP1,ENSG
685,ZNF121,"D19S204,ZHC32,ZNF20",ENSG00000197961,12904,7675,ZNF20,ENSG
686,RNF141,"ZFP26,ZNF230",ENSG00000110315,21159,50862,ZNF230,ENSG
687,ZNF322P1,"ZNF322,ZNF322B",ENSG00000188801,14003,0,ZNF322,ENSG
688,ZNF106,"SH3BP3,ZFP106,ZNF474",ENSG00000103994,12886,64397,ZNF474,ENSG
689,ZFP1,"FLJ34243,ZNF475",ENSG00000184517,23328,162239,ZNF475,ENSG
