,HGNC_ID,gene_symbol,alias_symbol,NCBI_ID,ENSG_ID,collision,source
4087,HGNC:14947,PPP1R12C,AAVS1,GENE ID:54776,ENSG00000125503,AAVS1,HGNC
1029,HGNC:11177,SOAT1,ACAT1,GENE ID:6646,ENSG00000057252,ACAT1,HGNC
1030,HGNC:11178,SOAT2,ACAT2,GENE ID:8435,ENSG00000167780,ACAT2,HGNC
5085,HGNC:1612,CCRL2,ACKR5,GENE ID:9034,ENSG00000121797,ACKR5,HGNC
42301,HGNC:7694,NDUFAB1,ACP1,GENE ID:4706,ENSG00000004779,ACP1,HGNC
3383,HGNC:141,ACTBP8,ACTBP2,GENE ID:68,ENSG00000220267,ACTBP2,HGNC
1330,HGNC:11531,TADA2A,ADA2,GENE ID:6871,ENSG00000276234,ADA2,HGNC
8834,HGNC:206,ADAM28,ADAM23,GENE ID:10863,ENSG00000042980,ADAM23,HGNC
21336,HGNC:361,AK1,ADK,GENE ID:203,ENSG00000106992,ADK,HGNC
14134,HGNC:280,ADRA1D,ADRA1A,GENE ID:146,ENSG00000171873,ADRA1A,HGNC
19388,HGNC:341,AGXT,AGT,GENE ID:189,ENSG00000172482,AGT,HGNC
11022,HGNC:24114,AURKAIP1,AIP,GENE ID:54998,ENSG00000175756,AIP,HGNC
11507,HGNC:24674,FBF1,ALB,GENE ID:85302,ENSG00000188878,ALB,HGNC
41040,HGNC:61,ABCD1,AMN,GENE ID:215,ENSG00000101986,AMN,HGNC
2193,HGNC:12496,UBE3A,ANCR,GENE ID:7337,ENSG00000114062,ANCR,HGNC
14945,HGNC:28964,DANCR,ANCR,GENE ID:57291,ENSG00000226950,ANCR,HGNC
7881,HGNC:19375,SLC25A23,APC2,GENE ID:79085,ENSG00000125648,APC2,HGNC
8330,HGNC:19989,ANAPC2,APC2,GENE ID:29882,ENSG00000176248,APC2,HGNC
41322,HGNC:640,AQP7,AQP9,GENE ID:364,ENSG00000165269,AQP9,HGNC
41415,HGNC:651,AREG,AR,GENE ID:374,ENSG00000109321,AR,HGNC
21681,HGNC:3642,FDXR,AR,GENE ID:2232,ENSG00000161513,AR,HGNC
23277,HGNC:381,AKR1B1,AR,GENE ID:231,ENSG00000085662,AR,HGNC
42439,HGNC:7869,NOL3,ARC,GENE ID:8996,ENSG00000140939,ARC,HGNC
7708,HGNC:19168,TINAGL1,ARG1,GENE ID:64129,ENSG00000142910,ARG1,HGNC
10691,HGNC:23725,ARHGAP21,ARHGAP10,GENE ID:57584,ENSG00000107863,ARHGAP10,HGNC
17256,HGNC:31696,ARK2C,Ark2C,GENE ID:494470,ENSG00000141622,ARK2C,HGNC
14266,HGNC:28172,ARK2N,Ark2N,GENE ID:147339,ENSG00000152242,ARK2N,HGNC
23361,HGNC:382,AKR1B10,ARL1,GENE ID:57016,ENSG00000198074,ARL1,HGNC
7349,HGNC:18746,SLURP1,ArsB,GENE ID:57152,ENSG00000126233,ARSB,HGNC
5018,HGNC:16051,PARD3,ASIP,GENE ID:56288,ENSG00000148498,ASIP,HGNC
26794,HGNC:4232,GDNF,ATF1,GENE ID:2668,ENSG00000168621,ATF1,HGNC
26794,HGNC:4232,GDNF,ATF2,GENE ID:2668,ENSG00000168621,ATF2,HGNC
9143,HGNC:21014,ANTXR1,ATR,GENE ID:84168,ENSG00000169604,ATR,HGNC
43347,HGNC:8985,SERPINA2,ATR,GENE ID:390502,ENSG00000258597,ATR,HGNC
5344,HGNC:16400,NLRP3,AVP,GENE ID:114548,ENSG00000162711,AVP,HGNC
9662,HGNC:21727,QTGAL,B3GNT8,GENE ID:146712,ENSG00000175711,B3GNT8,HGNC
8754,HGNC:20473,BRIP1,BACH1,GENE ID:83990,ENSG00000136492,BACH1,HGNC
50,HGNC:10061,RNF2,BAP1,GENE ID:6045,ENSG00000121481,BAP1,HGNC
43767,HGNC:946,MAGI1,BAP1,GENE ID:9223,ENSG00000151276,BAP1,HGNC
44024,HGNC:977,BCAT2,BCAM,GENE ID:587,ENSG00000105552,BCAM,HGNC
8564,HGNC:20252,BANF1P1,BCRP1,GENE ID:317687,ENSG00000258531,BCRP1,HGNC
8538,HGNC:20224,DCAF5,BCRP2,GENE ID:8816,ENSG00000139990,BCRP2,HGNC
43934,HGNC:9649,PTPN18,BDP1,GENE ID:26469,ENSG00000072135,BDP1,HGNC
44142,HGNC:99,ASIC2,BNC1,GENE ID:40,ENSG00000108684,BNC1,HGNC
9228,HGNC:21114,C6orf89,BRAP,GENE ID:221477,ENSG00000198663,BRAP,HGNC
11696,HGNC:24902,DEPDC1B,BRCC3,GENE ID:55789,ENSG00000035499,BRCC3,HGNC
917,HGNC:1105,BRDT,BRDt,GENE ID:676,ENSG00000137948,BRDT,HGNC
41111,HGNC:6175,ITM2C,BRI3,GENE ID:81618,ENSG00000135916,BRI3,HGNC
12421,HGNC:25712,PGAP1,Bst1,GENE ID:80055,ENSG00000197121,BST1,HGNC
1228,HGNC:1140,BTN3A3,BTF3,GENE ID:10384,ENSG00000111801,BTF3,HGNC
1254,HGNC:1144,BTRC,bTrCP1,GENE ID:8945,ENSG00000166167,BTRCP1,HGNC
6796,HGNC:18121,MFRP,C1QTNF5,GENE ID:83552,ENSG00000235718,C1QTNF5,HGNC
2762,HGNC:1323,C4A,C4B,GENE ID:720,ENSG00000244731,C4B,HGNC
43827,HGNC:9536,PSMA7,C6,GENE ID:5688,ENSG00000101182,C6,HGNC
534,HGNC:10637,CXCL10,C7,GENE ID:3627,ENSG00000169245,C7,HGNC
10234,HGNC:23217,GKN1,CA11,GENE ID:56287,ENSG00000169605,CA11,HGNC
3568,HGNC:1436,S100G,CABP1,GENE ID:795,ENSG00000169906,CABP1,HGNC
11043,HGNC:24136,B4GALNT2,Cad,GENE ID:124872,ENSG00000167080,CAD,HGNC
19209,HGNC:33904,ACOD1,CAD,GENE ID:730249,ENSG00000102794,CAD,HGNC
13997,HGNC:2773,DFFB,CAD,GENE ID:1677,ENSG00000169598,CAD,HGNC
8619,HGNC:20311,CHAMP1,CAMP,GENE ID:283489,ENSG00000198824,CAMP,HGNC
43791,HGNC:9491,PRSS8,CAP1,GENE ID:5652,ENSG00000052344,CAP1,HGNC
43315,HGNC:8952,SERPINB8,CAP2,GENE ID:5271,ENSG00000166401,CAP2,HGNC
1624,HGNC:11878,TMPRSS4,CAP2,GENE ID:56649,ENSG00000137648,CAP2,HGNC
3487,HGNC:1426,CADPS,CAPS,GENE ID:8618,ENSG00000163618,CAPS,HGNC
4987,HGNC:16018,CADPS2,CAPS2,GENE ID:93664,ENSG00000081803,CAPS2,HGNC
11212,HGNC:24325,CDKN2AIP,CARF,GENE ID:55602,ENSG00000168564,CARF,HGNC
11113,HGNC:24219,POLR1G,CAST,GENE ID:10849,ENSG00000117877,CAST,HGNC
17452,HGNC:31922,ERC2,CAST,GENE ID:26059,ENSG00000187672,CAST,HGNC
7841,HGNC:19331,MMAB,cblB,GENE ID:326625,ENSG00000139428,CBLB,HGNC
11379,HGNC:24525,MMACHC,cblC,GENE ID:25974,ENSG00000132763,CBLC,HGNC
4678,HGNC:1565,ACKR2,CCR10,GENE ID:1238,ENSG00000144648,CCR10,HGNC
3382,HGNC:14099,CNOT6,CCR4,GENE ID:57472,ENSG00000113300,CCR4,HGNC
4678,HGNC:1565,ACKR2,CCR9,GENE ID:1238,ENSG00000144648,CCR9,HGNC
11631,HGNC:24824,FZR1,CDH1,GENE ID:51343,ENSG00000105325,CDH1,HGNC
43109,HGNC:8711,PCDHGB4,CDH20,GENE ID:8641,,CDH20,HGNC
6372,HGNC:1760,CDH20,Cdh7,GENE ID:28316,ENSG00000101542,CDH7,HGNC
6359,HGNC:1758,CDH19,CDH7,GENE ID:28513,ENSG00000071991,CDH7,HGNC
19036,HGNC:33710,CDPF1,CDKN1A,GENE ID:150383,ENSG00000205643,CDKN1A,HGNC
5551,HGNC:16627,CHEK2,CDS1,GENE ID:11200,ENSG00000183765,CDS1,HGNC
2740,HGNC:1320,C3CER1,CER1,GENE ID:23739,,CER1,HGNC
7246,HGNC:1863,CES1,CES2,GENE ID:1066,ENSG00000198848,CES2,HGNC
7612,HGNC:19057,CHD6,CHD5,GENE ID:84181,ENSG00000124177,CHD5,HGNC
2439,HGNC:12790,GET1,CHD5,GENE ID:7485,ENSG00000182093,CHD5,HGNC
13784,HGNC:2736,DDX11,CHL1,GENE ID:1663,ENSG00000013573,CHL1,HGNC
3701,HGNC:14525,CHORDC1,CHP1,GENE ID:26973,ENSG00000110172,CHP1,HGNC
842,HGNC:10979,SLC25A1,CIC,GENE ID:6576,ENSG00000100075,CIC,HGNC
41271,HGNC:6349,KLF5,CKLF,GENE ID:688,ENSG00000102554,CKLF,HGNC
6276,HGNC:17412,CLCF1,CLC,GENE ID:23529,ENSG00000175505,CLC,HGNC
11467,HGNC:24627,DCBLD2,CLCP1,GENE ID:131566,ENSG00000057019,CLCP1,HGNC
8879,HGNC:2065,CLIC6,CLIC5,GENE ID:54102,ENSG00000159212,CLIC5,HGNC
2158,HGNC:12462,UBASH3A,CLIP4,GENE ID:53347,ENSG00000160185,CLIP4,HGNC
42504,HGNC:7941,NPPC,CNP,GENE ID:4880,ENSG00000163273,CNP,HGNC
43055,HGNC:8662,PCDHA@,CNR1,GENE ID:56117,,CNR1,HGNC
43063,HGNC:8670,PCDHA4,CNR1,GENE ID:56144,ENSG00000204967,CNR1,HGNC
43065,HGNC:8672,PCDHA6,CNR2,GENE ID:56142,ENSG00000081842,CNR2,HGNC
19028,HGNC:33701,CARD16,COP1,GENE ID:114769,ENSG00000204397,COP1,HGNC
4740,HGNC:15740,CPA4,CPA3,GENE ID:51200,ENSG00000128510,CPA3,HGNC
12764,HGNC:2610,CYP2A6,CPA6,GENE ID:1548,ENSG00000255974,CPA6,HGNC
6332,HGNC:17513,HOMER2,CPD,GENE ID:9455,ENSG00000103942,CPD,HGNC
10159,HGNC:2314,CPNE1,CPN1,GENE ID:8904,ENSG00000214078,CPN1,HGNC
12598,HGNC:2591,CYP11B1,CPN1,GENE ID:1584,ENSG00000160882,CPN1,HGNC
10170,HGNC:2315,CPNE2,CPN2,GENE ID:221184,ENSG00000140848,CPN2,HGNC
12606,HGNC:2592,CYP11B2,CPN2,GENE ID:1585,ENSG00000179142,CPN2,HGNC
12675,HGNC:2600,CYP21A2,CPS1,GENE ID:1589,ENSG00000231852,CPS1,HGNC
13131,HGNC:26518,PM20D1,Cps1,GENE ID:148811,ENSG00000162877,CPS1,HGNC
7435,HGNC:18854,CREB3L4,CREB3,GENE ID:148327,ENSG00000143578,CREB3,HGNC
11398,HGNC:24546,CNRIP1,CRIP1,GENE ID:25927,ENSG00000119865,CRIP1,HGNC
43596,HGNC:9264,PPIAP10,CRP,GENE ID:140913,ENSG00000224530,CRP,HGNC
16510,HGNC:30747,COPS2,CSN2,GENE ID:9318,ENSG00000166200,CSN2,HGNC
9874,HGNC:2239,COPS3,CSN3,GENE ID:8533,ENSG00000141030,CSN3,HGNC
11436,HGNC:2459,CSNK2A2,CSNK2A1,GENE ID:1459,ENSG00000070770,CSNK2A1,HGNC
11626,HGNC:2482,CSTB,CST6,GENE ID:1476,ENSG00000160213,CST6,HGNC
12355,HGNC:25632,CPPED1,CSTP1,GENE ID:55313,ENSG00000103381,CSTP1,HGNC
19160,HGNC:33846,ARHGEF35,CTAGE4,GENE ID:445328,ENSG00000213214,CTAGE4,HGNC
6054,HGNC:17149,VSIG2,CTH,GENE ID:23584,ENSG00000019102,CTH,HGNC
42555,HGNC:80,AOC1,DAO,GENE ID:26,ENSG00000002726,DAO,HGNC
15726,HGNC:2981,DNPEP,DAP,GENE ID:23549,ENSG00000123992,DAP,HGNC
36702,HGNC:5329,IAPP,DAP,GENE ID:3375,ENSG00000121351,DAP,HGNC
16188,HGNC:30368,DLGAP3,DAP3,GENE ID:58512,ENSG00000116544,DAP3,HGNC
1368,HGNC:1158,TSPO,DBI,GENE ID:706,ENSG00000100300,DBI,HGNC
35546,HGNC:5213,HSD17B4,DBP,GENE ID:3295,ENSG00000133835,DBP,HGNC
26401,HGNC:4187,GC,DBP,GENE ID:2638,ENSG00000145321,DBP,HGNC
7548,HGNC:18985,DCXR,DCR,GENE ID:51181,ENSG00000169738,DCR,HGNC
13960,HGNC:2765,DEFA6,DEF6,GENE ID:1671,ENSG00000164822,DEF6,HGNC
17736,HGNC:32231,DEFA1A3,DEFA1,,,DEFA1,HGNC
17736,HGNC:32231,DEFA1A3,DEFA3,,,DEFA3,HGNC
17736,HGNC:32231,DEFA1A3,DEFT1P,,,DEFT1P,HGNC
13372,HGNC:2680,DIDO1,DIO1,GENE ID:11083,ENSG00000101191,DIO1,HGNC
14972,HGNC:2899,DLEC1,DLC1,GENE ID:9940,ENSG00000008226,DLC1,HGNC
4541,HGNC:15476,DYNLL1,DLC1,GENE ID:8655,ENSG00000088986,DLC1,HGNC
5773,HGNC:16864,DLGAP5,DLG1,GENE ID:9787,ENSG00000126787,DLG1,HGNC
4738,HGNC:15736,HID1,DMC1,GENE ID:283987,ENSG00000167861,DMC1,HGNC
3760,HGNC:14603,DMTF1,DMP1,GENE ID:9988,ENSG00000135164,DMP1,HGNC
15458,HGNC:2953,DNAH9,DNAL1,GENE ID:1770,ENSG00000007174,DNAL1,HGNC
41989,HGNC:726,ART4,DOK1,GENE ID:420,ENSG00000111339,DOK1,HGNC
11930,HGNC:25168,DRC10,DRC10,GENE ID:115811,ENSG00000166578,DRC10,HGNC
15834,HGNC:29937,DRC2,DRC2,GENE ID:85478,ENSG00000139537,DRC2,HGNC
9357,HGNC:21295,EPS8L1,DRC3,GENE ID:54869,ENSG00000131037,DRC3,HGNC
14261,HGNC:28166,DRC8,DRC8,GENE ID:84288,ENSG00000203666,DRC8,HGNC
12014,HGNC:25251,DRC9,DRC9,GENE ID:84223,ENSG00000114473,DRC9,HGNC
42284,HGNC:7679,NDRG1,DRG1,GENE ID:10397,ENSG00000104419,DRG1,HGNC
15988,HGNC:3014,DPYSL2,DRP2,GENE ID:1808,ENSG00000092964,DRP2,HGNC
16190,HGNC:3037,DSC3,DSC1,GENE ID:1825,ENSG00000134762,DSC1,HGNC
16190,HGNC:3037,DSC3,DSC2,GENE ID:1825,ENSG00000134762,DSC2,HGNC
16443,HGNC:3067,DUSP12,DUSP1,GENE ID:11266,ENSG00000081721,DUSP1,HGNC
13522,HGNC:26965,PTPMT1,DUSP23,GENE ID:114971,ENSG00000110536,DUSP23,HGNC
18643,HGNC:33237,DUSP28,DUSP26,GENE ID:285193,ENSG00000188542,DUSP26,HGNC
6950,HGNC:18291,DMAP1,EAF2,GENE ID:55929,ENSG00000178028,EAF2,HGNC
27385,HGNC:4298,GLB1,EBP,GENE ID:2720,ENSG00000170266,EBP,HGNC
16233,HGNC:30418,SH3D19,EBP,GENE ID:152503,ENSG00000109686,EBP,HGNC
716,HGNC:10845,SEM1,ECD,GENE ID:7979,ENSG00000127922,ECD,HGNC
16996,HGNC:31419,EEIG1,Eeig1,GENE ID:399665,ENSG00000167106,EEIG1,HGNC
18080,HGNC:3265,EIF2S1,EIF2A,GENE ID:1965,ENSG00000134001,EIF2A,HGNC
14727,HGNC:28691,ELOF1,ELF1,GENE ID:84337,ENSG00000130165,ELF1,HGNC
41179,HGNC:6253,KCNH4,elk1,GENE ID:23415,ENSG00000089558,ELK1,HGNC
7446,HGNC:18864,KCNH8,elk3,GENE ID:131096,ENSG00000183960,ELK3,HGNC
25032,HGNC:40032,ERLN,ELN,GENE ID:100130933,ENSG00000259120,ELN,HGNC
2459,HGNC:12825,XPO1,emb,GENE ID:7514,ENSG00000082898,EMB,HGNC
33435,HGNC:49679,EPIST,Epist,GENE ID:101927953,ENSG00000249082,EPIST,HGNC
1566,HGNC:11820,TIMP1,EPO,GENE ID:7076,ENSG00000102265,EPO,HGNC
19498,HGNC:3423,EPX,EPO,GENE ID:8288,ENSG00000121053,EPO,HGNC
20475,HGNC:3527,EZH2,EZH1,GENE ID:2146,ENSG00000106462,EZH1,HGNC
2547,HGNC:12948,ZNF160,F11,GENE ID:90338,ENSG00000170949,F11,HGNC
9645,HGNC:2171,CNTN1,F3,GENE ID:1272,ENSG00000018236,F3,HGNC
9284,HGNC:21197,FA2H,FAAH,GENE ID:79152,ENSG00000103089,FAAH,HGNC
16763,HGNC:31059,FABP5P1,FABP5,GENE ID:387934,ENSG00000236972,FABP5,HGNC
20943,HGNC:3574,FADS1,FADS6,GENE ID:3992,ENSG00000149485,FADS6,HGNC
21030,HGNC:3582,FANCA,FAH,GENE ID:2175,ENSG00000187741,FAH,HGNC
21161,HGNC:3594,FASN,FAS,GENE ID:2194,ENSG00000169710,FAS,HGNC
41237,HGNC:6316,KHSRP,FBP2,GENE ID:8570,ENSG00000088247,FBP2,HGNC
3000,HGNC:13584,FBXO5,Fbxo31,GENE ID:26271,ENSG00000112029,FBXO31,HGNC
13051,HGNC:26431,FCRLB,FCRL2,GENE ID:127943,ENSG00000162746,FCRL2,HGNC
7132,HGNC:18504,FCRLA,FCRLb,GENE ID:84824,ENSG00000132185,FCRLB,HGNC
5842,HGNC:16933,FEM1C,FEM1A,GENE ID:56929,ENSG00000145780,FEM1A,HGNC
3196,HGNC:13861,LZTS1,FEZ1,GENE ID:11178,ENSG00000061337,FEZ1,HGNC
21982,HGNC:3670,FGF13,FGF2,GENE ID:2258,ENSG00000129682,FGF2,HGNC
32673,HGNC:4883,CFH,FHL1,GENE ID:3075,ENSG00000000971,FHL1,HGNC
6842,HGNC:18169,FKBP10,FKBP6,GENE ID:60681,ENSG00000141756,FKBP6,HGNC
22410,HGNC:3712,FKBP1B,FKBP9,GENE ID:2281,ENSG00000119782,FKBP9,HGNC
22181,HGNC:3688,FGFR1,FLG,GENE ID:2260,ENSG00000077782,FLG,HGNC
22747,HGNC:3750,FLII,Fli1,GENE ID:2314,ENSG00000177731,FLI1,HGNC
22324,HGNC:3701,FHIT,FRA3B,GENE ID:2272,ENSG00000189283,FRA3B,HGNC
22978,HGNC:3775,FMR1,FRAXA,GENE ID:2332,ENSG00000102081,FRAXA,HGNC
22986,HGNC:3776,AFF2,FRAXE,GENE ID:2334,ENSG00000155966,FRAXE,HGNC
25339,HGNC:4047,FZD9,FZD3,GENE ID:8326,ENSG00000188763,FZD3,HGNC
4782,HGNC:15791,PIGU,GAB1,GENE ID:128869,ENSG00000101464,GAB1,HGNC
17477,HGNC:31959,GAGE2D,GAGE8,GENE ID:729408,,GAGE8,HGNC
17479,HGNC:31960,GAGE2E,GAGE8,GENE ID:26749,ENSG00000275113,GAGE8,HGNC
11645,HGNC:24840,GALP,GAL,GENE ID:85569,ENSG00000197487,GAL,HGNC
11052,HGNC:24144,GAL3ST3,GAL3ST2,GENE ID:89792,ENSG00000175229,GAL3ST2,HGNC
16288,HGNC:30488,GALNT18,GALNT15,GENE ID:374378,ENSG00000110328,GALNT15,HGNC
19158,HGNC:33844,GALNTL6,GALNT17,GENE ID:442117,ENSG00000174473,GALNT17,HGNC
9503,HGNC:21531,GALNT15,GALNT7,GENE ID:117248,ENSG00000131386,GALNT7,HGNC
9495,HGNC:2151,CNGB1,GAR1,GENE ID:1258,ENSG00000070729,GAR1,HGNC
41701,HGNC:6864,MAP4K2,GCK,GENE ID:5871,ENSG00000168067,GCK,HGNC
41704,HGNC:6867,MAP4K5,GCKR,GENE ID:11183,ENSG00000012983,GCKR,HGNC
27873,HGNC:43444,MYZAP,GCOM1,GENE ID:100820829,ENSG00000263155,GCOM1,HGNC
42983,HGNC:8573,PAEP,GdA,GENE ID:5047,ENSG00000122133,GDA,HGNC
849,HGNC:10986,SLC25A16,GDA,GENE ID:8034,ENSG00000122912,GDA,HGNC
6319,HGNC:17493,GMNN,Gem,GENE ID:51053,ENSG00000112312,GEM,HGNC
3536,HGNC:14324,C1QTNF1,GIP,GENE ID:114897,ENSG00000173918,GIP,HGNC
28255,HGNC:4385,GNAI2,GIP,GENE ID:2771,ENSG00000114353,GIP,HGNC
25820,HGNC:4119,GALK2,GK2,GENE ID:2585,ENSG00000156958,GK2,HGNC
6746,HGNC:18069,NAT8,GLA,GENE ID:9027,ENSG00000144035,GLA,HGNC
15498,HGNC:29570,GLS2,GLS,GENE ID:27165,ENSG00000135423,GLS,HGNC
29641,HGNC:4575,GRID1,GluD1,GENE ID:2894,ENSG00000182771,GLUD1,HGNC
29652,HGNC:4576,GRID2,GluD2,GENE ID:2895,ENSG00000152208,GLUD2,HGNC
8498,HGNC:20175,GOLT1B,GOT1,GENE ID:51026,ENSG00000111711,GOT1,HGNC
11584,HGNC:24766,GOLT1A,GOT1,GENE ID:127845,ENSG00000174567,GOT1,HGNC
28567,HGNC:4417,GNPDA1,GPI,GENE ID:10007,ENSG00000113552,GPI,HGNC
15844,HGNC:2995,DPAGT1,GPT,GENE ID:1798,ENSG00000172269,GPT,HGNC
29530,HGNC:4559,GPX7,GPX6,GENE ID:2882,ENSG00000116157,GPX6,HGNC
11639,HGNC:24835,GPRIN1,GRIN1,GENE ID:114787,ENSG00000169258,GRIN1,HGNC
4779,HGNC:15788,LGALS12,GRIP1,GENE ID:85329,ENSG00000133317,GRIP1,HGNC
42275,HGNC:7669,NCOA2,GRIP1,GENE ID:10499,ENSG00000140396,GRIP1,HGNC
11969,HGNC:25205,UCMA,GRP,GENE ID:221044,ENSG00000165623,GRP,HGNC
11789,HGNC:25012,LGALSL,GRP,GENE ID:29094,ENSG00000119862,GRP,HGNC
15139,HGNC:29169,TRAPPC8,GSG1,GENE ID:22878,ENSG00000153339,GSG1,HGNC
40997,HGNC:6041,HACL2,HACL2,GENE ID:10994,ENSG00000105135,HACL2,HGNC
40823,HGNC:587,APEX1,HAP1,GENE ID:328,ENSG00000100823,HAP1,HGNC
13359,HGNC:26785,HNF1A-AS1,HAS1,GENE ID:283460,ENSG00000241388,HAS1,HGNC
13824,HGNC:2741,DDX18,Has1,GENE ID:8886,ENSG00000088205,HAS1,HGNC
15494,HGNC:29567,ACSBG1,hBG1,GENE ID:23205,ENSG00000103740,HBG1,HGNC
41555,HGNC:6697,LRP5,HBM,GENE ID:4041,ENSG00000162337,HBM,HGNC
11291,HGNC:24416,CYCSP5,HCP5,GENE ID:360158,ENSG00000227735,HCP5,HGNC
11126,HGNC:24235,CD200R1,HCRTR2,GENE ID:131450,ENSG00000163606,HCRTR2,HGNC
888,HGNC:11021,SLC35A1,hCST,GENE ID:10559,ENSG00000164414,HCST,HGNC
9167,HGNC:21041,HECA,HDC,GENE ID:51696,ENSG00000112406,HDC,HGNC
2390,HGNC:1273,GATD3,HES1,GENE ID:8209,ENSG00000160221,HES1,HGNC
40973,HGNC:6018,IL6,HGF,GENE ID:3569,ENSG00000136244,HGF,HGNC
1040,HGNC:11187,SOS1,HGF,GENE ID:6654,ENSG00000115904,HGF,HGNC
8233,HGNC:19884,HOOK1,HK1,GENE ID:51361,ENSG00000134709,HK1,HGNC
41152,HGNC:6222,KCNA4,HK1,GENE ID:3739,ENSG00000182255,HK1,HGNC
41153,HGNC:6224,KCNA5,HK2,GENE ID:3741,ENSG00000130037,HK2,HGNC
41239,HGNC:6318,KIF2A,HK2,GENE ID:3796,ENSG00000068796,HK2,HGNC
8234,HGNC:19885,HOOK2,HK2,GENE ID:29911,ENSG00000095066,HK2,HGNC
10550,HGNC:23576,HOOK3,HK3,GENE ID:84376,ENSG00000168172,HK3,HGNC
32701,HGNC:4886,HFE,HLA-H,GENE ID:3077,ENSG00000010704,HLA-H,HGNC
19065,HGNC:3374,EPAS1,HLF,GENE ID:2034,ENSG00000116016,HLF,HGNC
14951,HGNC:2897,DLC1,HP,GENE ID:10395,ENSG00000164741,HP,HGNC
3206,HGNC:1388,CACNA1A,HPCA,GENE ID:773,ENSG00000141837,HPCA,HGNC
2710,HGNC:13158,ZNF83,HPF1,GENE ID:55769,ENSG00000167766,HPF1,HGNC
42065,HGNC:7438,MT-HPR,HPR,,,HPR,HGNC
42551,HGNC:7997,NRG1,HRG,GENE ID:3084,ENSG00000157168,HRG,HGNC
13871,HGNC:2749,DHX8,HRH1,GENE ID:1659,ENSG00000067596,HRH1,HGNC
13800,HGNC:2738,DHX15,HRH2,GENE ID:1665,ENSG00000109606,HRH2,HGNC
14226,HGNC:28120,HSD17B7P2,HSD17B7,GENE ID:158160,ENSG00000099251,HSD17B7,HGNC
3960,HGNC:1482,CAPN5,HTRA3,GENE ID:726,ENSG00000149260,HTRA3,HGNC
37523,HGNC:5417,IFNA1,IFNA13,GENE ID:3439,ENSG00000197919,IFNA13,HGNC
41217,HGNC:6293,KCNN4,IK,GENE ID:3783,ENSG00000104783,IK,HGNC
5858,HGNC:16948,MYDGF,IL25,GENE ID:56005,ENSG00000074842,IL25,HGNC
40938,HGNC:5984,IL17D,IL27,GENE ID:53342,ENSG00000172458,IL27,HGNC
16062,HGNC:30227,SPPL2A,IMP3,GENE ID:84888,ENSG00000138600,IMP3,HGNC
14870,HGNC:28868,IGF2BP3,IMP3,GENE ID:10643,ENSG00000136231,IMP3,HGNC
7922,HGNC:19426,IPO4,Imp4,GENE ID:79711,ENSG00000196497,IMP4,HGNC
16404,HGNC:30627,SPPL2B,IMP4,GENE ID:56928,ENSG00000005206,IMP4,HGNC
11945,HGNC:25184,SPATA17,IQCH,GENE ID:128153,ENSG00000162814,IQCH,HGNC
8325,HGNC:19983,RAB43,ISY1,GENE ID:339122,ENSG00000172780,ISY1,HGNC
3704,HGNC:14530,SP6,KLF14,GENE ID:80320,ENSG00000189120,KLF14,HGNC
4677,HGNC:15646,KLHL7,KLHL6,GENE ID:55975,ENSG00000122550,KLHL6,HGNC
41279,HGNC:6357,KLK1,Klk6,GENE ID:3816,ENSG00000167748,KLK6,HGNC
41290,HGNC:6367,KLK6,Klk7,GENE ID:5653,ENSG00000167755,KLK7,HGNC
41320,HGNC:6399,KPNA6,KPNA7,GENE ID:23633,ENSG00000025800,KPNA7,HGNC
10576,HGNC:23604,KRTAP5-9,KRTAP5-1,GENE ID:3846,ENSG00000254997,KRTAP5-1,HGNC
10573,HGNC:23601,KRTAP5-5,KRTAP5-11,GENE ID:439915,ENSG00000185940,KRTAP5-11,HGNC
10575,HGNC:23603,KRTAP5-8,KRTAP5-2,GENE ID:57830,ENSG00000241233,KRTAP5-2,HGNC
10574,HGNC:23602,KRTAP5-7,KRTAP5-3,GENE ID:440050,ENSG00000244411,KRTAP5-3,HGNC
10578,HGNC:23606,KRTAP5-11,KRTAP5-6,GENE ID:440051,ENSG00000204571,KRTAP5-6,HGNC
10567,HGNC:23597,KRTAP5-2,KRTAP5-8,GENE ID:440021,ENSG00000205867,KRTAP5-8,HGNC
10568,HGNC:23598,KRTAP5-3,KRTAP5-9,GENE ID:387266,ENSG00000196224,KRTAP5-9,HGNC
8057,HGNC:19701,CNKSR2,KSR2,GENE ID:22866,ENSG00000149970,KSR2,HGNC
41393,HGNC:6484,LAMA4,LAMA3,GENE ID:3910,ENSG00000112769,LAMA3,HGNC
16400,HGNC:30621,SPNS1,LAT,GENE ID:83985,ENSG00000169682,LAT,HGNC
935,HGNC:11066,SLC7A8,LAT2,GENE ID:23428,ENSG00000092068,LAT2,HGNC
2875,HGNC:1340,SMIM29,LBH,GENE ID:221491,ENSG00000186577,LBH,HGNC
8487,HGNC:20161,TOX4,LCP1,GENE ID:9878,ENSG00000092203,LCP1,HGNC
41433,HGNC:6533,LDB2,LDB1,GENE ID:9079,ENSG00000169744,LDB1,HGNC
41470,HGNC:6583,EIF2D,LGTN,GENE ID:1939,ENSG00000143486,LGTN,HGNC
6241,HGNC:17360,LRIG1,LIG1,GENE ID:26018,ENSG00000144749,LIG1,HGNC
7037,HGNC:18395,SCGB1D1,LIPA,GENE ID:10648,ENSG00000168515,LIPA,HGNC
7038,HGNC:18396,SCGB1D2,LIPB,GENE ID:10647,ENSG00000124935,LIPB,HGNC
36171,HGNC:52752,LNCBRM,lncBRM,GENE ID:100996645,ENSG00000249436,LNCBRM,HGNC
40391,HGNC:58066,LNCEGFL7OS,LncEGFL7OS,GENE ID:101928612,ENSG00000228401,LNCEGFL7OS,HGNC
39549,HGNC:56254,LNCHR1,lncHR1,,ENSG00000257400,LNCHR1,HGNC
9565,HGNC:21610,LNPK,LNP1,GENE ID:80856,ENSG00000144320,LNP1,HGNC
15809,HGNC:29911,C1D,LRP1,GENE ID:10438,ENSG00000197223,LRP1,HGNC
15521,HGNC:29593,ANKRD37,Lrp2bp,GENE ID:353322,ENSG00000186352,LRP2BP,HGNC
7574,HGNC:19012,CORIN,Lrp4,GENE ID:10699,ENSG00000145244,LRP4,HGNC
20039,HGNC:3481,ETFA,MADD,GENE ID:2108,ENSG00000140374,MADD,HGNC
41304,HGNC:6380,KLRG1,MAFA,GENE ID:10219,ENSG00000139187,MAFA,HGNC
19607,HGNC:3434,ERCC2,MAG,GENE ID:2068,ENSG00000104884,MAG,HGNC
7849,HGNC:19340,MAGEA2B,MAGEA2,GENE ID:266740,ENSG00000183305,MAGEA2,HGNC
6356,HGNC:17574,ALPK3,MAK,GENE ID:57538,ENSG00000136383,MAK,HGNC
3544,HGNC:14334,MRTFA,MAL,GENE ID:57591,ENSG00000196588,MAL,HGNC
6094,HGNC:17192,TIRAP,Mal,GENE ID:114609,ENSG00000150455,MAL,HGNC
4780,HGNC:15789,METAP1,MAP1A,GENE ID:23173,ENSG00000164024,MAP1A,HGNC
5596,HGNC:16672,METAP2,MAP2,GENE ID:10988,ENSG00000111142,MAP2,HGNC
43464,HGNC:9119,PMPCB,MAS1,GENE ID:9512,ENSG00000105819,MAS1,HGNC
6002,HGNC:17088,CLASP1,MAST1,GENE ID:23332,ENSG00000074054,MAST1,HGNC
41761,HGNC:6922,MBL2,MBP,GENE ID:4153,ENSG00000165471,MBP,HGNC
43692,HGNC:9362,PRG2,MBP,GENE ID:5553,ENSG00000186652,MBP,HGNC
3716,HGNC:14546,PCDHB16,ME1,GENE ID:57717,ENSG00000272674,ME1,HGNC
7127,HGNC:1850,CELSR1,ME2,GENE ID:9620,ENSG00000075275,ME2,HGNC
43076,HGNC:8682,PCDHB11,ME2,GENE ID:56125,ENSG00000197479,ME2,HGNC
43100,HGNC:8703,PCDHGA5,ME3,GENE ID:56110,,ME3,HGNC
41758,HGNC:6919,MBD4,MED1,GENE ID:8930,ENSG00000129071,MED1,HGNC
1286,HGNC:11477,MED22,Med24,GENE ID:6837,ENSG00000148297,MED24,HGNC
12207,HGNC:25487,MED9,MED25,GENE ID:55090,ENSG00000141026,MED25,HGNC
8921,HGNC:20709,SLTM,Met,GENE ID:79811,ENSG00000137776,MET,HGNC
41841,HGNC:7043,MGAM,MGA,GENE ID:8972,ENSG00000257335,MGA,HGNC
6876,HGNC:18210,MOGAT1,MGAT1,GENE ID:116255,ENSG00000124003,MGAT1,HGNC
10263,HGNC:23248,MOGAT2,MGAT2,GENE ID:80168,ENSG00000166391,MGAT2,HGNC
10264,HGNC:23249,MOGAT3,MGAT3,GENE ID:346606,ENSG00000106384,MGAT3,HGNC
22390,HGNC:37100,CFAP73,MIA2,GENE ID:387885,ENSG00000186710,MIA2,HGNC
4156,HGNC:1502,CASP14,MICE,GENE ID:23581,ENSG00000105141,MICE,HGNC
422,HGNC:10499,S100A9,MIF,GENE ID:6280,ENSG00000163220,MIF,HGNC
30264,HGNC:464,AMH,MIF,GENE ID:268,ENSG00000104899,MIF,HGNC
41877,HGNC:7104,MIPEP,MIP,GENE ID:4285,ENSG00000027001,MIP,HGNC
41324,HGNC:6401,TNPO1,MIP,GENE ID:3842,ENSG00000083312,MIP,HGNC
16798,HGNC:31102,MAFIP,MIP,GENE ID:727764,ENSG00000274847,MIP,HGNC
42198,HGNC:7582,MYL1,MLC1,GENE ID:4632,ENSG00000168530,MLC1,HGNC
32490,HGNC:48649,MRLN,MLN,GENE ID:100507027,ENSG00000227877,MLN,HGNC
6894,HGNC:18234,MOCOS,MOS,GENE ID:55034,ENSG00000075643,MOS,HGNC
41531,HGNC:6657,LNX1,MPDZ,GENE ID:84708,ENSG00000072201,MPDZ,HGNC
41965,HGNC:7212,KIF20B,MPP1,GENE ID:9585,ENSG00000138182,MPP1,HGNC
23339,HGNC:3818,FOXM1,MPP2,GENE ID:2305,ENSG00000111206,MPP2,HGNC
40994,HGNC:6038,ILF3,MPP4,GENE ID:3609,ENSG00000129351,MPP4,HGNC
7658,HGNC:1911,CHAF1B,MPP7,GENE ID:8208,ENSG00000159259,MPP7,HGNC
3676,HGNC:14492,MRPL41,MRPL27,GENE ID:64975,ENSG00000182154,MRPL27,HGNC
5559,HGNC:16635,MRPS35,MRPS28,GENE ID:60488,ENSG00000061794,MRPS28,HGNC
3691,HGNC:14513,MRPS28,MRPS35,GENE ID:28957,ENSG00000147586,MRPS35,HGNC
2854,HGNC:13370,MS4A12,Ms4a10,GENE ID:54860,ENSG00000071203,MS4A10,HGNC
2855,HGNC:13371,MS4A4A,MS4A7,GENE ID:51338,ENSG00000110079,MS4A7,HGNC
2858,HGNC:13378,MS4A7,MS4A8,GENE ID:58475,ENSG00000166927,MS4A8,HGNC
1010,HGNC:11155,SNRPB2,Msl1,GENE ID:6629,ENSG00000125870,MSL1,HGNC
1237,HGNC:11408,STK4,MST1,GENE ID:6789,ENSG00000101109,MST1,HGNC
693,HGNC:10820,SH2D1A,MTCP1,GENE ID:4068,ENSG00000183918,MTCP1,HGNC
41838,HGNC:7037,MELTF,MTF1,GENE ID:4241,ENSG00000163975,MTF1,HGNC
42237,HGNC:7622,MYT1,MTF1,GENE ID:4661,ENSG00000196132,MTF1,HGNC
4882,HGNC:15906,MYH7B,MYH14,GENE ID:57644,ENSG00000078814,MYH14,HGNC
5671,HGNC:16763,ZBTB32,mynn,GENE ID:27033,ENSG00000011590,MYNN,HGNC
42215,HGNC:7599,MYO1E,MYO1C,GENE ID:4643,ENSG00000157483,MYO1C,HGNC
15572,HGNC:29650,PKMYT1,MYT1,GENE ID:9088,ENSG00000127564,MYT1,HGNC
5811,HGNC:16903,TNIP1,NAF1,GENE ID:10318,ENSG00000145901,NAF1,HGNC
10128,HGNC:23102,NANOGP4,NANOGP2,GENE ID:414132,ENSG00000237065,NANOGP2,HGNC
10131,HGNC:23105,NANOGP7,NANOGP3,GENE ID:414130,ENSG00000258774,NANOGP3,HGNC
10126,HGNC:23100,NANOGP2,NANOGP4,GENE ID:414131,ENSG00000228670,NANOGP4,HGNC
2869,HGNC:13395,NAPSA,NAPA,GENE ID:9476,ENSG00000131400,NAPA,HGNC
2870,HGNC:13396,NAPSB,NAPB,GENE ID:256236,ENSG00000131401,NAPB,HGNC
6478,HGNC:17765,RNF138,NARF,GENE ID:51444,ENSG00000134758,NARF,HGNC
18390,HGNC:3297,EIF4G2,NAT1,GENE ID:1982,ENSG00000110321,NAT1,HGNC
2903,HGNC:13447,SLC38A1,NAT2,GENE ID:81539,ENSG00000111371,NAT2,HGNC
41990,HGNC:727,ARTN,NBN,GENE ID:9048,ENSG00000117407,NBN,HGNC
7209,HGNC:18591,NEK9,Nek8,GENE ID:91754,ENSG00000119638,NEK8,HGNC
12232,HGNC:25512,PRPF38B,NET1,GENE ID:55119,ENSG00000134186,NET1,HGNC
42582,HGNC:8029,NTN1,NET1,GENE ID:9423,ENSG00000065320,NET1,HGNC
9506,HGNC:21535,GTPBP4,NGB,GENE ID:23560,ENSG00000107937,NGB,HGNC
28955,HGNC:4458,GPI,NLK,GENE ID:2821,ENSG00000105220,NLK,HGNC
28991,HGNC:4462,GPNMB,NMB,GENE ID:10457,ENSG00000136235,NMB,HGNC
26,HGNC:10031,RMRP,NME1,GENE ID:6023,ENSG00000277027,NME1,HGNC
42213,HGNC:7597,MYO1C,NMI,GENE ID:4641,ENSG00000197879,NMI,HGNC
7778,HGNC:19260,LTB4R2,NOP9,GENE ID:56413,ENSG00000213906,NOP9,HGNC
10081,HGNC:23044,NANOS1,NOS1,GENE ID:340719,ENSG00000188613,NOS1,HGNC
10295,HGNC:23292,NANOS2,NOS2,GENE ID:339345,ENSG00000188425,NOS2,HGNC
9777,HGNC:22048,NANOS3,NOS3,GENE ID:342977,ENSG00000187556,NOS3,HGNC
11750,HGNC:24969,NPRL2,NPR2,GENE ID:10641,ENSG00000114388,NPR2,HGNC
3398,HGNC:14124,NPRL3,NPR3,GENE ID:8131,ENSG00000103148,NPR3,HGNC
8258,HGNC:19910,NOL6,Nrap,GENE ID:65083,ENSG00000165271,NRAP,HGNC
42374,HGNC:7781,NFE2L1,NRF1,GENE ID:4779,ENSG00000082641,NRF1,HGNC
42349,HGNC:7751,NELL2,NRP2,GENE ID:4753,ENSG00000184613,NRP2,HGNC
11415,HGNC:24565,KANSL1,NSL1,GENE ID:284058,ENSG00000120071,NSL1,HGNC
41899,HGNC:7126,MLF2,NTN4,GENE ID:8079,ENSG00000089693,NTN4,HGNC
3166,HGNC:13819,SLCO1C1,OATP1,GENE ID:53919,ENSG00000139155,OATP1,HGNC
3612,HGNC:14411,SLC25A21,ODC1,GENE ID:89874,ENSG00000183032,ODC1,HGNC
15849,HGNC:29957,AZIN2,ODCp,GENE ID:113451,ENSG00000142920,ODCP,HGNC
1696,HGNC:11957,MED12,OPA1,GENE ID:9968,ENSG00000184634,OPA1,HGNC
848,HGNC:10985,SLC25A15,ORC1,GENE ID:10166,ENSG00000102743,ORC1,HGNC
9643,HGNC:21708,CCM2,OSM,GENE ID:83605,ENSG00000136280,OSM,HGNC
5071,HGNC:16105,OSER1,Osr1,GENE ID:51526,ENSG00000132823,OSR1,HGNC
32328,HGNC:4848,HCRTR1,OXR1,GENE ID:3061,ENSG00000121764,OXR1,HGNC
43730,HGNC:9405,PKN1,PAK1,GENE ID:5585,ENSG00000123143,PAK1,HGNC
4652,HGNC:15607,ARHGEF7,PAK3,GENE ID:8874,ENSG00000102606,PAK3,HGNC
5026,HGNC:16061,PAK6,PAK5,GENE ID:56924,ENSG00000137843,PAK5,HGNC
10374,HGNC:23386,MYCBP2,PAM,GENE ID:23077,ENSG00000005810,PAM,HGNC
9997,HGNC:22943,NLRP4,PAN2,GENE ID:147945,ENSG00000160505,PAN2,HGNC
8322,HGNC:19979,RDH14,PAN2,GENE ID:57665,ENSG00000240857,PAN2,HGNC
9998,HGNC:22944,NLRP6,PAN3,GENE ID:171389,ENSG00000174885,PAN3,HGNC
43499,HGNC:9171,PODXL,PC,GENE ID:5420,ENSG00000128567,PC,HGNC
41755,HGNC:6916,MBD1,PCM1,GENE ID:4152,ENSG00000141644,PCM1,HGNC
43485,HGNC:9153,PNKD,PDC,GENE ID:25953,ENSG00000127838,PDC,HGNC
15991,HGNC:30142,GDF15,PDF,GENE ID:9518,ENSG00000130513,PDF,HGNC
43199,HGNC:8816,PDPK1,PDK1,GENE ID:5170,ENSG00000140992,PDK1,HGNC
10648,HGNC:23682,PLPP6,PDP1,GENE ID:403313,ENSG00000205808,PDP1,HGNC
9392,HGNC:21350,PDHX,PDX1,GENE ID:8050,ENSG00000110435,PDX1,HGNC
10685,HGNC:23719,PGAP3,PER1,GENE ID:93210,ENSG00000161395,PER1,HGNC
9666,HGNC:21731,PGAM4,PGAM1,GENE ID:441531,ENSG00000226784,PGAM1,HGNC
2988,HGNC:13568,PGPEP1,PGP,GENE ID:54858,ENSG00000130517,PGP,HGNC
11825,HGNC:25058,TPGS1,PGs1,GENE ID:91978,ENSG00000141933,PGS1,HGNC
43263,HGNC:8893,PGF,PIGF,GENE ID:5228,ENSG00000119630,PIGF,HGNC
43783,HGNC:9479,LONP1,PIM1,GENE ID:9361,ENSG00000196365,PIM1,HGNC
15042,HGNC:29064,SFI1,PISD,GENE ID:9814,ENSG00000198089,PISD,HGNC
6182,HGNC:17293,PRKD2,PKD2,GENE ID:25865,ENSG00000105287,PKD2,HGNC
4515,HGNC:15449,LGALS13,PLAC8,GENE ID:29124,ENSG00000105198,PLAC8,HGNC
43990,HGNC:9716,PXMP2,PMP22,GENE ID:5827,ENSG00000176894,PMP22,HGNC
15929,HGNC:30061,PMS2CL,PMS2P13,GENE ID:441194,ENSG00000187953,PMS2P13,HGNC
43660,HGNC:9327,PPY,PNP,GENE ID:5539,ENSG00000108849,PNP,HGNC
43514,HGNC:9186,POLQ,POLH,GENE ID:10721,ENSG00000051341,POLH,HGNC
5625,HGNC:16705,TENT4A,POLK,GENE ID:11044,ENSG00000112941,POLK,HGNC
43511,HGNC:9183,POLK,POLQ,GENE ID:51426,ENSG00000122008,POLQ,HGNC
43534,HGNC:9203,POMZP3,POM121,GENE ID:22932,ENSG00000146707,POM121,HGNC
6523,HGNC:17820,NT5C3A,POMP,GENE ID:51251,ENSG00000122643,POMP,HGNC
1319,HGNC:1152,POPDC1,POP1,GENE ID:11149,ENSG00000112276,POP1,HGNC
16096,HGNC:30261,PYDC1,POP1,GENE ID:260434,ENSG00000169900,POP1,HGNC
15790,HGNC:29887,NLRP2B,POP4,GENE ID:286430,ENSG00000215174,POP4,HGNC
6405,HGNC:17652,PORCN,por,GENE ID:64840,ENSG00000102312,POR,HGNC
15829,HGNC:29932,COASY,PPAT,GENE ID:80347,ENSG00000068120,PPAT,HGNC
32319,HGNC:4847,HCRT,PPOX,GENE ID:3060,ENSG00000161610,PPOX,HGNC
44137,HGNC:9893,RBL1,PRB1,GENE ID:5933,ENSG00000080839,PRB1,HGNC
43684,HGNC:9355,PRDX5,PRDX6,GENE ID:25824,ENSG00000126432,PRDX6,HGNC
6411,HGNC:17663,PITRM1,PreP,GENE ID:10531,ENSG00000107959,PREP,HGNC
4102,HGNC:14966,PXDN,PRG2,GENE ID:7837,ENSG00000130508,PRG2,HGNC
10468,HGNC:23497,PLPPR3,PRG2,GENE ID:79948,ENSG00000129951,PRG2,HGNC
9447,HGNC:21411,AIFM2,PRG3,GENE ID:84883,ENSG00000042286,PRG3,HGNC
43760,HGNC:9453,PRODH,PRODH2,GENE ID:5625,ENSG00000100033,PRODH2,HGNC
8041,HGNC:19688,NECTIN4,PRR4,GENE ID:81607,ENSG00000143217,PRR4,HGNC
5662,HGNC:16753,PRDX6,PRX,GENE ID:9588,ENSG00000117592,PRX,HGNC
6363,HGNC:17586,MTCH1,PSAP,GENE ID:23787,ENSG00000137409,PSAP,HGNC
43809,HGNC:9519,PSG2,PSG1,GENE ID:5670,ENSG00000242221,PSG1,HGNC
43880,HGNC:9589,PTENP1,PTH2,GENE ID:11191,ENSG00000237984,PTH2,HGNC
11153,HGNC:24265,PTRH2,PTH2,GENE ID:51651,ENSG00000141378,PTH2,HGNC
43969,HGNC:9683,PTPRU,PTPRO,GENE ID:10076,ENSG00000060656,PTPRO,HGNC
41754,HGNC:6915,MB,PVALB,GENE ID:4151,ENSG00000198125,PVALB,HGNC
4102,HGNC:14966,PXDN,PXN,GENE ID:7837,ENSG00000130508,PXN,HGNC
8325,HGNC:19983,RAB43,RAB11B,GENE ID:339122,ENSG00000172780,RAB11B,HGNC
8325,HGNC:19983,RAB43,RAB41,GENE ID:339122,ENSG00000172780,RAB41,HGNC
35,HGNC:10044,RNASE1,RAC1,GENE ID:6035,ENSG00000129538,RAC1,HGNC
42277,HGNC:7670,NCOA3,RAC3,GENE ID:8202,ENSG00000124151,RAC3,HGNC
39,HGNC:10048,RNASE6,RAD1,GENE ID:6039,ENSG00000169413,RAD1,HGNC
19629,HGNC:3436,ERCC4,RAD1,GENE ID:2072,ENSG00000175595,RAD1,HGNC
7794,HGNC:19278,RNASE7,RAE1,GENE ID:84659,ENSG00000165799,RAE1,HGNC
37,HGNC:10046,RNASE3,RAF1,GENE ID:6037,ENSG00000169397,RAF1,HGNC
11107,HGNC:24211,RNASE12,RAI1,GENE ID:493901,ENSG00000258436,RAI1,HGNC
7354,HGNC:18750,RIN2,RASSF4,GENE ID:54453,ENSG00000132669,RASSF4,HGNC
43744,HGNC:9438,PRKRA,RAX,GENE ID:8575,ENSG00000180228,RAX,HGNC
25373,HGNC:40518,SEMA3F-AS1,RBM5-AS1,GENE ID:100129060,ENSG00000235016,RBM5-AS1,HGNC
44128,HGNC:9885,ARID4A,RBP1,GENE ID:5926,ENSG00000032219,RBP1,HGNC
16161,HGNC:30339,RIMBP2,RBP2,GENE ID:23504,ENSG00000060709,RBP2,HGNC
16816,HGNC:3113,E2F1,RBP3,GENE ID:1869,ENSG00000101412,RBP3,HGNC
9365,HGNC:21302,KCTD11,REN,GENE ID:147040,ENSG00000213859,REN,HGNC
804,HGNC:10937,SLC19A1,RFC1,GENE ID:6573,ENSG00000173638,RFC1,HGNC
17883,HGNC:32414,RGPD1,RGP1,GENE ID:400966,ENSG00000187627,RGP1,HGNC
17445,HGNC:31911,RGL4,Rgr,GENE ID:266747,ENSG00000159496,RGR,HGNC
3488,HGNC:14261,RGS18,RGS13,GENE ID:64407,ENSG00000150681,RGS13,HGNC
11,HGNC:10010,RHEBP1,RHEB,GENE ID:6008,ENSG00000229927,RHEB,HGNC
41558,HGNC:670,RHOD,Rho,GENE ID:29984,ENSG00000173156,RHO,HGNC
16128,HGNC:30299,LRIF1,RIF1,GENE ID:55791,ENSG00000121931,RIF1,HGNC
41034,HGNC:6089,INSL6,RIF1,GENE ID:11172,ENSG00000120210,RIF1,HGNC
5932,HGNC:17019,PRICKLE1,RILP,GENE ID:144165,ENSG00000139174,RILP,HGNC
41031,HGNC:6086,INSL3,RLF,GENE ID:3640,ENSG00000248099,RLF,HGNC
7792,HGNC:19275,RNASE10,RNASE9,GENE ID:338879,ENSG00000182545,RNASE9,HGNC
40,HGNC:10049,RNASEH1P1,RNH1,GENE ID:284203,ENSG00000265790,RNH1,HGNC
42539,HGNC:7981,NR4A2,RNR1,GENE ID:4929,ENSG00000153234,RNR1,HGNC
219,HGNC:10258,RORA,ROR1,GENE ID:6095,ENSG00000069667,ROR1,HGNC
219,HGNC:10258,RORA,ROR2,GENE ID:6095,ENSG00000069667,ROR2,HGNC
39991,HGNC:56716,TMEM184B-AS1,RP1,,ENSG00000235246,RP1,HGNC
41730,HGNC:6891,MAPRE2,RP1,GENE ID:10982,ENSG00000166974,RP1,HGNC
1226,HGNC:11398,WHR1,RP1,GENE ID:8859,ENSG00000204344,RP1,HGNC
9611,HGNC:21668,WHR1B,RP2,GENE ID:373159,ENSG00000250535,RP2,HGNC
17549,HGNC:32036,NUDT19,RP2,GENE ID:390916,ENSG00000213965,RP2,HGNC
6152,HGNC:17264,POLR1A,RPA1,GENE ID:25885,ENSG00000068654,RPA1,HGNC
8739,HGNC:20454,POLR1B,RPA2,GENE ID:84172,ENSG00000125630,RPA2,HGNC
42332,HGNC:7727,NEDD4,RPF1,GENE ID:4734,ENSG00000069869,RPF1,HGNC
246,HGNC:10306,RPL15,RPL10,GENE ID:6138,ENSG00000174748,RPL10,HGNC
3503,HGNC:14278,MRPL13,RPL13,GENE ID:28998,ENSG00000172172,RPL13,HGNC
254,HGNC:10316,RPL23,rpL17,GENE ID:9349,ENSG00000125691,RPL17,HGNC
247,HGNC:10307,RPL17,rpL23,GENE ID:6139,ENSG00000265681,RPL23,HGNC
7107,HGNC:18479,RSL24D1,RPL24,GENE ID:51187,ENSG00000137876,RPL24,HGNC
43852,HGNC:9559,PSMD2,Rpn1,GENE ID:5708,ENSG00000175166,RPN1,HGNC
43847,HGNC:9554,PSMD1,Rpn2,GENE ID:5707,ENSG00000173692,RPN2,HGNC
313,HGNC:10380,MRPS12,RPS12,GENE ID:6183,ENSG00000128626,RPS12,HGNC
10776,HGNC:23818,RRP1B,RRP1,GENE ID:23076,ENSG00000160208,RRP1,HGNC
384,HGNC:10458,RSC1A1,RS1,GENE ID:6248,ENSG00000215695,RS1,HGNC
9027,HGNC:20846,HRNR,S100A16,GENE ID:388697,ENSG00000197915,S100A16,HGNC
60,HGNC:10070,RNF7,SAG,GENE ID:9616,ENSG00000114125,SAG,HGNC
13092,HGNC:26475,SAMTOR,SAMTOR,GENE ID:154743,ENSG00000164603,SAMTOR,HGNC
648,HGNC:10770,SF3B3,SAP130,GENE ID:23450,ENSG00000189091,SAP130,HGNC
2903,HGNC:13447,SLC38A1,SAT1,GENE ID:81539,ENSG00000111371,SAT1,HGNC
2904,HGNC:13448,SLC38A2,SAT2,GENE ID:54407,ENSG00000134294,SAT2,HGNC
9965,HGNC:2289,COX7A2L,SCAF1,GENE ID:9167,ENSG00000115944,SCAF1,HGNC
831,HGNC:10969,SLC22A5,SCD,GENE ID:6584,ENSG00000197375,SCD,HGNC
684,HGNC:10809,SGCG,SCG3,GENE ID:6445,ENSG00000102683,SCG3,HGNC
5990,HGNC:17077,CTDSP2,SCP2,GENE ID:10106,ENSG00000175215,SCP2,HGNC
1294,HGNC:11490,SYCP2,SCP2,GENE ID:10388,ENSG00000196074,SCP2,HGNC
508,HGNC:10611,CCL13,SCYL1,GENE ID:6357,ENSG00000181374,SCYL1,HGNC
509,HGNC:10612,CCL14,SCYL2,GENE ID:6358,ENSG00000276409,SCYL2,HGNC
510,HGNC:10613,CCL15,SCYL3,GENE ID:6359,ENSG00000275718,SCYL3,HGNC
7933,HGNC:19440,SBDS,SDS,GENE ID:51119,ENSG00000126524,SDS,HGNC
630,HGNC:10751,SELENOP,SELP,GENE ID:6414,ENSG00000250722,SELP,HGNC
42541,HGNC:7983,NR5A1,SF1,GENE ID:2516,ENSG00000136931,SF1,HGNC
646,HGNC:10769,SF3B2,SF3b1,GENE ID:10992,ENSG00000087365,SF3B1,HGNC
6552,HGNC:17851,REXO2,SFN,GENE ID:25996,ENSG00000076043,SFN,HGNC
746,HGNC:10880,PMEL,SI,GENE ID:6490,ENSG00000185664,SI,HGNC
16659,HGNC:30927,SLC6A20,SIT1,GENE ID:54716,ENSG00000163817,SIT1,HGNC
6928,HGNC:18270,HHAT,ski,GENE ID:55733,ENSG00000054392,SKI,HGNC
2320,HGNC:12641,UXT,SKP2,GENE ID:8409,ENSG00000126756,SKP2,HGNC
16387,HGNC:30605,SEPSECS,SLA,GENE ID:51091,ENSG00000109618,SLA,HGNC
953,HGNC:11087,SLIT3,SLIT1,GENE ID:6586,ENSG00000184347,SLIT1,HGNC
953,HGNC:11087,SLIT3,slit2,GENE ID:6586,ENSG00000184347,SLIT2,HGNC
951,HGNC:11085,SLIT1,SLIT3,GENE ID:6585,ENSG00000187122,SLIT3,HGNC
25263,HGNC:4037,FYN,SLK,GENE ID:2534,ENSG00000010810,SLK,HGNC
15533,HGNC:29604,LYNX1,SLURP2,GENE ID:66004,ENSG00000180155,SLURP2,HGNC
26134,HGNC:4162,GARS1,SMAD1,GENE ID:2617,ENSG00000106105,SMAD1,HGNC
8630,HGNC:20323,SMOC2,SMAP2,GENE ID:64094,ENSG00000112562,SMAP2,HGNC
4842,HGNC:15862,SMOX,SMO,GENE ID:54498,ENSG00000088826,SMO,HGNC
44081,HGNC:9834,RAI1,SMS,GENE ID:10743,ENSG00000108557,SMS,HGNC
18083,HGNC:32652,SNORA58,SNORA58B,GENE ID:677836,ENSG00000249020,SNORA58B,HGNC
18487,HGNC:33064,SNORD115-45,SNORD115-48,GENE ID:100036566,ENSG00000212380,SNORD115-48,HGNC
56,HGNC:10067,RNF4,SNURF,GENE ID:6047,ENSG00000063978,SNURF,HGNC
14513,HGNC:28468,SNX33,SNX30,GENE ID:257364,ENSG00000173548,SNX30,HGNC
43463,HGNC:9118,PMP22,Sp110,GENE ID:5376,ENSG00000109099,SP110,HGNC
10012,HGNC:22957,SPATS1,SPATA8,GENE ID:221409,ENSG00000249481,SPATA8,HGNC
16400,HGNC:30621,SPNS1,SPIN1,GENE ID:83985,ENSG00000169682,SPIN1,HGNC
3815,HGNC:14677,DEAF1,SPN,GENE ID:10522,ENSG00000177030,SPN,HGNC
43630,HGNC:9298,PPP1R9B,Spn,GENE ID:84687,ENSG00000108819,SPN,HGNC
11230,HGNC:24343,CXXC1,SPP1,GENE ID:30827,ENSG00000154832,SPP1,HGNC
8296,HGNC:19953,SGPP2,SPP2,GENE ID:130367,ENSG00000163082,SPP2,HGNC
16447,HGNC:30677,GPKOW,Spp2,GENE ID:27238,ENSG00000068394,SPP2,HGNC
1324,HGNC:11526,TACR1,SPR,GENE ID:6869,ENSG00000115353,SPR,HGNC
1059,HGNC:11204,SOX9,SRA1,GENE ID:6662,ENSG00000125398,SRA1,HGNC
1139,HGNC:11298,SRMS,SRM,GENE ID:6725,ENSG00000125508,SRM,HGNC
17265,HGNC:31708,LRP12,ST7,GENE ID:29967,ENSG00000147650,ST7,HGNC
3389,HGNC:14107,PMEPA1,STAG1,GENE ID:56937,ENSG00000124225,STAG1,HGNC
2320,HGNC:12641,UXT,STAP1,GENE ID:8409,ENSG00000126756,STAP1,HGNC
30685,HGNC:4688,GUCY2C,STAR,GENE ID:2984,ENSG00000070019,STAR,HGNC
1232,HGNC:11403,STK24,STK3,GENE ID:8428,ENSG00000102572,STK3,HGNC
12967,HGNC:26333,SRFBP1,STRAP,GENE ID:153443,ENSG00000151304,STRAP,HGNC
7791,HGNC:19274,TTC5,Strap,GENE ID:91875,ENSG00000136319,STRAP,HGNC
20391,HGNC:35152,PAPPA-AS1,TAF4B,GENE ID:493913,ENSG00000256040,TAF4B,HGNC
581,HGNC:10699,SEC14L2,TAP1,GENE ID:23541,ENSG00000100003,TAP1,HGNC
7271,HGNC:18655,SEC14L3,TAP2,GENE ID:266629,ENSG00000100012,TAP2,HGNC
15795,HGNC:29891,TCEA1P2,TCEA1,GENE ID:399511,ENSG00000230409,TCEA1,HGNC
42657,HGNC:8117,TENM1,TEN1,GENE ID:10178,ENSG00000009694,TEN1,HGNC
43879,HGNC:9588,PTEN,TEP1,GENE ID:5728,ENSG00000171862,TEP1,HGNC
20613,HGNC:3541,F3,TF,GENE ID:2152,ENSG00000117525,TF,HGNC
32513,HGNC:48673,USP2-AS1,THY1-AS1,GENE ID:100499227,ENSG00000245248,THY1-AS1,HGNC
4043,HGNC:14900,IL22,TIFa,GENE ID:50616,ENSG00000127318,TIFA,HGNC
13749,HGNC:2731,DDR2,TKT,GENE ID:4921,ENSG00000162733,TKT,HGNC
1624,HGNC:11878,TMPRSS4,TMPRSS3,GENE ID:56649,ENSG00000137648,TMPRSS3,HGNC
1101,HGNC:1126,BTF3P11,TNFRSF11B,GENE ID:690,ENSG00000118903,TNFRSF11B,HGNC
1688,HGNC:11947,TNNI3,TNNC1,GENE ID:7137,ENSG00000129991,TNNC1,HGNC
1463,HGNC:11708,TDO2,TPH2,GENE ID:6999,ENSG00000151790,TPH2,HGNC
1543,HGNC:11795,THPO,TPO,GENE ID:7066,ENSG00000090534,TPO,HGNC
11835,HGNC:25070,ACD,Tpp1,GENE ID:65057,ENSG00000102977,TPP1,HGNC
5158,HGNC:16197,TP53RK,TPRKB,GENE ID:112858,ENSG00000172315,TPRKB,HGNC
5744,HGNC:16836,TGFBRAP1,TRAP1,GENE ID:9392,ENSG00000135966,TRAP1,HGNC
1827,HGNC:12101,TRAV1-1,TRAV11,GENE ID:28693,ENSG00000255569,TRAV11,HGNC
1545,HGNC:11799,THRB,TRb,GENE ID:7068,ENSG00000151090,TRB,HGNC
16423,HGNC:30646,SND1,TSN,GENE ID:27044,ENSG00000197157,TSN,HGNC
1571,HGNC:11825,NKX2-1,TTF1,GENE ID:7080,ENSG00000136352,TTF1,HGNC
27186,HGNC:42770,LINC00598,TTL,GENE ID:646982,ENSG00000215483,TTL,HGNC
12759,HGNC:26091,TYW2,TYW2,GENE ID:55039,ENSG00000183665,TYW2,HGNC
2315,HGNC:12636,UTS2,UCN2,GENE ID:10911,ENSG00000049247,UCN2,HGNC
2221,HGNC:12530,UGT1A1,UGT1A,GENE ID:54658,ENSG00000241635,UGT1A,HGNC
2244,HGNC:12553,UGT2B4,UGT2B11,GENE ID:7363,ENSG00000156096,UGT2B11,HGNC
12544,HGNC:25847,UBE2Z,USE1,GENE ID:65264,ENSG00000159202,USE1,HGNC
7688,HGNC:19143,USP32,USP10,GENE ID:84669,ENSG00000170832,USP10,HGNC
2299,HGNC:12620,USP21,USP16,GENE ID:27005,ENSG00000143258,USP16,HGNC
2302,HGNC:12624,USP25,USP21,GENE ID:29761,ENSG00000155313,USP21,HGNC
10245,HGNC:23228,CPAMD8,VIP,GENE ID:27151,ENSG00000160111,VIP,HGNC
13727,HGNC:2728,DDOST,WBP1,GENE ID:1650,ENSG00000244038,WBP1,HGNC
17036,HGNC:3147,ECEL1,XCE,GENE ID:9427,ENSG00000171551,XCE,HGNC
2517,HGNC:12904,ZNF121,ZNF20,GENE ID:7675,ENSG00000197961,ZNF20,HGNC
9254,HGNC:21159,RNF141,ZNF230,GENE ID:50862,ENSG00000110315,ZNF230,HGNC
2508,HGNC:12886,ZNF106,ZNF474,GENE ID:64397,ENSG00000103994,ZNF474,HGNC
10325,HGNC:23328,ZFP1,ZNF475,GENE ID:162239,ENSG00000184517,ZNF475,HGNC
