,collision_symbol,ENSG_ID,gene_symbol,source
0, ACC1,"ENSG00000140379, ENSG00000275176","BCL2A1, ACACA",ENSG
1, ACC2,"ENSG00000076555, ENSG00000140379","ACACB, BCL2A1",ENSG
2, ACT,"ENSG00000097021, ENSG00000196136","ACOT7, SERPINA3",ENSG
3, AGPAT9,"ENSG00000138678, ENSG00000153395","GPAT3, LPCAT1",ENSG
4, AIP1,"ENSG00000136848, ENSG00000187391","DAB2IP, MAGI2",ENSG
5, AR,"ENSG00000161513, ENSG00000085662","FDXR, AKR1B1",ENSG
6, ARIP1,"ENSG00000187391, ENSG00000123165","MAGI2, ACTRT1",ENSG
7, ARP,"ENSG00000142599, ENSG00000145050, ENSG00000101246, ENSG00000124812","RERE, MANF, ARFRP1, CRISP1",ENSG
8, ARP1,"ENSG00000101246, ENSG00000116194, ENSG00000124701","ARFRP1, ANGPTL1, APOBEC2",ENSG
9, ARP5,"ENSG00000244509, ENSG00000130812","APOBEC3C, ANGPTL6",ENSG
10, ASP,"ENSG00000148584, ENSG00000101440, ENSG00000057663, ENSG00000108381","A1CF, ASIP, ATG5, ASPA",ENSG
11, AT1,"ENSG00000144891, ENSG00000169359","AGTR1, SLC33A1",ENSG
12, ATPM,"ENSG00000154723, ENSG00000152234","ATP5PF, ATP5F1A",ENSG
13, AUTL1,"ENSG00000125703, ENSG00000168397","ATG4C, ATG4B",ENSG
14, B3GNT1,"ENSG00000174684, ENSG00000170340","B4GAT1, B3GNT2",ENSG
15, BAP1,"ENSG00000121481, ENSG00000151276","RNF2, MAGI1",ENSG
16, C1,"ENSG00000101132, ENSG00000211689","PFDN4, TRGC1",ENSG
17, CA125,"ENSG00000181143, ENSG00000188554","MUC16, NBR1",ENSG
18, CAF1,"ENSG00000167670, ENSG00000159259","CHAF1A, CHAF1B",ENSG
19, CARP,"ENSG00000178538, ENSG00000148481, ENSG00000148677","CA8, MINDY3, ANKRD1",ENSG
20, CDK11-P110,"ENSG00000248333, ENSG00000008128","CDK11B, CDK11A",ENSG
21, CDK11-P46,"ENSG00000008128, ENSG00000248333","CDK11A, CDK11B",ENSG
22, CDK11-P58,"ENSG00000248333, ENSG00000008128","CDK11B, CDK11A",ENSG
23, CDR,"ENSG00000198610, ENSG00000079102","AKR1C4, RUNX1T1",ENSG
24, CED12,"ENSG00000155849, ENSG00000062598, ENSG00000102890","ELMO1, ELMO2, ELMO3",ENSG
25, CEP2,"ENSG00000126001, ENSG00000149798","CEP250, CDC42EP2",ENSG
26, CFAG,"ENSG00000163220, ENSG00000143546","S100A9, S100A8",ENSG
27, CGRP,"ENSG00000163221, ENSG00000110680","S100A12, CALCA",ENSG
28, CHED,"ENSG00000065883, ENSG00000125850","CDK13, OVOL2",ENSG
29, CHS1,"ENSG00000132549, ENSG00000143669","VPS13B, LYST",ENSG
30, CKR-1,"ENSG00000163823, ENSG00000163464","CCR1, CXCR1",ENSG
31, CLA1,"ENSG00000165688, ENSG00000073060","PMPCA, SCARB1",ENSG
32, CLA20,"ENSG00000070718, ENSG00000100478","AP3M2, AP4S1",ENSG
33, CLAMP,"ENSG00000174827, ENSG00000101222","PDZK1, SPEF1",ENSG
34, CLAN,"ENSG00000228742, ENSG00000091106","LINC02577, NLRC4",ENSG
35, CMG1,"ENSG00000096872, ENSG00000185650","IFT74, ZFP36L1",ENSG
36, CMPD2,"ENSG00000183873, ENSG00000118194","SCN5A, TNNT2",ENSG
37, CNIL,"ENSG00000100528, ENSG00000174871","CNIH1, CNIH2",ENSG
38, CO4,"ENSG00000206340, ENSG00000224389","C4A, C4B",ENSG
39, COD5,"ENSG00000102076, ENSG00000268221","OPN1LW, OPN1MW",ENSG
40, COQ8,"ENSG00000163050, ENSG00000123815","COQ8A, COQ8B",ENSG
41, CPX,"ENSG00000147155, ENSG00000080819, ENSG00000122145","EBP, CPOX, TBX22",ENSG
42, CRD,"ENSG00000105392, ENSG00000156313","CRX, RPGR",ENSG
43, CRN,"ENSG00000101343, ENSG00000145244","CRNKL1, CORIN",ENSG
44, CRYG5,"ENSG00000168582, ENSG00000229150","CRYGA, CRYGEP",ENSG
45, CSB,"ENSG00000213218, ENSG00000225830","CSH2, ERCC6",ENSG
46, CSL,"ENSG00000204414, ENSG00000091482","CSHL1, SMPX",ENSG
47, CSN1,"ENSG00000169727, ENSG00000126545","GPS1, CSN1S1",ENSG
48, CT1,"ENSG00000150281, ENSG00000130821","CTF1, SLC6A8",ENSG
49, CTLA1,"ENSG00000100453, ENSG00000100450","GZMB, GZMH",ENSG
50, CTR1,"ENSG00000136868, ENSG00000154781","SLC31A1, CCDC174",ENSG
51, CV2,"ENSG00000164619, ENSG00000157851","BMPER, DPYSL5",ENSG
52, CYP11B,"ENSG00000160882, ENSG00000179142","CYP11B1, CYP11B2",ENSG
53, CYP2A,"ENSG00000197838, ENSG00000255974","CYP2A13, CYP2A6",ENSG
54, CYP2C,"ENSG00000108242, ENSG00000165841","CYP2C18, CYP2C19",ENSG
55, CYPD,"ENSG00000171497, ENSG00000108179","PPID, PPIF",ENSG
56, DA2B,"ENSG00000130595, ENSG00000130598","TNNT3, TNNI2",ENSG
57, DAP,"ENSG00000121351, ENSG00000123992","IAPP, DNPEP",ENSG
58, DCR2,"ENSG00000173530, ENSG00000112486","TNFRSF10D, CCR6",ENSG
59, DEC1,"ENSG00000173077, ENSG00000134107","DELEC1, BHLHE40",ENSG
60, DEFB4,"ENSG00000171711, ENSG00000176782","DEFB4A, DEFB104A",ENSG
61, DFNA3,"ENSG00000165474, ENSG00000121742","GJB2, GJB6",ENSG
62, DGK,"ENSG00000136267, ENSG00000153933","DGKB, DGKE",ENSG
63, DIA1,"ENSG00000100243, ENSG00000181744","CYB5R3, DIPK2A",ENSG
64, DIVA,"ENSG00000137875, ENSG00000230524","BCL2L10, COL6A4P1",ENSG
65, DJ760C5.1,"ENSG00000001626, ENSG00000228593","CFTR, CFTRP1",ENSG
66, DKFZP547P234,"ENSG00000157693, ENSG00000136888","TMEM268, ATP6V1G1",ENSG
67, DMT1,"ENSG00000137090, ENSG00000110911","DMRT1, SLC11A2",ENSG
68, DNF15S2,"ENSG00000164062, ENSG00000173531","APEH, MST1",ENSG
69, DNM1DN11@,"ENSG00000259637, ENSG00000280038","DNM1P38, DNM1P41",ENSG
70, DNM1DN14@,"ENSG00000182397, ENSG00000259660","DNM1P46, DNM1P47",ENSG
71, DNM1DN3@,"ENSG00000260897, ENSG00000261792","DNM1P30, DNM1P28",ENSG
72, DNM1DN4@,"ENSG00000261491, ENSG00000261708, ENSG00000260897","DNM1P31, DNM1P32, DNM1P30",ENSG
73, DNM1DN8@,"ENSG00000246877, ENSG00000260357","DNM1P35, DNM1P34",ENSG
74, DOC1,"ENSG00000111328, ENSG00000164162","CDK2AP1, ANAPC10",ENSG
75, DP1,"ENSG00000129625, ENSG00000198176, ENSG00000168229","REEP5, TFDP1, PTGDR",ENSG
76, DP3,"ENSG00000173801, ENSG00000134982","JUP, APC",ENSG
77, DRP1,"ENSG00000152818, ENSG00000139726","UTRN, DENR",ENSG
78, DRS1,"ENSG00000124228, ENSG00000198721","DDX27, ECI2",ENSG
79, DSK2,"ENSG00000135018, ENSG00000188021","UBQLN1, UBQLN2",ENSG
80, E2,"ENSG00000226344, ENSG00000150768","CST12P, DLAT",ENSG
81, E3,"ENSG00000091140, ENSG00000143149","DLD, ALDH9A1",ENSG
82, EBN,"ENSG00000075043, ENSG00000101204","KCNQ2, CHRNA4",ENSG
83, EBN1,"ENSG00000101204, ENSG00000075043","CHRNA4, KCNQ2",ENSG
84, EDG1,"ENSG00000170989, ENSG00000186834","S1PR1, HEXIM1",ENSG
85, EDG2,"ENSG00000198121, ENSG00000106245","LPAR1, BUD31",ENSG
86, EDHB17,"ENSG00000108785, ENSG00000108786","HSD17B1P1, HSD17B1",ENSG
87, EEG1,"ENSG00000110888, ENSG00000134802","CAPRIN2, SLC43A3",ENSG
88, EIF1A,"ENSG00000173674, ENSG00000173812","EIF1AX, EIF1",ENSG
89, EIF2B,"ENSG00000119718, ENSG00000111361, ENSG00000115211","EIF2B2, EIF2B1, EIF2B4",ENSG
90, EIF4A,"ENSG00000156976, ENSG00000161960","EIF4A2, EIF4A1",ENSG
91, EIF4F,"ENSG00000151247, ENSG00000156976","EIF4E, EIF4A2",ENSG
92, ERF1,"ENSG00000087510, ENSG00000185650, ENSG00000120705","TFAP2C, ZFP36L1, ETF1",ENSG
93, ERV1,"ENSG00000127554, ENSG00000174600","GFER, CMKLR1",ENSG
94, ESA,"ENSG00000119888, ENSG00000132589","EPCAM, FLOT2",ENSG
95, ESA1,"ENSG00000172977, ENSG00000132589","KAT5, FLOT2",ENSG
96, ESO1,"ENSG00000141446, ENSG00000184033","ESCO1, CTAG1B",ENSG
97, ETL1,"ENSG00000108231, ENSG00000163104","LGI1, SMARCAD1",ENSG
98, EVR1,"ENSG00000174804, ENSG00000162337","FZD4, LRP5",ENSG
99, FACD,"ENSG00000139618, ENSG00000144554","BRCA2, FANCD2",ENSG
100, FAD,"ENSG00000080815, ENSG00000144554, ENSG00000139618","PSEN1, FANCD2, BRCA2",ENSG
101, FANCD,"ENSG00000139618, ENSG00000144554","BRCA2, FANCD2",ENSG
102, FBL5,"ENSG00000112234, ENSG00000118564","FBXL4, FBXL5",ENSG
103, FBL7,"ENSG00000183580, ENSG00000173120","FBXL7, KDM2A",ENSG
104, FBS1,"ENSG00000116661, ENSG00000156860","FBXO2, FBRS",ENSG
105, FBX30,"ENSG00000132879, ENSG00000109670","FBXO44, FBXW7",ENSG
106, FCG1,"ENSG00000291135, ENSG00000150337","FCGR1BP, FCGR1A",ENSG
107, FCG2,"ENSG00000072694, ENSG00000143226","FCGR2B, FCGR2A",ENSG
108, FCG3,"ENSG00000203747, ENSG00000162747","FCGR3A, FCGR3B",ENSG
109, FCGR1,"ENSG00000150337, ENSG00000291135","FCGR1A, FCGR1BP",ENSG
110, FCGR2,"ENSG00000143226, ENSG00000072694","FCGR2A, FCGR2B",ENSG
111, FCGR3,"ENSG00000203747, ENSG00000162747","FCGR3A, FCGR3B",ENSG
112, FDH,"ENSG00000144908, ENSG00000197894","ALDH1L1, ADH5",ENSG
113, FIG,"ENSG00000047932, ENSG00000165507","GOPC, DEPP1",ENSG
114, FLIP,"ENSG00000000460, ENSG00000003402","FIRRM, CFLAR",ENSG
115, FLJ43692,"ENSG00000288370, ENSG00000213214","CTAGE4, ARHGEF35",ENSG
116, FOP,"ENSG00000213066, ENSG00000160679","CEP43, CHTOP",ENSG
117, FRA,"ENSG00000110195, ENSG00000177548","FOLR1, RABEP2",ENSG
118, FRAG1,"ENSG00000176208, ENSG00000148985","ATAD5, PGAP2",ENSG
119, FRG,"ENSG00000110203, ENSG00000006607","FOLR3, FARP2",ENSG
120, FRITZ,"ENSG00000143951, ENSG00000162998","WDPCP, FRZB",ENSG
121, FSP1,"ENSG00000196154, ENSG00000198513, ENSG00000042286","S100A4, ATL1, AIFM2",ENSG
122, FSSV,"ENSG00000130595, ENSG00000130598","TNNT3, TNNI2",ENSG
123, FUS1,"ENSG00000089280, ENSG00000114383","FUS, TUSC2",ENSG
124, FY,"ENSG00000010361, ENSG00000213088","FUZ, ACKR1",ENSG
125, G10,"ENSG00000106245, ENSG00000204366","BUD31, ZBTB12",ENSG
126, G18,"ENSG00000206314, ENSG00000114737","GPSM3, CISH",ENSG
127, G2,"ENSG00000110427, ENSG00000229150, ENSG00000204469","KIAA1549L, CRYGEP, PRRC2A",ENSG
128, GALNT15,"ENSG00000110328, ENSG00000106648","GALNT18, GALNTL5",ENSG
129, GARP,"ENSG00000070729, ENSG00000137507","CNGB1, LRRC32",ENSG
130, GAS,"ENSG00000280789, ENSG00000141012","PAGR1, GALNS",ENSG
131, GBP,"ENSG00000006118, ENSG00000033800","TMEM132A, PIAS1",ENSG
132, GCAP,"ENSG00000163286, ENSG00000048545","ALPG, GUCA1A",ENSG
133, GCD10,"ENSG00000088766, ENSG00000089195","CRLS1, TRMT6",ENSG
134, GCP2,"ENSG00000130640, ENSG00000086205","TUBGCP2, FOLH1",ENSG
135, GDA,"ENSG00000122912, ENSG00000122133","SLC25A16, PAEP",ENSG
136, GEMIN1,"ENSG00000172062, ENSG00000205571","SMN1, SMN2",ENSG
137, GID2,"ENSG00000145916, ENSG00000153561","RMND5B, RMND5A",ENSG
138, GIG1,"ENSG00000164684, ENSG00000142871","ZNF704, CCN1",ENSG
139, GLP1,"ENSG00000220201, ENSG00000115263","ZGLP1, GCG",ENSG
140, GLUC,"ENSG00000177628, ENSG00000249948, ENSG00000291137","GBA1, GBA3, GBA1LP",ENSG
141, GLYT1,"ENSG00000131446, ENSG00000196517","MGAT1, SLC6A9",ENSG
142, GLYT2,"ENSG00000204136, ENSG00000165970","GGTA1, SLC6A5",ENSG
143, GOT1,"ENSG00000174567, ENSG00000111711","GOLT1A, GOLT1B",ENSG
144, GP110,"ENSG00000130706, ENSG00000129226","ADRM1, CD68",ENSG
145, GPD,"ENSG00000213088, ENSG00000136732","ACKR1, GYPC",ENSG
146, GRINL1A,"ENSG00000255529, ENSG00000137878","POLR2M, GCOM1",ENSG
147, GUCY2B,"ENSG00000159899, ENSG00000113389","NPR2, NPR3",ENSG
148, GUP1,"ENSG00000263155, ENSG00000010282","MYZAP, HHATL",ENSG
149, H1,"ENSG00000169504, ENSG00000136631","CLIC4, VPS45",ENSG
150, H2,"ENSG00000107014, ENSG00000077782","RLN2, FGFR1",ENSG
151, H2A/Q,"ENSG00000288825, ENSG00000184260","H2AC18, H2AC20",ENSG
152, H4,"ENSG00000077782, ENSG00000108091","FGFR1, CCDC6",ENSG
153, H5,"ENSG00000108387, ENSG00000077782","SEPTIN4, FGFR1",ENSG
154, HARP,"ENSG00000175311, ENSG00000136859, ENSG00000125779","ANKS4B, ANGPTL2, PANK2",ENSG
155, HCA2,"ENSG00000182782, ENSG00000165509","HCAR2, MAGEC3",ENSG
156, HCAP,"ENSG00000161634, ENSG00000108055","DCD, SMC3",ENSG
157, HCC-1,"ENSG00000276409, ENSG00000205323","CCL14, SARNP",ENSG
158, HCC-2,"ENSG00000181991, ENSG00000239264","MRPS11, TXNDC5",ENSG
159, HCC-4,"ENSG00000275095, ENSG00000153250","CCL16, RBMS1",ENSG
160, HCCR-2,"ENSG00000184992, ENSG00000050426","BRI3BP, LETMD1",ENSG
161, HCG1,"ENSG00000136243, ENSG00000137397","NUP42, TRIM31",ENSG
162, HCP,"ENSG00000106927, ENSG00000080819","AMBP, CPOX",ENSG
163, HCR,"ENSG00000121797, ENSG00000204536","CCRL2, CCHCR1",ENSG
164, HE2,"ENSG00000178287, ENSG00000164871","SPAG11A, SPAG11B",ENSG
165, HED,"ENSG00000121742, ENSG00000158813, ENSG00000164107","GJB6, EDA, HAND2",ENSG
166, HEN1,"ENSG00000171786, ENSG00000162639","NHLH1, HENMT1",ENSG
167, HEPIS,"ENSG00000166352, ENSG00000258315","IFTAP, C17orf49",ENSG
168, HGF,"ENSG00000115904, ENSG00000136244","SOS1, IL6",ENSG
169, HGPS,"ENSG00000084073, ENSG00000154134, ENSG00000160789","ZMPSTE24, ROBO3, LMNA",ENSG
170, HI,"ENSG00000006071, ENSG00000147081","ABCC8, AKAP4",ENSG
171, HIP,"ENSG00000100380, ENSG00000162244, ENSG00000164161","ST13, RPL29, HHIP",ENSG
172, HK,"ENSG00000113889, ENSG00000075673","KNG1, ATP12A",ENSG
173, HLAL,"ENSG00000239618, ENSG00000182333","HLA-L, LIPF",ENSG
174, HLP,"ENSG00000173805, ENSG00000204351, ENSG00000100453","HAP1, SKIC2, GZMB",ENSG
175, HLP2,"ENSG00000215301, ENSG00000115756","DDX3X, HPCAL1",ENSG
176, HNPCC,"ENSG00000076242, ENSG00000095002","MLH1, MSH2",ENSG
177, HPS,"ENSG00000104760, ENSG00000107521","FGL1, HPS1",ENSG
178, HPS2,"ENSG00000160182, ENSG00000132842","TFF1, AP3B1",ENSG
179, HREP,"ENSG00000171931, ENSG00000241322","FBXW10, FBXW10B",ENSG
180, HS1,"ENSG00000180353, ENSG00000101210, ENSG00000134308","HCLS1, EEF1A2, YWHAQ",ENSG
181, HSPCA,"ENSG00000224411, ENSG00000080824","HSP90AA2P, HSP90AA1",ENSG
182, HSS,"ENSG00000125779, ENSG00000008294, ENSG00000127554","PANK2, SPAG9, GFER",ENSG
183, HTR3,"ENSG00000146731, ENSG00000166736","CCT6A, HTR3A",ENSG
184, IAP,"ENSG00000121351, ENSG00000102158","IAPP, MAGT1",ENSG
185, IBP1,"ENSG00000089289, ENSG00000146678","IGBP1, IGFBP1",ENSG
186, ICIS,"ENSG00000132938, ENSG00000129422","MTUS2, MTUS1",ENSG
187, ICLN,"ENSG00000074201, ENSG00000213335","CLNS1A, CLNS1AP1",ENSG
188, IDD,"ENSG00000092758, ENSG00000070413","COL9A3, DGCR2",ENSG
189, IF,"ENSG00000134812, ENSG00000205403","CBLIF, CFI",ENSG
190, IGER,"ENSG00000149534, ENSG00000136147","MS4A2, PHF11",ENSG
191, IGNT,"ENSG00000111846, ENSG00000174684","GCNT2, B4GAT1",ENSG
192, IGSF13,"ENSG00000186074, ENSG00000144847","CD300LF, IGSF11",ENSG
193, IL-25,"ENSG00000074842, ENSG00000166090","MYDGF, IL25",ENSG
194, IL-27,"ENSG00000172458, ENSG00000074842","IL17D, MYDGF",ENSG
195, IL1RA,"ENSG00000136689, ENSG00000115594","IL1RN, IL1R1",ENSG
196, IL27,"ENSG00000074842, ENSG00000172458","MYDGF, IL17D",ENSG
197, IMP1,"ENSG00000159217, ENSG00000101294","IGF2BP1, HM13",ENSG
198, IMP2,"ENSG00000184903, ENSG00000157837","IMMP2L, SPPL3",ENSG
199, INOS,"ENSG00000007171, ENSG00000105655","NOS2, ISYNA1",ENSG
200, INT6,"ENSG00000104408, ENSG00000102786","EIF3E, INTS6",ENSG
201, IPOB,"ENSG00000291237, ENSG00000108424","SOD2, KPNB1",ENSG
202, IRAP,"ENSG00000113441, ENSG00000136689","LNPEP, IL1RN",ENSG
203, ISO1,"ENSG00000173812, ENSG00000167720","EIF1, SRR",ENSG
204, ISWI,"ENSG00000102038, ENSG00000153147","SMARCA1, SMARCA5",ENSG
205, KGA,"ENSG00000115419, ENSG00000162989","GLS, KCNJ3",ENSG
206, KIAA0172,"ENSG00000132854, ENSG00000107104","KANK4, KANK1",ENSG
207, KIAA0229,"ENSG00000124678, ENSG00000064999","TCP11, ANKS1A",ENSG
208, KIAA0266,"ENSG00000253710, ENSG00000253797","ALG11, UTP14C",ENSG
209, KIAA0705,"ENSG00000187391, ENSG00000123165","MAGI2, ACTRT1",ENSG
210, KIAA1426,"ENSG00000206053, ENSG00000007545","JPT2, CRAMP1",ENSG
211, KIP2,"ENSG00000129757, ENSG00000136425","CDKN1C, CIB2",ENSG
212, KLIP1,"ENSG00000137207, ENSG00000151725","YIPF3, CENPU",ENSG
213, KOX31,"ENSG00000196693, ENSG00000189180","ZNF33B, ZNF33A",ENSG
214, KS,"ENSG00000182871, ENSG00000151093","COL18A1, OXSM",ENSG
215, KS1,"ENSG00000145824, ENSG00000161298","CXCL14, ZNF382",ENSG
216, L19,"ENSG00000243290, ENSG00000108298, ENSG00000160584","IGKV1-12, RPL19, SIK3",ENSG
217, L30,"ENSG00000137876, ENSG00000156482","RSL24D1, RPL30",ENSG
218, LACS2,"ENSG00000151726, ENSG00000164398","ACSL1, ACSL6",ENSG
219, LAGE2A,"ENSG00000268651, ENSG00000184033","CTAG1A, CTAG1B",ENSG
220, LAK,"ENSG00000073331, ENSG00000188042","ALPK1, ARL4C",ENSG
221, LAMP,"ENSG00000078081, ENSG00000185565","LAMP3, LSAMP",ENSG
222, LAP,"ENSG00000172216, ENSG00000151849","CEBPB, CENPJ",ENSG
223, LAP1,"ENSG00000143337, ENSG00000166825, ENSG00000131323","TOR1AIP1, ANPEP, TRAF3",ENSG
224, LAS1,"ENSG00000001497, ENSG00000118307","LAS1L, DNAI7",ENSG
225, LCA,"ENSG00000081237, ENSG00000132518","PTPRC, GUCY2D",ENSG
226, LE,"ENSG00000100099, ENSG00000171124","HPS4, FUT3",ENSG
227, LFA-1,"ENSG00000005844, ENSG00000160255","ITGAL, ITGB2",ENSG
228, LGL1,"ENSG00000131899, ENSG00000103196","LLGL1, CRISPLD2",ENSG
229, LGS,"ENSG00000182197, ENSG00000146166","EXT1, LGSN",ENSG
230, LIM1,"ENSG00000273706, ENSG00000135517","LHX1, MIP",ENSG
231, LIN-10,"ENSG00000034053, ENSG00000125149","APBA2, PHAF1",ENSG
232, LIP1,"ENSG00000151849, ENSG00000144589","CENPJ, STK11IP",ENSG
233, LIP2,"ENSG00000216740, ENSG00000182718","ANXA2P3, ANXA2",ENSG
234, LMNL1,"ENSG00000160789, ENSG00000185621","LMNA, LMLN",ENSG
235, LNP,"ENSG00000137804, ENSG00000144320","NUSAP1, LNPK",ENSG
236, LPAP,"ENSG00000162836, ENSG00000213402","ACP6, PTPRCAP",ENSG
237, LRF,"ENSG00000164463, ENSG00000178951","CREBRF, ZBTB7A",ENSG
238, LRP,"ENSG00000168028, ENSG00000132670, ENSG00000123384","RPSA, PTPRA, LRP1",ENSG
239, LRP9,"ENSG00000197324, ENSG00000137642","LRP10, SORL1",ENSG
240, M-ABC1,"ENSG00000033050, ENSG00000197150","ABCF2, ABCB8",ENSG
241, M-ABC2,"ENSG00000135776, ENSG00000274099","ABCB10, ABCB10P1",ENSG
242, MAC-1,"ENSG00000160255, ENSG00000169896","ITGB2, ITGAM",ENSG
243, MAD1,"ENSG00000059728, ENSG00000002822","MXD1, MAD1L1",ENSG
244, MAD2,"ENSG00000119950, ENSG00000164109","MXI1, MAD2L1",ENSG
245, MADA,"ENSG00000160789, ENSG00000116748","LMNA, AMPD1",ENSG
246, MADM,"ENSG00000115216, ENSG00000137845","NRBP1, ADAM10",ENSG
247, MAGE1,"ENSG00000154545, ENSG00000198681","MAGED4, MAGEA1",ENSG
248, MAK3,"ENSG00000139977, ENSG00000121579","NAA30, NAA50",ENSG
249, MART1,"ENSG00000254656, ENSG00000120215","RTL1, MLANA",ENSG
250, MART2,"ENSG00000242265, ENSG00000054392","PEG10, HHAT",ENSG
251, MASA,"ENSG00000198910, ENSG00000145293","L1CAM, ENOPH1",ENSG
252, MAST,"ENSG00000165698, ENSG00000090487","SPACA9, SPG21",ENSG
253, MBP,"ENSG00000165471, ENSG00000186652","MBL2, PRG2",ENSG
254, MBP-1,"ENSG00000074800, ENSG00000095951","ENO1, HIVEP1",ENSG
255, MCAF,"ENSG00000171681, ENSG00000108691","ATF7IP, CCL2",ENSG
256, MCD,"ENSG00000185499, ENSG00000103150","MUC1, MLYCD",ENSG
257, MCDR2,"ENSG00000007062, ENSG00000151632","PROM1, AKR1C2",ENSG
258, MCH2,"ENSG00000152034, ENSG00000138794","MCHR2, CASP6",ENSG
259, MCS,"ENSG00000075643, ENSG00000126970","MOCOS, ZC4H2",ENSG
260, MCT1,"ENSG00000100294, ENSG00000155380","MCAT, SLC16A1",ENSG
261, MCT7,"ENSG00000108932, ENSG00000147100","SLC16A6, SLC16A2",ENSG
262, MDR1,"ENSG00000109436, ENSG00000085563","TBC1D9, ABCB1",ENSG
263, MDSP,"ENSG00000293543, ENSG00000079393","DUSP13A, DUSP13B",ENSG
264, MED,"ENSG00000049089, ENSG00000196876, ENSG00000105664, ENSG00000092758","COL9A2, SCN8A, COMP, COL9A3",ENSG
265, MEF,"ENSG00000103313, ENSG00000102034","MEFV, ELF4",ENSG
266, MEGT1,"ENSG00000206402, ENSG00000250641","LY6G6D, LY6G6F-LY6G6D",ENSG
267, METTL2,"ENSG00000165055, ENSG00000087995","METTL2B, METTL2A",ENSG
268, MGC5228,"ENSG00000172460, ENSG00000136450","PRSS30P, SRSF1",ENSG
269, MIA1,"ENSG00000261857, ENSG00000163885","MIA, CFAP100",ENSG
270, MIC1,"ENSG00000130513, ENSG00000141452","GDF15, RMC1",ENSG
271, MIC10,"ENSG00000173436, ENSG00000117335","MICOS10, CD46",ENSG
272, MIF2,"ENSG00000145241, ENSG00000099977","CENPC, DDT",ENSG
273, MINERVA,"ENSG00000118855, ENSG00000136830","MFSD1, NIBAN2",ENSG
274, MINK,"ENSG00000141503, ENSG00000180509","MINK1, KCNE1",ENSG
275, MINT,"ENSG00000274768, ENSG00000065526","CISD3, SPEN",ENSG
276, MIO,"ENSG00000009950, ENSG00000164654","MLXIPL, MIOS",ENSG
277, MIP,"ENSG00000083312, ENSG00000274847","TNPO1, MAFIP",ENSG
278, MIP-2A,"ENSG00000081041, ENSG00000196459","CXCL2, TRAPPC2",ENSG
279, MIP1,"ENSG00000083312, ENSG00000141564, ENSG00000119487","TNPO1, RPTOR, MAPKAP1",ENSG
280, MIR,"ENSG00000007944, ENSG00000165406, ENSG00000175727","MYLIP, MARCHF8, MLXIP",ENSG
281, MIZ,"ENSG00000078043, ENSG00000108175","PIAS2, ZMIZ1",ENSG
282, MK,"ENSG00000110492, ENSG00000110921","MDK, MVK",ENSG
283, MK3,"ENSG00000114738, ENSG00000177272","MAPKAPK3, KCNA3",ENSG
284, ML-1,"ENSG00000132932, ENSG00000112116","ATP8A2, IL17F",ENSG
285, MLCK,"ENSG00000140795, ENSG00000065534","MYLK3, MYLK",ENSG
286, MLL2,"ENSG00000272333, ENSG00000167548","KMT2B, KMT2D",ENSG
287, MLL4,"ENSG00000272333, ENSG00000167548","KMT2B, KMT2D",ENSG
288, MLP,"ENSG00000175130, ENSG00000129170","MARCKSL1, CSRP3",ENSG
289, MLP1,"ENSG00000091262, ENSG00000175130","ABCC6, MARCKSL1",ENSG
290, MN,"ENSG00000170180, ENSG00000107159","GYPA, CA9",ENSG
291, MNAB,"ENSG00000056586, ENSG00000165204","RC3H2, OR1K1",ENSG
292, MNS,"ENSG00000197465, ENSG00000170180, ENSG00000250361","GYPE, GYPA, GYPB",ENSG
293, MOP3,"ENSG00000139697, ENSG00000133794","SBNO1, BMAL1",ENSG
294, MOX2,"ENSG00000091972, ENSG00000106511","CD200, MEOX2",ENSG
295, MP1,"ENSG00000109270, ENSG00000107959","LAMTOR3, PITRM1",ENSG
296, MPS1,"ENSG00000177954, ENSG00000112742","RPS27, TTK",ENSG
297, MRCL3,"ENSG00000101608, ENSG00000157335","MYL12A, CLEC18C",ENSG
298, MRG1,"ENSG00000218283, ENSG00000134138","MORF4L1P1, MEIS2",ENSG
299, MRG2,"ENSG00000105419, ENSG00000179277","MEIS3, MEIS3P1",ENSG
300, MRK,"ENSG00000112144, ENSG00000091436","CILK1, MAP3K20",ENSG
301, MRP,"ENSG00000116729, ENSG00000103222","WLS, ABCC1",ENSG
302, MRP-L15,"ENSG00000137547, ENSG00000115364","MRPL15, MRPL19",ENSG
303, MRP1,"ENSG00000113318, ENSG00000103222","MSH3, ABCC1",ENSG
304, MRP2,"ENSG00000023839, ENSG00000150361","ABCC2, KLHL1",ENSG
305, MRP6,"ENSG00000163221, ENSG00000091262","S100A12, ABCC6",ENSG
306, MRP7,"ENSG00000124574, ENSG00000001626","ABCC10, CFTR",ENSG
307, MRP8,"ENSG00000143546, ENSG00000006071","S100A8, ABCC8",ENSG
308, MS4A4,"ENSG00000110079, ENSG00000166959","MS4A4A, MS4A8",ENSG
309, MSF,"ENSG00000115414, ENSG00000116690, ENSG00000184640","FN1, PRG4, SEPTIN9",ENSG
310, MSH,"ENSG00000120149, ENSG00000115138","MSX2, POMC",ENSG
311, MSK16,"ENSG00000157766, ENSG00000173546","ACAN, CSPG4",ENSG
312, MSP,"ENSG00000263639, ENSG00000173531, ENSG00000185621","MSMB, MST1, LMLN",ENSG
313, MST,"ENSG00000130758, ENSG00000125459","MAP3K10, MSTO1",ENSG
314, MT1K,"ENSG00000205364, ENSG00000125144","MT1M, MT1G",ENSG
315, MTB,"ENSG00000255986, ENSG00000146918","MT1JP, NCAPG2",ENSG
316, MTF,"ENSG00000260549, ENSG00000163975","MT1L, MELTF",ENSG
317, MTR1,"ENSG00000070985, ENSG00000137200","TRPM5, CMTR1",ENSG
318, MTS1,"ENSG00000196154, ENSG00000147889","S100A4, CDKN2A",ENSG
319, MU,"ENSG00000134184, ENSG00000188428, ENSG00000106588","GSTM1, BLOC1S5, PSMA2",ENSG
320, MU2,"ENSG00000129354, ENSG00000161203","AP1M2, AP2M1",ENSG
321, MUM1,"ENSG00000160953, ENSG00000137265","PWWP3A, IRF4",ENSG
322, MUM2,"ENSG00000146457, ENSG00000170043","WTAP, TRAPPC1",ENSG
323, MYM,"ENSG00000197056, ENSG00000147130, ENSG00000163867, ENSG00000121741, ENSG00000146463","ZMYM1, ZMYM3, ZMYM6, ZMYM2, ZMYM4",ENSG
324, NABC1,"ENSG00000088836, ENSG00000064787","SLC4A11, BCAS1",ENSG
325, NAC,"ENSG00000091592, ENSG00000047597","NLRP1, XK",ENSG
326, NAC1,"ENSG00000160877, ENSG00000144285","NACC1, SCN1A",ENSG
327, NAP1,"ENSG00000101473, ENSG00000163512, ENSG00000131400, ENSG00000187109, ENSG00000169429, ENSG00000061676","ACOT8, AZI2, NAPSA, NAP1L1, CXCL8, NCKAP1",ENSG
328, NAT3,"ENSG00000139209, ENSG00000173418","SLC38A4, NAA20",ENSG
329, NAT5,"ENSG00000121579, ENSG00000173418","NAA50, NAA20",ENSG
330, NBP,"ENSG00000073282, ENSG00000068120","TP63, COASY",ENSG
331, NBR,"ENSG00000187609, ENSG00000130762","EXD3, ARHGEF16",ENSG
332, NBS1,"ENSG00000022556, ENSG00000104320","NLRP2, NBN",ENSG
333, ND1,"ENSG00000116679, ENSG00000198888","IVNS1ABP, MT-ND1",ENSG
334, NDR1,"ENSG00000104419, ENSG00000112079","NDRG1, STK38",ENSG
335, NEP,"ENSG00000137332, ENSG00000196549","DDR1, MME",ENSG
336, NET,"ENSG00000103546, ENSG00000111145","SLC6A2, ELK3",ENSG
337, NET1,"ENSG00000103546, ENSG00000134186, ENSG00000165970","SLC6A2, PRPF38B, SLC6A5",ENSG
338, NEUROPSIN,"ENSG00000124818, ENSG00000129455","OPN5, KLK8",ENSG
339, NF-E1,"ENSG00000102145, ENSG00000100811","GATA1, YY1",ENSG
340, NG2,"ENSG00000173546, ENSG00000183574","CSPG4, RNF5",ENSG
341, NIK,"ENSG00000006062, ENSG00000071054","MAP3K14, MAP4K4",ENSG
342, NIP,"ENSG00000214960, ENSG00000140254, ENSG00000123159","CRPPA, DUOXA1, GIPC1",ENSG
343, NIP1,"ENSG00000114503, ENSG00000125967","NCBP2, NECAB3",ENSG
344, NIRF,"ENSG00000147854, ENSG00000127743","UHRF2, IL17B",ENSG
345, NKH,"ENSG00000145020, ENSG00000178445","AMT, GLDC",ENSG
346, NKIR,"ENSG00000115353, ENSG00000186074","TACR1, CD300LF",ENSG
347, NKR,"ENSG00000169836, ENSG00000111796","TACR3, KLRB1",ENSG
348, NL2,"ENSG00000167772, ENSG00000142606","ANGPTL4, MMEL1",ENSG
349, NLG1,"ENSG00000126259, ENSG00000169760","KIRREL2, NLGN1",ENSG
350, NOC4,"ENSG00000184967, ENSG00000131148","NOC4L, EMC8",ENSG
351, NOR1,"ENSG00000116885, ENSG00000119508","OSCP1, NR4A3",ENSG
352, NOS,"ENSG00000089250, ENSG00000007171","NOS1, NOS2",ENSG
353, NOV,"ENSG00000136999, ENSG00000147403","CCN3, RPL10",ENSG
354, NPL3,"ENSG00000186310, ENSG00000270647","NAP1L3, TAF15",ENSG
355, NR1,"ENSG00000176884, ENSG00000188566","GRIN1, NDOR1",ENSG
356, NRF2,"ENSG00000154727, ENSG00000116044","GABPA, NFE2L2",ENSG
357, NRP,"ENSG00000187109, ENSG00000099250, ENSG00000123240","NAP1L1, NRP1, OPTN",ENSG
358, NRXN4,"ENSG00000108797, ENSG00000174469","CNTNAP1, CNTNAP2",ENSG
359, NS,"ENSG00000163938, ENSG00000133710","GNL3, SPINK5",ENSG
360, NSCL2,"ENSG00000177551, ENSG00000147133","NHLH2, TAF1",ENSG
361, NSE2,"ENSG00000156831, ENSG00000168672","NSMCE2, LRATD2",ENSG
362, NY-REN-2,"ENSG00000270503, ENSG00000198492","YTHDF2P1, YTHDF2",ENSG
363, OAT6,"ENSG00000004809, ENSG00000197847","SLC22A16, SLC22A20P",ENSG
364, OAZ,"ENSG00000102935, ENSG00000104904","ZNF423, OAZ1",ENSG
365, OCC-1,"ENSG00000235162, ENSG00000163430","C12orf75, FSTL1",ENSG
366, OCC1,"ENSG00000235162, ENSG00000163430","C12orf75, FSTL1",ENSG
367, OCP2,"ENSG00000231234, ENSG00000113558","SKP1P1, SKP1",ENSG
368, OCT3,"ENSG00000204531, ENSG00000146477","POU5F1, SLC22A3",ENSG
369, ODC1L,"ENSG00000155096, ENSG00000142920","AZIN1, AZIN2",ENSG
370, ODZ3,"ENSG00000009694, ENSG00000218336","TENM1, TENM3",ENSG
371, OLF1,"ENSG00000167825, ENSG00000164330","OR5I1, EBF1",ENSG
372, OLF4P,"ENSG00000268834, ENSG00000172148","OR7A1P, OR7A2P",ENSG
373, OPG,"ENSG00000164761, ENSG00000118903","TNFRSF11B, BTF3P11",ENSG
374, OR7E68P,"ENSG00000235623, ENSG00000228547","OR7E110P, OR7E26P",ENSG
375, ORF1,"ENSG00000135541, ENSG00000213672","AHI1, NCKIPSD",ENSG
376, ORF26,"ENSG00000234965, ENSG00000157796","SHISA8, WDR19",ENSG
377, ORP1,"ENSG00000104237, ENSG00000141447","RP1, OSBPL1A",ENSG
378, OSR1,"ENSG00000172939, ENSG00000132823","OXSR1, OSER1",ENSG
379, OST,"ENSG00000126217, ENSG00000244038","MCF2L, DDOST",ENSG
380, OTX3,"ENSG00000105392, ENSG00000197587","CRX, DMBX1",ENSG
381, OX2R,"ENSG00000137252, ENSG00000163606","HCRTR2, CD200R1",ENSG
382, P0,"ENSG00000089157, ENSG00000158887","RPLP0, MPZ",ENSG
383, P1,"ENSG00000137818, ENSG00000128274, ENSG00000180644, ENSG00000232799","RPLP1, A4GALT, PRF1, CRYGFP",ENSG
384, P105,"ENSG00000109320, ENSG00000077150, ENSG00000142186","NFKB1, NFKB2, SCYL1",ENSG
385, P11,"ENSG00000197747, ENSG00000223496","S100A10, EXOSC6",ENSG
386, P120,"ENSG00000111641, ENSG00000198561, ENSG00000145715","NOP2, CTNND1, RASA1",ENSG
387, P13,"ENSG00000235655, ENSG00000171311","H3P6, EXOSC1",ENSG
388, P14,"ENSG00000132792, ENSG00000147889, ENSG00000115128, ENSG00000163220, ENSG00000116586, ENSG00000167797","CTNNBL1, CDKN2A, SF3B6, S100A9, LAMTOR2, CDK2AP2",ENSG
389, P15,"ENSG00000147883, ENSG00000132661, ENSG00000086504, ENSG00000113387","CDKN2B, NXT1, MRPL28, SUB1",ENSG
390, P150,"ENSG00000166825, ENSG00000097007, ENSG00000167670","ANPEP, ABL1, CHAF1A",ENSG
391, P17,"ENSG00000148229, ENSG00000196550","POLE3, FAM72A",ENSG
392, P18,"ENSG00000230618, ENSG00000186448, ENSG00000198517, ENSG00000124802, ENSG00000123080, ENSG00000149357, ENSG00000179636, ENSG00000138085","H3P12, ZNF197, MAFK, EEF1E1, CDKN2C, LAMTOR1, TPPP2, ATRAID",ENSG
393, P180,"ENSG00000101868, ENSG00000125844","POLA1, RRBP1",ENSG
394, P19,"ENSG00000147889, ENSG00000110944, ENSG00000129355","CDKN2A, IL23A, CDKN2D",ENSG
395, P200,"ENSG00000008869, ENSG00000189079, ENSG00000066777","HEATR5B, ARID2, ARFGEF1",ENSG
396, P21,"ENSG00000168824, ENSG00000178458, ENSG00000124762","NSG1, H3P16, CDKN1A",ENSG
397, P22,"ENSG00000215021, ENSG00000187446, ENSG00000197102","PHB2, CHP1, DYNC1H1",ENSG
398, P220,"ENSG00000114867, ENSG00000149308","EIF4G1, NPAT",ENSG
399, P24,"ENSG00000187446, ENSG00000010278","CHP1, CD9",ENSG
400, P28,"ENSG00000108587, ENSG00000148834, ENSG00000197272, ENSG00000163879","GOSR1, GSTO1, IL27, DNALI1",ENSG
401, P29,"ENSG00000117592, ENSG00000196415, ENSG00000117614","PRDX6, PRTN3, SYF2",ENSG
402, P3,"ENSG00000126903, ENSG00000171824","SLC10A3, EXOSC10",ENSG
403, P31,"ENSG00000053501, ENSG00000099341, ENSG00000131100","USE1, PSMD8, ATP6V1E1",ENSG
404, P32,"ENSG00000108561, ENSG00000153563","C1QBP, CD8A",ENSG
405, P34,"ENSG00000111358, ENSG00000103591, ENSG00000134480","GTF2H3, AAGAB, CCNH",ENSG
406, P35,"ENSG00000168811, ENSG00000243566, ENSG00000160339, ENSG00000176749","IL12A, UPK3B, FCN2, CDK5R1",ENSG
407, P36,"ENSG00000122643, ENSG00000220875","NT5C3A, H3C9P",ENSG
408, P37,"ENSG00000172116, ENSG00000134480","CD8B, CCNH",ENSG
409, P38,"ENSG00000106305, ENSG00000100591, ENSG00000112062","AIMP2, AHSA1, MAPK14",ENSG
410, P39,"ENSG00000171450, ENSG00000159720","CDK5R2, ATP6V0D1",ENSG
411, P40,"ENSG00000100916, ENSG00000103035, ENSG00000073282, ENSG00000145839, ENSG00000117395, ENSG00000115365, ENSG00000198520, ENSG00000168028, ENSG00000116584","BRMS1L, PSMD7, TP63, IL9, EBNA1BP2, LANCL1, ARMH1, RPSA, ARHGEF2",ENSG
412, P44,"ENSG00000116455, ENSG00000145736, ENSG00000137965","WDR77, GTF2H2, IFI44",ENSG
413, P47,"ENSG00000105472, ENSG00000270433, ENSG00000153487, ENSG00000088833","CLEC11A, H3P37, ING1, NSFL1C",ENSG
414, P48,"ENSG00000259389, ENSG00000100380, ENSG00000168267","H3P38, ST13, PTF1A",ENSG
415, P50,"ENSG00000101017, ENSG00000102606, ENSG00000138303, ENSG00000109320","CD40, ARHGEF7, ASCC1, NFKB1",ENSG
416, P51,"ENSG00000265541, ENSG00000073282, ENSG00000197024","H3P41, TP63, ZNF398",ENSG
417, P52,"ENSG00000077150, ENSG00000164985","NFKB2, PSIP1",ENSG
418, P54,"ENSG00000116754, ENSG00000147140, ENSG00000096060","SRSF11, NONO, FKBP5",ENSG
419, P55,"ENSG00000157554, ENSG00000226881, ENSG00000075618","ERG, H3P44, FSCN1",ENSG
420, P56,"ENSG00000123106, ENSG00000138769","CCDC91, CDKL2",ENSG
421, P57,"ENSG00000102879, ENSG00000129757","CORO1A, CDKN1C",ENSG
422, P58,"ENSG00000243772, ENSG00000119318, ENSG00000167004, ENSG00000102580","KIR2DL3, RAD23B, PDIA3, DNAJC3",ENSG
423, P6,"ENSG00000163221, ENSG00000123737","S100A12, EXOSC9",ENSG
424, P60,"ENSG00000050327, ENSG00000161011","ARHGEF5, SQSTM1",ENSG
425, P600,"ENSG00000127481, ENSG00000169194","UBR4, IL13",ENSG
426, P62,"ENSG00000121774, ENSG00000132912, ENSG00000110768, ENSG00000213024, ENSG00000161011, ENSG00000073792","KHDRBS1, DCTN4, GTF2H1, NUP62, SQSTM1, IGF2BP2",ENSG
427, P63,"ENSG00000136026, ENSG00000073282","CKAP4, TP63",ENSG
428, P65,"ENSG00000173039, ENSG00000114745","RELA, GORASP1",ENSG
429, P67,"ENSG00000111142, ENSG00000105383","METAP2, CD33",ENSG
430, P68,"ENSG00000108654, ENSG00000077514","DDX5, POLD3",ENSG
431, P75,"ENSG00000164985, ENSG00000028137, ENSG00000071564","PSIP1, TNFRSF1B, TCF3",ENSG
432, P8,"ENSG00000143546, ENSG00000185290, ENSG00000182712, ENSG00000075914, ENSG00000176046","S100A8, NUPR2, CMC4, EXOSC7, NUPR1",ENSG
433, P84,"ENSG00000125503, ENSG00000079134, ENSG00000198053","PPP1R12C, THOC1, SIRPA",ENSG
434, P85,"ENSG00000102606, ENSG00000088808, ENSG00000125503, ENSG00000145675","ARHGEF7, PPP1R13B, PPP1R12C, PIK3R1",ENSG
435, P8MTCP1,"ENSG00000214827, ENSG00000182712","MTCP1, CMC4",ENSG
436, P90,"ENSG00000127022, ENSG00000072274","CANX, TFRC",ENSG
437, P97,"ENSG00000175166, ENSG00000179409, ENSG00000165280, ENSG00000153774, ENSG00000110321","PSMD2, GEMIN4, VCP, CFDP1, EIF4G2",ENSG
438, PA,"ENSG00000104164, ENSG00000166947","BLOC1S6, EPB42",ENSG
439, PAAT,"ENSG00000139209, ENSG00000119965","SLC38A4, C10orf88",ENSG
440, PABPL1,"ENSG00000070756, ENSG00000239443","PABPC1, PABPC1P10",ENSG
441, PAC1,"ENSG00000183527, ENSG00000067082","PSMG1, KLF6",ENSG
442, PAC2,"ENSG00000128789, ENSG00000284770","PSMG2, TBCE",ENSG
443, PACT,"ENSG00000122257, ENSG00000180228","RBBP6, PRKRA",ENSG
444, PAFAH,"ENSG00000146070, ENSG00000007168","PLA2G7, PAFAH1B1",ENSG
445, PAL,"ENSG00000148602, ENSG00000171241","LRIT1, SHCBP1",ENSG
446, PAM-1,"ENSG00000158769, ENSG00000145730","F11R, PAM",ENSG
447, PAP,"ENSG00000172016, ENSG00000106244, ENSG00000153317, ENSG00000151693, ENSG00000112996, ENSG00000014257, ENSG00000114383","REG3A, PDAP1, ASAP1, ASAP2, MRPS30, ACP3, TUSC2",ENSG
448, PAP1,"ENSG00000172016, ENSG00000106244","REG3A, PDAP1",ENSG
449, PAP2,"ENSG00000117598, ENSG00000132382","PLPPR5, MYBBP1A",ENSG
450, PAPA,"ENSG00000106571, ENSG00000182752","GLI3, PAPPA",ENSG
451, PAR-1,"ENSG00000072518, ENSG00000181104","MARK2, F2R",ENSG
452, PAR1,"ENSG00000185803, ENSG00000279050, ENSG00000181104","SLC52A2, PWAR1, F2R",ENSG
453, PAR2,"ENSG00000164251, ENSG00000144852, ENSG00000132517","F2RL1, NR1I2, SLC52A1",ENSG
454, PARC,"ENSG00000112659, ENSG00000275385","CUL9, CCL18",ENSG
455, PARS,"ENSG00000143799, ENSG00000136628","PARP1, EPRS1",ENSG
456, PAT1,"ENSG00000123643, ENSG00000062725","SLC36A1, APPBP2",ENSG
457, PBF,"ENSG00000183255, ENSG00000186918","PTTG1IP, ZNF395",ENSG
458, PBP,"ENSG00000163736, ENSG00000125686, ENSG00000089220, ENSG00000088538","PPBP, MED1, PEBP1, DOCK3",ENSG
459, PC-1,"ENSG00000008710, ENSG00000197594","PKD1, ENPP1",ENSG
460, PC2,"ENSG00000118762, ENSG00000125851, ENSG00000141582","PKD2, PCSK2, CBX4",ENSG
461, PC3,"ENSG00000159388, ENSG00000175426, ENSG00000141570","BTG2, PCSK1, CBX8",ENSG
462, PC4,"ENSG00000115257, ENSG00000113387","PCSK4, SUB1",ENSG
463, PCD,"ENSG00000039139, ENSG00000167646, ENSG00000166228, ENSG00000122735","DNAH5, DNAAF3, PCBD1, DNAI1",ENSG
464, PCL1,"ENSG00000116005, ENSG00000112511","PCYOX1, PHF1",ENSG
465, PCN,"ENSG00000178209, ENSG00000160299","PLEC, PCNT",ENSG
466, PD1,"ENSG00000145335, ENSG00000188389, ENSG00000158480","SNCA, PDCD1, SPATA2",ENSG
467, PDI,"ENSG00000185615, ENSG00000185624, ENSG00000142623","PDIA2, P4HB, PADI1",ENSG
468, PDIP1,"ENSG00000174943, ENSG00000130589","KCTD13, HELZ2",ENSG
469, PDIR,"ENSG00000065485, ENSG00000185615","PDIA5, PDIA2",ENSG
470, PEN,"ENSG00000102109, ENSG00000080608","PCSK1N, PUM3",ENSG
471, PEPP2,"ENSG00000052126, ENSG00000131721","PLEKHA5, RHOXF2",ENSG
472, PERRS,"ENSG00000186326, ENSG00000108370","RGS9BP, RGS9",ENSG
473, PFM,"ENSG00000120149, ENSG00000052850","MSX2, ALX4",ENSG
474, PGDS,"ENSG00000107317, ENSG00000163106","PTGDS, HPGDS",ENSG
475, PH2A/F,"ENSG00000196787, ENSG00000234816","H2AC11, H2AC5P",ENSG
476, PHKD,"ENSG00000198668, ENSG00000143933","CALM1, CALM2",ENSG
477, PHR1,"ENSG00000021300, ENSG00000005810","PLEKHB1, MYCBP2",ENSG
478, PIG1,"ENSG00000108256, ENSG00000205076","NUFIP2, LGALS7",ENSG
479, PIG6,"ENSG00000100033, ENSG00000008294","PRODH, SPAG9",ENSG
480, PIR-B,"ENSG00000204577, ENSG00000104972","LILRB3, LILRB1",ENSG
481, PIRB,"ENSG00000104972, ENSG00000204577","LILRB1, LILRB3",ENSG
482, PIT-1,"ENSG00000144136, ENSG00000064835","SLC20A1, POU1F1",ENSG
483, PIT1,"ENSG00000144136, ENSG00000064835","SLC20A1, POU1F1",ENSG
484, PLAP,"ENSG00000137055, ENSG00000113441, ENSG00000163283","PLAA, LNPEP, ALPP",ENSG
485, PLB,"ENSG00000198523, ENSG00000163803","PLN, PLB1",ENSG
486, PLCE,"ENSG00000115896, ENSG00000138193","PLCL1, PLCE1",ENSG
487, PLIP,"ENSG00000172977, ENSG00000110536","KAT5, PTPMT1",ENSG
488, PLP,"ENSG00000123560, ENSG00000126432, ENSG00000087494","PLP1, PRDX5, PTHLH",ENSG
489, PMI,"ENSG00000178307, ENSG00000140650","TMEM11, PMM2",ENSG
490, PMR1,"ENSG00000147485, ENSG00000017260","PXDNL, ATP2C1",ENSG
491, PN-I,"ENSG00000125458, ENSG00000122643","NT5C, NT5C3A",ENSG
492, PN1,"ENSG00000135919, ENSG00000169432","SERPINE2, SCN9A",ENSG
493, PNUTL3,"ENSG00000168385, ENSG00000180096","SEPTIN2, SEPTIN1",ENSG
494, POD1,"ENSG00000262246, ENSG00000118526","CORO7, TCF21",ENSG
495, POF,"ENSG00000147202, ENSG00000124429, ENSG00000102081","DIAPH2, POF1B, FMR1",ENSG
496, POP1,"ENSG00000112276, ENSG00000169900","BVES, PYDC1",ENSG
497, POP3,"ENSG00000132429, ENSG00000167965","POPDC3, MLST8",ENSG
498, PORC,"ENSG00000102312, ENSG00000256269","PORCN, HMBS",ENSG
499, POST,"ENSG00000100418, ENSG00000176273","DESI1, SLC35G1",ENSG
500, PP17,"ENSG00000105355, ENSG00000117632","PLIN3, STMN1",ENSG
501, PP2CALPHA,"ENSG00000113575, ENSG00000100614","PPP2CA, PPM1A",ENSG
502, PPD,"ENSG00000158104, ENSG00000100987","HPD, VSX1",ENSG
503, PPIASE,"ENSG00000088832, ENSG00000077800, ENSG00000096060, ENSG00000173486, ENSG00000119782, ENSG00000166794","FKBP1A, FKBP6, FKBP5, FKBP2, FKBP1B, PPIB",ENSG
504, PRAF1,"ENSG00000105404, ENSG00000137054","RABAC1, POLR1E",ENSG
505, PRG1,"ENSG00000137331, ENSG00000122862","IER3, SRGN",ENSG
506, PRG2,"ENSG00000130508, ENSG00000129951","PXDN, PLPPR3",ENSG
507, PRIP,"ENSG00000171867, ENSG00000115896, ENSG00000198646","PRNP, PLCL1, NCOA6",ENSG
508, PRK1,"ENSG00000143125, ENSG00000123143","PROK1, PKN1",ENSG
509, PRL1,"ENSG00000171566, ENSG00000171199, ENSG00000112245","PLRG1, OPRPN, PTP4A1",ENSG
510, PRL3,"ENSG00000171201, ENSG00000184489","SMR3B, PTP4A3",ENSG
511, PRO1,"ENSG00000084073, ENSG00000160789","ZMPSTE24, LMNA",ENSG
512, PROX,"ENSG00000110435, ENSG00000162997","PDHX, PRORSD1P",ENSG
513, PRP,"ENSG00000167815, ENSG00000171867","PRDX2, PRNP",ENSG
514, PRP4,"ENSG00000112739, ENSG00000136875","PRPF4B, PRPF4",ENSG
515, PRR,"ENSG00000110400, ENSG00000182220","NECTIN1, ATP6AP2",ENSG
516, PRR2,"ENSG00000146278, ENSG00000130202","PNRC1, NECTIN2",ENSG
517, PRX2,"ENSG00000167815, ENSG00000167157","PRDX2, PRRX2",ENSG
518, PS2,"ENSG00000160182, ENSG00000143801","TFF1, PSEN2",ENSG
519, PSA,"ENSG00000142515, ENSG00000141279","KLK3, NPEPPS",ENSG
520, PSEUDO-ICE,"ENSG00000204397, ENSG00000255501","CARD16, CARD18",ENSG
521, PSF,"ENSG00000163453, ENSG00000116560","IGFBP7, SFPQ",ENSG
522, PSF1,"ENSG00000101003, ENSG00000168394","GINS1, TAP1",ENSG
523, PSF2,"ENSG00000131153, ENSG00000204267","GINS2, TAP2",ENSG
524, PSK-1,"ENSG00000149930, ENSG00000174938","TAOK2, SEZ6L2",ENSG
525, PSM,"ENSG00000086205, ENSG00000290503","FOLH1, FOLH1B",ENSG
526, PSP,"ENSG00000263639, ENSG00000132541, ENSG00000131050","MSMB, RIDA, BPIFA2",ENSG
527, PTB,"ENSG00000011304, ENSG00000117569","PTBP1, PTBP2",ENSG
528, PTC,"ENSG00000108091, ENSG00000165731","CCDC6, RET",ENSG
529, PTEN2,"ENSG00000237984, ENSG00000274391","PTENP1, TPTE",ENSG
530, PTH2,"ENSG00000237984, ENSG00000141378","PTENP1, PTRH2",ENSG
531, PTP,"ENSG00000075415, ENSG00000060656, ENSG00000115386","SLC25A3, PTPRU, REG1A",ENSG
532, PTX1,"ENSG00000087502, ENSG00000069011","ERGIC2, PITX1",ENSG
533, PUM,"ENSG00000129152, ENSG00000185499","MYOD1, MUC1",ENSG
534, PWCR,"ENSG00000128739, ENSG00000182636","SNRPN, NDN",ENSG
535, PXMP1,"ENSG00000117528, ENSG00000162735","ABCD3, PEX19",ENSG
536, PXR1,"ENSG00000254093, ENSG00000139197","PINX1, PEX5",ENSG
537, QP-C,"ENSG00000164405, ENSG00000156467","UQCRQ, UQCRB",ENSG
538, RAD26L,"ENSG00000186871, ENSG00000182150","ERCC6L, ERCC6L2",ENSG
539, RAM,"ENSG00000229140, ENSG00000069974, ENSG00000169612","CCDC26, RAB27A, RAMAC",ENSG
540, RAMP,"ENSG00000121741, ENSG00000149090, ENSG00000143476","ZMYM2, PAMR1, DTL",ENSG
541, RCD1,"ENSG00000114982, ENSG00000144580","KANSL3, CNOT9",ENSG
542, RCK,"ENSG00000110367, ENSG00000176601","DDX6, MAP3K19",ENSG
543, RCP,"ENSG00000241258, ENSG00000102076, ENSG00000156675","CRCP, OPN1LW, RAB11FIP1",ENSG
544, RD,"ENSG00000107537, ENSG00000164010, ENSG00000112357, ENSG00000204356","PHYH, ERMAP, PEX7, NELFE",ENSG
545, RDC1,"ENSG00000144476, ENSG00000114812","ACKR3, VIPR1",ENSG
546, REF1,"ENSG00000100823, ENSG00000105825","APEX1, TFPI2",ENSG
547, REGL,"ENSG00000204787, ENSG00000172023","REG1CP, REG1B",ENSG
548, RF1,"ENSG00000120662, ENSG00000120705","MTRF1, ETF1",ENSG
549, RH,"ENSG00000187010, ENSG00000188672","RHD, RHCE",ENSG
550, RIF,"ENSG00000139725, ENSG00000170633","RHOF, RNF34",ENSG
551, RIG,"ENSG00000115268, ENSG00000050165, ENSG00000176490","RPS15, DKK3, DIRAS1",ENSG
552, RIG1,"ENSG00000133321, ENSG00000107201","PLAAT4, RIGI",ENSG
553, RIM,"ENSG00000079841, ENSG00000101773","RIMS1, RBBP8",ENSG
554, RING2,"ENSG00000112474, ENSG00000121481","HSD17B8, RNF2",ENSG
555, RING5,"ENSG00000183574, ENSG00000112473","RNF5, SLC39A7",ENSG
556, RINZF,"ENSG00000205189, ENSG00000130584","ZBTB10, ZBTB46",ENSG
557, RIP,"ENSG00000129197, ENSG00000173744","RPAIN, AGFG1",ENSG
558, RIP-1,"ENSG00000137275, ENSG00000111615","RIPK1, KRR1",ENSG
559, RIP1,"ENSG00000017797, ENSG00000137275","RALBP1, RIPK1",ENSG
560, RIP2,"ENSG00000214944, ENSG00000104312","ARHGEF28, RIPK2",ENSG
561, RIP5,"ENSG00000101084, ENSG00000133059","RAB5IF, DSTYK",ENSG
562, RIS1,"ENSG00000249992, ENSG00000169021","TMEM158, UQCRFS1",ENSG
563, RMD1,"ENSG00000176623, ENSG00000155906","RMDN1, RMND1",ENSG
564, RNU12P,"ENSG00000201659, ENSG00000276027","RNU12-2P, RNU12",ENSG
565, ROC1,"ENSG00000143622, ENSG00000100387","RIT1, RBX1",ENSG
566, RP1,"ENSG00000204344, ENSG00000166974","STK19, MAPRE2",ENSG
567, RP11,"ENSG00000105618, ENSG00000256155","PRPF31, LINC02598",ENSG
568, RP3,"ENSG00000156313, ENSG00000084764","RPGR, MAPRE3",ENSG
569, RP42,"ENSG00000043093, ENSG00000122550","DCUN1D1, KLHL7",ENSG
570, RP58,"ENSG00000163795, ENSG00000179456","ZNF513, ZBTB18",ENSG
571, RP66,"ENSG00000265203, ENSG00000102931","RBP3, ARL2BP",ENSG
572, RPD3,"ENSG00000147099, ENSG00000196591, ENSG00000171720","HDAC8, HDAC2, HDAC3",ENSG
573, RPML3,"ENSG00000114686, ENSG00000204316","MRPL3, MRPL38",ENSG
574, RPS17L1,"ENSG00000182774, ENSG00000197575","RPS17, RPS17P2",ENSG
575, RS,"ENSG00000204787, ENSG00000164093","REG1CP, PITX2",ENSG
576, RSC6P,"ENSG00000082014, ENSG00000066117, ENSG00000108604","SMARCD3, SMARCD1, SMARCD2",ENSG
577, RSC8,"ENSG00000139613, ENSG00000173473","SMARCC2, SMARCC1",ENSG
578, RTP,"ENSG00000171160, ENSG00000104419","MORN4, NDRG1",ENSG
579, RTS,"ENSG00000132199, ENSG00000005339","ENOSF1, CREBBP",ENSG
580, RU2,"ENSG00000146038, ENSG00000110756","DCDC2, HPS5",ENSG
581, S10,"ENSG00000163636, ENSG00000198910, ENSG00000124614","PSMD6, L1CAM, RPS10",ENSG
582, S12,"ENSG00000103035, ENSG00000135312, ENSG00000112306","PSMD7, HTR1B, RPS12",ENSG
583, S14,"ENSG00000099341, ENSG00000151365, ENSG00000164587","PSMD8, THRSP, RPS14",ENSG
584, S2,"ENSG00000175166, ENSG00000140988","PSMD2, RPS2",ENSG
585, S3,"ENSG00000108344, ENSG00000149273","PSMD3, RPS3",ENSG
586, S4,"ENSG00000100764, ENSG00000129824","PSMC1, RPS4Y1",ENSG
587, S6,"ENSG00000137154, ENSG00000013275","RPS6, PSMC4",ENSG
588, S7,"ENSG00000171863, ENSG00000161057","RPS7, PSMC2",ENSG
589, S8,"ENSG00000142937, ENSG00000087191","RPS8, PSMC5",ENSG
590, SAC3,"ENSG00000160294, ENSG00000112367","MCM3AP, FIG4",ENSG
591, SAP,"ENSG00000183918, ENSG00000132703","SH2D1A, APCS",ENSG
592, SAP1,"ENSG00000197746, ENSG00000171711","PSAP, DEFB4A",ENSG
593, SAP190,"ENSG00000100239, ENSG00000110075, ENSG00000105063","PPP6R2, PPP6R3, PPP6R1",ENSG
594, SAP2,"ENSG00000197746, ENSG00000111145","PSAP, ELK3",ENSG
595, SAPL,"ENSG00000110075, ENSG00000137804","PPP6R3, NUSAP1",ENSG
596, SARA,"ENSG00000157077, ENSG00000079332","ZFYVE9, SAR1A",ENSG
597, SAST,"ENSG00000152463, ENSG00000105613","OLAH, MAST1",ENSG
598, SCAR1,"ENSG00000107290, ENSG00000112290","SETX, WASF1",ENSG
599, SCCA1,"ENSG00000206073, ENSG00000057149","SERPINB4, SERPINB3",ENSG
600, SCKL4,"ENSG00000160299, ENSG00000151849","PCNT, CENPJ",ENSG
601, SCL,"ENSG00000135480, ENSG00000162367","KRT7, TAL1",ENSG
602, SCP1,"ENSG00000198765, ENSG00000144579","SYCP1, CTDSP1",ENSG
603, SD,"ENSG00000100401, ENSG00000119899","RANGAP1, SLC17A5",ENSG
604, SDR1,"ENSG00000162496, ENSG00000156642","DHRS3, NPTN",ENSG
605, SEMA,"ENSG00000012171, ENSG00000092421","SEMA3B, SEMA6A",ENSG
606, SEMG,"ENSG00000082684, ENSG00000124233","SEMA5B, SEMG1",ENSG
607, SEN1,"ENSG00000234801, ENSG00000107290","MORF4, SETX",ENSG
608, SEP,"ENSG00000164050, ENSG00000142606, ENSG00000250722","PLXNB1, MMEL1, SELENOP",ENSG
609, SEP2,"ENSG00000125354, ENSG00000164402","SEPTIN6, SEPTIN8",ENSG
610, SEPT2,"ENSG00000168385, ENSG00000125354","SEPTIN2, SEPTIN6",ENSG
611, SERS,"ENSG00000104835, ENSG00000031698","SARS2, SARS1",ENSG
612, SES1,"ENSG00000198848, ENSG00000198324","CES1, PHETA1",ENSG
613, SES2,"ENSG00000130766, ENSG00000177096","SESN2, PHETA2",ENSG
614, SF,"ENSG00000019991, ENSG00000049130","HGF, KITLG",ENSG
615, SGT2,"ENSG00000110841, ENSG00000197860","PPFIBP1, SGTB",ENSG
616, SHMT,"ENSG00000182199, ENSG00000176974","SHMT2, SHMT1",ENSG
617, SIGLECP2,"ENSG00000168995, ENSG00000291114","SIGLEC7, SIGLEC17P",ENSG
618, SIL,"ENSG00000123473, ENSG00000185664","STIL, PMEL",ENSG
619, SIN,"ENSG00000100842, ENSG00000058600","EFS, POLR3E",ENSG
620, SIP,"ENSG00000116161, ENSG00000163467, ENSG00000239306, ENSG00000164938, ENSG00000197256","CACYBP, TSACC, RBM14, TP53INP1, KANK2",ENSG
621, SIP-1,"ENSG00000169554, ENSG00000065054","ZEB2, NHERF2",ENSG
622, SIP1,"ENSG00000139218, ENSG00000169554","SCAF11, ZEB2",ENSG
623, SKD2,"ENSG00000132612, ENSG00000073969","VPS4A, NSF",ENSG
624, SL1,"ENSG00000103168, ENSG00000115750","TAF1C, TAF1B",ENSG
625, SLAP,"ENSG00000155926, ENSG00000163681","SLA, SLMAP",ENSG
626, SLP1,"ENSG00000094975, ENSG00000142765","SUCO, SYTL1",ENSG
627, SMA3-L,"ENSG00000239650, ENSG00000241549","GUSBP4, GUSBP2",ENSG
628, SMAC3L,"ENSG00000239650, ENSG00000241549","GUSBP4, GUSBP2",ENSG
629, SMAP,"ENSG00000009724, ENSG00000112983, ENSG00000075945","MASP2, BRD8, KIFAP3",ENSG
630, SMAP-1,"ENSG00000112305, ENSG00000140553","SMAP1, UNC45A",ENSG
631, SMCC,"ENSG00000130176, ENSG00000149591","CNN1, TAGLN",ENSG
632, SMK1,"ENSG00000224960, ENSG00000100796","PPP4R3C, PPP4R3A",ENSG
633, SMN,"ENSG00000117632, ENSG00000128739","STMN1, SNRPN",ENSG
634, SN,"ENSG00000088827, ENSG00000171951","SIGLEC1, SCG2",ENSG
635, SNF2,"ENSG00000127616, ENSG00000080503","SMARCA4, SMARCA2",ENSG
636, SNF2LB,"ENSG00000127616, ENSG00000102038","SMARCA4, SMARCA1",ENSG
637, SNO,"ENSG00000139697, ENSG00000064932","SBNO1, SBNO2",ENSG
638, SNRNP65,"ENSG00000168883, ENSG00000185946","USP39, RNPC3",ENSG
639, SNT1,"ENSG00000166225, ENSG00000101400","FRS2, SNTA1",ENSG
640, SOLO,"ENSG00000165801, ENSG00000187231","ARHGEF40, SESTD1",ENSG
641, SP17,"ENSG00000138483, ENSG00000064199","CCDC54, SPA17",ENSG
642, SPC1,"ENSG00000140564, ENSG00000114902","FURIN, SPCS1",ENSG
643, SPC3,"ENSG00000129128, ENSG00000175426","SPCS3, PCSK1",ENSG
644, SPC7,"ENSG00000137812, ENSG00000160613","KNL1, PCSK7",ENSG
645, SPK,"ENSG00000168078, ENSG00000125755","PBK, SYMPK",ENSG
646, SPN,"ENSG00000177030, ENSG00000108819","DEAF1, PPP1R9B",ENSG
647, SPP2,"ENSG00000068394, ENSG00000163082","GPKOW, SGPP2",ENSG
648, SPRING,"ENSG00000111412, ENSG00000100505","SPRING1, TRIM9",ENSG
649, SRC1,"ENSG00000197122, ENSG00000084676","SRC, NCOA1",ENSG
650, SRP40,"ENSG00000166197, ENSG00000100650","NOLC1, SRSF5",ENSG
651, SS,"ENSG00000250361, ENSG00000185960","GYPB, SHOX",ENSG
652, ST2L,"ENSG00000099203, ENSG00000115602","TMED1, IL1RL1",ENSG
653, STD,"ENSG00000115085, ENSG00000105398","ZAP70, SULT2A1",ENSG
654, STK1,"ENSG00000134058, ENSG00000122025","CDK7, FLT3",ENSG
655, STK2,"ENSG00000114904, ENSG00000065613","NEK4, SLK",ENSG
656, STK7,"ENSG00000087586, ENSG00000065243","AURKA, PKN2",ENSG
657, STP,"ENSG00000196502, ENSG00000125733","SULT1A1, TRIP10",ENSG
658, STRA13,"ENSG00000134107, ENSG00000169689","BHLHE40, CENPX",ENSG
659, STV1,"ENSG00000105929, ENSG00000033627, ENSG00000185344","ATP6V0A4, ATP6V0A1, ATP6V0A2",ENSG
660, SUH,"ENSG00000124232, ENSG00000168214","RBPJL, RBPJ",ENSG
661, SUR2,"ENSG00000112282, ENSG00000069431","MED23, ABCC9",ENSG
662, SWAP,"ENSG00000061936, ENSG00000198399","SFSWAP, ITSN2",ENSG
663, SWI2,"ENSG00000080503, ENSG00000127616","SMARCA2, SMARCA4",ENSG
664, SYD1,"ENSG00000008294, ENSG00000105137","SPAG9, SYDE1",ENSG
665, SYN,"ENSG00000182253, ENSG00000010810","SYNM, FYN",ENSG
666, SYT,"ENSG00000141380, ENSG00000067715","SS18, SYT1",ENSG
667, SYT14L,"ENSG00000215127, ENSG00000139973","SYT14P1, SYT16",ENSG
668, T1,"ENSG00000110448, ENSG00000115602, ENSG00000151729, ENSG00000167632","CD5, IL1RL1, SLC25A4, TRAPPC9",ENSG
669, TAFII105,"ENSG00000256040, ENSG00000141384","PAPPA-AS1, TAF4B",ENSG
670, TAK1,"ENSG00000177463, ENSG00000135341","NR2C2, MAP3K7",ENSG
671, TAMO,"ENSG00000158480, ENSG00000158792","SPATA2, SPATA2L",ENSG
672, TAO1,"ENSG00000160551, ENSG00000149930","TAOK1, TAOK2",ENSG
673, TAP,"ENSG00000162231, ENSG00000138768, ENSG00000136068, ENSG00000100003","NXF1, USO1, FLNB, SEC14L2",ENSG
674, TASP,"ENSG00000132434, ENSG00000170801","LANCL2, HTRA3",ENSG
675, TAZ,"ENSG00000102125, ENSG00000018408","TAFAZZIN, WWTR1",ENSG
676, TBP1,"ENSG00000112592, ENSG00000165916","TBP, PSMC3",ENSG
677, TCEB1L,"ENSG00000113558, ENSG00000231234","SKP1, SKP1P1",ENSG
678, TCRAV4S1,"ENSG00000211778, ENSG00000211812","TRAV4, TRAV26-2",ENSG
679, TCRBV21S1,"ENSG00000211720, ENSG00000251578","TRBV11-1, TRBV21-1",ENSG
680, TCRBV2S1,"ENSG00000211747, ENSG00000226660","TRBV20-1, TRBV2",ENSG
681, TCRG,"ENSG00000211689, ENSG00000289746","TRGC1, TARP",ENSG
682, TCRGC1,"ENSG00000289746, ENSG00000211689","TARP, TRGC1",ENSG
683, TCRGC2,"ENSG00000211689, ENSG00000289746","TRGC1, TARP",ENSG
684, TCRGV,"ENSG00000289746, ENSG00000211689","TARP, TRGC1",ENSG
685, TDE2,"ENSG00000111897, ENSG00000168528","SERINC1, SERINC2",ENSG
686, TDGF2,"ENSG00000225366, ENSG00000183514","CRIPTO3, CRIPTOP2",ENSG
687, TEL2,"ENSG00000010030, ENSG00000100726","ETV7, TELO2",ENSG
688, TER,"ENSG00000099797, ENSG00000270141","TECR, TERC",ENSG
689, TERA,"ENSG00000139146, ENSG00000165280","SINHCAF, VCP",ENSG
690, TFIIF,"ENSG00000251254, ENSG00000188342, ENSG00000125651","GTF2F2P1, GTF2F2, GTF2F1",ENSG
691, TFIIH,"ENSG00000111358, ENSG00000272047, ENSG00000213780, ENSG00000110768, ENSG00000145736","GTF2H3, GTF2H5, GTF2H4, GTF2H1, GTF2H2",ENSG
692, TFIIIB90,"ENSG00000185024, ENSG00000145734","BRF1, BDP1",ENSG
693, TGIF,"ENSG00000177426, ENSG00000136634","TGIF1, IL10",ENSG
694, THC2,"ENSG00000107890, ENSG00000120539","ANKRD26, MASTL",ENSG
695, THRA1,"ENSG00000126351, ENSG00000126368","THRA, NR1D1",ENSG
696, TIG1,"ENSG00000118849, ENSG00000013588","RARRES1, GPRC5A",ENSG
697, TIM,"ENSG00000050327, ENSG00000111602","ARHGEF5, TIMELESS",ENSG
698, TIM1,"ENSG00000113249, ENSG00000111602, ENSG00000050327","HAVCR1, TIMELESS, ARHGEF5",ENSG
699, TIP,"ENSG00000123600, ENSG00000129636","METTL8, ITFG1",ENSG
700, TLN,"ENSG00000105376, ENSG00000137076","ICAM5, TLN1",ENSG
701, TLP,"ENSG00000146215, ENSG00000028839","CRIP3, TBPL1",ENSG
702, TLX,"ENSG00000112333, ENSG00000117335","NR2E1, CD46",ENSG
703, TMS-1,"ENSG00000132824, ENSG00000103490","SERINC3, PYCARD",ENSG
704, TNX,"ENSG00000168477, ENSG00000224140","TNXB, TNXA",ENSG
705, TOB55,"ENSG00000100347, ENSG00000154640","SAMM50, BTG3",ENSG
706, TP,"ENSG00000160349, ENSG00000120802","LCN1, TMPO",ENSG
707, TPC,"ENSG00000125454, ENSG00000108091","SLC25A19, CCDC6",ENSG
708, TPT,"ENSG00000148459, ENSG00000164690","PDSS1, SHH",ENSG
709, TR,"ENSG00000181104, ENSG00000144339, ENSG00000270141, ENSG00000184470","F2R, TMEFF2, TERC, TXNRD2",ENSG
710, TR1,"ENSG00000173662, ENSG00000164761","TAS1R1, TNFRSF11B",ENSG
711, TR2,"ENSG00000197763, ENSG00000157873, ENSG00000179002","TXNRD3, TNFRSF14, TAS1R2",ENSG
712, TR3,"ENSG00000184470, ENSG00000215788, ENSG00000123358","TXNRD2, TNFRSF25, NR4A1",ENSG
713, TRA1,"ENSG00000166598, ENSG00000196367","HSP90B1, TRRAP",ENSG
714, TRAD,"ENSG00000160145, ENSG00000185379","KALRN, RAD51D",ENSG
715, TRAMP,"ENSG00000214717, ENSG00000215788, ENSG00000067167","ZBED1, TNFRSF25, TRAM1",ENSG
716, TRAP,"ENSG00000102575, ENSG00000102245, ENSG00000142186","ACP5, CD40LG, SCYL1",ENSG
717, TRAP1,"ENSG00000259706, ENSG00000135966","HSP90B2P, TGFBRAP1",ENSG
718, TRAP2,"ENSG00000203914, ENSG00000175166","HSP90B3P, PSMD2",ENSG
719, TRB1,"ENSG00000173334, ENSG00000212127","TRIB1, TAS2R14",ENSG
720, TRB2,"ENSG00000071575, ENSG00000121318","TRIB2, TAS2R10",ENSG
721, TRB3,"ENSG00000212128, ENSG00000101255","TAS2R13, TRIB3",ENSG
722, TRF,"ENSG00000113525, ENSG00000147601","IL5, TERF1",ENSG
723, TRF2,"ENSG00000132604, ENSG00000028839","TERF2, TBPL1",ENSG
724, TRIF,"ENSG00000185880, ENSG00000127666","TRIM69, TICAM1",ENSG
725, TRIP,"ENSG00000183763, ENSG00000100100, ENSG00000124831","TRAIP, PIK3IP1, LRRFIP1",ENSG
726, TRK,"ENSG00000143549, ENSG00000198400","TPM3, NTRK1",ENSG
727, TRNP,"ENSG00000253368, ENSG00000210196","TRNP1, MT-TP",ENSG
728, TS,"ENSG00000059377, ENSG00000176890, ENSG00000151067","TBXAS1, TYMS, CACNA1C",ENSG
729, TSBP,"ENSG00000198730, ENSG00000204296","CTR9, TSBP1",ENSG
730, TSC,"ENSG00000070915, ENSG00000165699, ENSG00000088992","SLC12A3, TSC1, TESC",ENSG
731, TSH1,"ENSG00000185875, ENSG00000179981","THNSL1, TSHZ1",ENSG
732, TSH2,"ENSG00000182463, ENSG00000144115","TSHZ2, THNSL2",ENSG
733, TSSK1,"ENSG00000231086, ENSG00000212122","TSSK1A, TSSK1B",ENSG
734, TTG1,"ENSG00000157181, ENSG00000166407","ODR4, LMO1",ENSG
735, TTP,"ENSG00000160323, ENSG00000128016","ADAMTS13, ZFP36",ENSG
736, TTY11,"ENSG00000237048, ENSG00000180910","TTTY12, TTTY11",ENSG
737, TYRO4,"ENSG00000145242, ENSG00000044524","EPHA5, EPHA3",ENSG
738, U13,"ENSG00000239128, ENSG00000239039, ENSG00000238498","SNORD13P3, SNORD13, SNORD13P1",ENSG
739, U14,"ENSG00000201403, ENSG00000272034","SNORD14B, SNORD14A",ENSG
740, U19,"ENSG00000200959, ENSG00000145088","SNORA74A, EAF2",ENSG
741, U2,"ENSG00000222076, ENSG00000222465, ENSG00000277084, ENSG00000222328","RNU2-3P, RNU2-5P, RNU2-4P, RNU2-2P",ENSG
742, U3,"ENSG00000200318, ENSG00000263934","SNORD3P1, SNORD3A",ENSG
743, U3B2,"ENSG00000265185, ENSG00000262074","SNORD3B-1, SNORD3B-2",ENSG
744, U4,"ENSG00000201806, ENSG00000272160, ENSG00000200795, ENSG00000222736, ENSG00000201458, ENSG00000201628","RNU4-8P, RNU4-5P, RNU4-1, RNU4-6P, RNU4-4P, RNU4-7P",ENSG
745, U5B1,"ENSG00000199568, ENSG00000200156","RNU5A-1, RNU5B-1",ENSG
746, U6,"ENSG00000206625, ENSG00000199226","RNU6-1, RNU6-50P",ENSG
747, UBC2,"ENSG00000119048, ENSG00000077721","UBE2B, UBE2A",ENSG
748, UBXD10,"ENSG00000088833, ENSG00000162191","NSFL1C, UBXN1",ENSG
749, UCRP,"ENSG00000187608, ENSG00000239265","ISG15, CLRN1-AS1",ENSG
750, UFD2,"ENSG00000110344, ENSG00000130939","UBE4A, UBE4B",ENSG
751, UGD,"ENSG00000109814, ENSG00000115652","UGDH, UXS1",ENSG
752, UGT1,"ENSG00000241635, ENSG00000102100","UGT1A1, SLC35A2",ENSG
753, ULG5,"ENSG00000138039, ENSG00000120725","LHCGR, SIL1",ENSG
754, UNG2,"ENSG00000152669, ENSG00000076248","CCNO, UNG",ENSG
755, UNR,"ENSG00000186912, ENSG00000131408, ENSG00000009307","P2RY4, NR1H2, CSDE1",ENSG
756, UP2,"ENSG00000110375, ENSG00000007001","UPK2, UPP2",ENSG
757, URP,"ENSG00000145040, ENSG00000115446, ENSG00000188958, ENSG00000169249","UCN2, UNC50, UTS2B, ZRSR2",ENSG
758, UT2,"ENSG00000139971, ENSG00000132874","ARMH4, SLC14A2",ENSG
759, V1S5P,"ENSG00000228668, ENSG00000226212","TRGV5P, TRGV6",ENSG
760, VATB,"ENSG00000147416, ENSG00000116039","ATP6V1B2, ATP6V1B1",ENSG
761, VMA10,"ENSG00000151418, ENSG00000206445, ENSG00000136888","ATP6V1G3, ATP6V1G2, ATP6V1G1",ENSG
762, VMA2,"ENSG00000116039, ENSG00000147416","ATP6V1B1, ATP6V1B2",ENSG
763, VMA4,"ENSG00000131100, ENSG00000250565","ATP6V1E1, ATP6V1E2",ENSG
764, VMA5,"ENSG00000143882, ENSG00000155097","ATP6V1C2, ATP6V1C1",ENSG
765, VMA6,"ENSG00000147614, ENSG00000159720","ATP6V0D2, ATP6V0D1",ENSG
766, VPH1,"ENSG00000033627, ENSG00000185344, ENSG00000105929","ATP6V0A1, ATP6V0A2, ATP6V0A4",ENSG
767, VPP2,"ENSG00000114573, ENSG00000105929","ATP6V1A, ATP6V0A4",ENSG
768, VPP3,"ENSG00000116039, ENSG00000147416","ATP6V1B1, ATP6V1B2",ENSG
769, VPS55,"ENSG00000213625, ENSG00000104660","LEPROT, LEPROTL1",ENSG
770, VRP,"ENSG00000150630, ENSG00000204634","VEGFC, TBC1D8",ENSG
771, VWS1,"ENSG00000117595, ENSG00000008118","IRF6, CAMK1G",ENSG
772, WAGR,"ENSG00000007372, ENSG00000184937","PAX6, WT1",ENSG
773, WBSCR20B,"ENSG00000223705, ENSG00000106133","NSUN5P1, NSUN5P2",ENSG
774, WWP4,"ENSG00000151748, ENSG00000095787","SAV1, WAC",ENSG
775, XAP4,"ENSG00000099817, ENSG00000125826","POLR2E, RBCK1",ENSG
776, YDR084C,"ENSG00000171928, ENSG00000166676","TVP23B, TVP23A",ENSG
777, YMR292W,"ENSG00000111711, ENSG00000174567","GOLT1B, GOLT1A",ENSG
778, ZAC,"ENSG00000118495, ENSG00000186919","PLAGL1, ZACN",ENSG
779, ZAP,"ENSG00000105939, ENSG00000119596","ZC3HAV1, YLPM1",ENSG
780, ZC2HC5,"ENSG00000103671, ENSG00000172977","TRIP4, KAT5",ENSG
781, ZFP27,"ENSG00000196967, ENSG00000245680","ZNF585A, ZNF585B",ENSG
782, ZIN,"ENSG00000090372, ENSG00000011275","STRN4, RNF216",ENSG
783, ZIP4,"ENSG00000120498, ENSG00000147804","TEX11, SLC39A4",ENSG
784, ZNF422,"ENSG00000172943, ENSG00000165512","PHF8, ZNF22",ENSG
785, ZNT8,"ENSG00000164756, ENSG00000196660","SLC30A8, SLC30A10",ENSG
786, ZRC1,"ENSG00000170385, ENSG00000196660","SLC30A1, SLC30A10",ENSG
787,2F1,"ENSG00000139187, ENSG00000005022","KLRG1, SLC25A5",ENSG
788,60B8AG,"ENSG00000163220, ENSG00000143546","S100A9, S100A8",ENSG
789,87U6,"ENSG00000206832, ENSG00000065135","RNU6V, GNAI3",ENSG
790,9G8,"ENSG00000115875, ENSG00000164609","SRSF7, SLU7",ENSG
791,A1,"ENSG00000035928, ENSG00000049541, ENSG00000163918, ENSG00000033627","RFC1, RFC2, RFC4, ATP6V0A1",ENSG
792,A2,"ENSG00000108823, ENSG00000149735, ENSG00000160226, ENSG00000185344","SGCA, GPHA2, CFAP410, ATP6V0A2",ENSG
793,A20,"ENSG00000244575, ENSG00000118503","IGKV1-27, TNFAIP3",ENSG
794,A3GALNT,"ENSG00000175164, ENSG00000148288","ABO, GBGT1",ENSG
795,A4,"ENSG00000089289, ENSG00000105929, ENSG00000102683, ENSG00000102007","IGBP1, ATP6V0A4, SGCG, PLP2",ENSG
796,AAC1,"ENSG00000151729, ENSG00000171428","SLC25A4, NAT1",ENSG
797,ABC1,"ENSG00000165029, ENSG00000068097","ABCA1, HEATR6",ENSG
798,ABL,"ENSG00000261189, ENSG00000138823, ENSG00000097007","DSP-AS1, MTTP, ABL1",ENSG
799,ABP,"ENSG00000002726, ENSG00000129214","AOC1, SHBG",ENSG
800,ABP-280,"ENSG00000128591, ENSG00000196924","FLNC, FLNA",ENSG
801,AC008392.1,"ENSG00000268186, ENSG00000268001","ZNF114-AS1, CARD8-AS1",ENSG
802,AC079630.2,"ENSG00000223914, ENSG00000260943","LINC02471, LINC02555",ENSG
803,AC1,"ENSG00000082929, ENSG00000164742","LINC01587, ADCY1",ENSG
804,ACA59,"ENSG00000266079, ENSG00000239149","SNORA59B, SNORA59A",ENSG
805,ACAT,"ENSG00000057252, ENSG00000075239","SOAT1, ACAT1",ENSG
806,ACS2,"ENSG00000164398, ENSG00000197142","ACSL6, ACSL5",ENSG
807,ACS3,"ENSG00000122691, ENSG00000123983","TWIST1, ACSL3",ENSG
808,ACT,"ENSG00000112214, ENSG00000222036","FHL5, POTEM",ENSG
809,ACTL6,"ENSG00000136518, ENSG00000077080","ACTL6A, ACTL6B",ENSG
810,AD1,"ENSG00000142192, ENSG00000135404","APP, CD63",ENSG
811,AD3,"ENSG00000080815, ENSG00000204634","PSEN1, TBC1D8",ENSG
812,ADA1,"ENSG00000196839, ENSG00000152382","ADA, TADA1",ENSG
813,AE2,"ENSG00000142794, ENSG00000164889","NBPF3, SLC4A2",ENSG
814,AG2,"ENSG00000187479, ENSG00000106541","C11orf96, AGR2",ENSG
815,AGC1,"ENSG00000115840, ENSG00000157766","SLC25A12, ACAN",ENSG
816,AGPAT10,"ENSG00000153395, ENSG00000138678","LPCAT1, GPAT3",ENSG
817,AGS1,"ENSG00000108551, ENSG00000213689","RASD1, TREX1",ENSG
818,AGS3,"ENSG00000160360, ENSG00000172922","GPSM1, RNASEH2C",ENSG
819,AGS4,"ENSG00000104889, ENSG00000206314","RNASEH2A, GPSM3",ENSG
820,AHA1,"ENSG00000173209, ENSG00000100591","AHSA2P, AHSA1",ENSG
821,AIBP,"ENSG00000127423, ENSG00000163382","AUNIP, NAXE",ENSG
822,AIP1,"ENSG00000123165, ENSG00000170248, ENSG00000170540, ENSG00000071127","ACTRT1, PDCD6IP, ARL6IP1, WDR1",ENSG
823,ALC1,"ENSG00000131778, ENSG00000198336","CHD1L, MYL4",ENSG
824,ALDH4,"ENSG00000143149, ENSG00000159423","ALDH9A1, ALDH4A1",ENSG
825,ALIEN,"ENSG00000259974, ENSG00000166200","LINC00261, COPS2",ENSG
826,ALK1,"ENSG00000171094, ENSG00000124107","ALK, SLPI",ENSG
827,ALP,"ENSG00000213927, ENSG00000107518, ENSG00000162174, ENSG00000154553","CCL27, ATRNL1, ASRGL1, PDLIM3",ENSG
828,ALR,"ENSG00000167548, ENSG00000127554, ENSG00000117448","KMT2D, GFER, AKR1A1",ENSG
829,ALS,"ENSG00000099769, ENSG00000142168","IGFALS, SOD1",ENSG
830,ALX,"ENSG00000196684, ENSG00000171049","HSH2D, FPR2",ENSG
831,AM,"ENSG00000171681, ENSG00000148926","ATF7IP, ADM",ENSG
832,AMCD2B,"ENSG00000130598, ENSG00000130595","TNNI2, TNNT3",ENSG
833,AMY1,"ENSG00000187733, ENSG00000237763, ENSG00000174876","AMY1C, AMY1A, AMY1B",ENSG
834,AMY2,"ENSG00000243480, ENSG00000240038","AMY2A, AMY2B",ENSG
835,AN,"ENSG00000139734, ENSG00000007372","DIAPH3, PAX6",ENSG
836,ANG2,"ENSG00000091879, ENSG00000149823","ANGPT2, VPS51",ENSG
837,ANK,"ENSG00000029534, ENSG00000154122","ANK1, ANKH",ENSG
838,AP-1,"ENSG00000177606, ENSG00000170345, ENSG00000125740, ENSG00000130522","JUN, FOS, FOSB, JUND",ENSG
839,AP3AASE,"ENSG00000189283, ENSG00000001561","FHIT, ENPP4",ENSG
840,AP47B,"ENSG00000100478, ENSG00000070718","AP4S1, AP3M2",ENSG
841,APC1,"ENSG00000085491, ENSG00000153107","SLC25A24, ANAPC1",ENSG
842,APC2,"ENSG00000125648, ENSG00000176248","SLC25A23, ANAPC2",ENSG
843,APC4,"ENSG00000053900, ENSG00000181240","ANAPC4, SLC25A41",ENSG
844,APC7,"ENSG00000168077, ENSG00000196510","SCARA3, ANAPC7",ENSG
845,APE,"ENSG00000100823, ENSG00000115355","APEX1, CCDC88A",ENSG
846,APH2,"ENSG00000171307, ENSG00000162736","ZDHHC16, NCSTN",ENSG
847,APRIL,"ENSG00000161955, ENSG00000136938","TNFSF13, ANP32B",ENSG
848,APRO5,"ENSG00000183864, ENSG00000141232","TOB2, TOB1",ENSG
849,APS,"ENSG00000160999, ENSG00000142515","SH2B2, KLK3",ENSG
850,ARA,"ENSG00000054598, ENSG00000091262","FOXC1, ABCC6",ENSG
851,ARD1,"ENSG00000102030, ENSG00000113595","NAA10, TRIM23",ENSG
852,ARK,"ENSG00000167601, ENSG00000157450","AXL, RNF111",ENSG
853,ARP1,"ENSG00000164093, ENSG00000138107, ENSG00000185551","PITX2, ACTR1A, NR2F2",ENSG
854,ARP11,"ENSG00000106526, ENSG00000133627","ACTR3C, ACTR3B",ENSG
855,ARP2,"ENSG00000136859, ENSG00000138071","ANGPTL2, ACTR2",ENSG
856,ARP3,"ENSG00000115091, ENSG00000128383","ACTR3, APOBEC3A",ENSG
857,ARP8,"ENSG00000128394, ENSG00000113812","APOBEC3F, ACTR8",ENSG
858,ASAP,"ENSG00000153363, ENSG00000164114","LINC00467, MAP9",ENSG
859,ASC-1,"ENSG00000103671, ENSG00000130876","TRIP4, SLC7A10",ENSG
860,ASF,"ENSG00000062096, ENSG00000136450","ARSF, SRSF1",ENSG
861,ASH1,"ENSG00000139352, ENSG00000116539","ASCL1, ASH1L",ENSG
862,ASH2,"ENSG00000129691, ENSG00000183734","ASH2L, ASCL2",ENSG
863,ASM,"ENSG00000166311, ENSG00000130600","SMPD1, H19",ENSG
864,ASP,"ENSG00000153802, ENSG00000066279, ENSG00000145491","TMPRSS11D, ASPM, ROPN1L",ENSG
865,AST,"ENSG00000119899, ENSG00000120053","SLC17A5, GOT1",ENSG
866,ATP6C,"ENSG00000185883, ENSG00000155097","ATP6V0C, ATP6V1C1",ENSG
867,ATP6G,"ENSG00000206445, ENSG00000136888","ATP6V1G2, ATP6V1G1",ENSG
868,ATX,"ENSG00000157106, ENSG00000197587, ENSG00000136960","SMG1, DMBX1, ENPP2",ENSG
869,AZ1,"ENSG00000104904, ENSG00000141577","OAZ1, CEP131",ENSG
870,B1,"ENSG00000156738, ENSG00000122507","MS4A1, BBS9",ENSG
871,B12,"ENSG00000109079, ENSG00000119013","TNFAIP1, NDUFB3",ENSG
872,B17,"ENSG00000165264, ENSG00000159147","NDUFB6, DONSON",ENSG
873,B18,"ENSG00000099795, ENSG00000166979","NDUFB7, EVA1C",ENSG
874,B29,"ENSG00000134042, ENSG00000007312","MRO, CD79B",ENSG
875,B37,"ENSG00000205929, ENSG00000111676","C21orf62, ATN1",ENSG
876,B3GN-T1,"ENSG00000174684, ENSG00000170340","B4GAT1, B3GNT2",ENSG
877,B7-H5,"ENSG00000107738, ENSG00000114455","VSIR, HHLA2",ENSG
878,B9,"ENSG00000170906, ENSG00000108641","NDUFA3, B9D1",ENSG
879,BA548K23.1,"ENSG00000203942, ENSG00000243289","C10orf62, AGAP13P",ENSG
880,BAF190,"ENSG00000127616, ENSG00000080503","SMARCA4, SMARCA2",ENSG
881,BART,"ENSG00000102931, ENSG00000162399","ARL2BP, BSND",ENSG
882,BAT1,"ENSG00000021488, ENSG00000198563","SLC7A9, DDX39B",ENSG
883,BB1,"ENSG00000125505, ENSG00000135577","MBOAT7, NMBR",ENSG
884,BB2,"ENSG00000126010, ENSG00000090339","GRPR, ICAM1",ENSG
885,BBP,"ENSG00000162604, ENSG00000168066","TM2D1, SF1",ENSG
886,BCAP,"ENSG00000155629, ENSG00000136147","PIK3AP1, PHF11",ENSG
887,BCD1,"ENSG00000117174, ENSG00000067082","ZNHIT6, KLF6",ENSG
888,BCD541,"ENSG00000205571, ENSG00000172062","SMN2, SMN1",ENSG
889,BDP,"ENSG00000179361, ENSG00000163644","ARID3B, PPM1K",ENSG
890,BETA-4,"ENSG00000258947, ENSG00000134262","TUBB3, AP4B1",ENSG
891,BETA2,"ENSG00000162992, ENSG00000188229","NEUROD1, TUBB4B",ENSG
892,BFNC,"ENSG00000075043, ENSG00000101204","KCNQ2, CHRNA4",ENSG
893,BOP,"ENSG00000215012, ENSG00000115593","RTL10, SMYD1",ENSG
894,BOR,"ENSG00000104313, ENSG00000134690","EYA1, CDCA8",ENSG
895,BRCC1,"ENSG00000128915, ENSG00000012048","ICE2, BRCA1",ENSG
896,BRCC2,"ENSG00000259571, ENSG00000139618","BLID, BRCA2",ENSG
897,BRWD2,"ENSG00000146247, ENSG00000120008","PHIP, WDR11",ENSG
898,BTF2,"ENSG00000111358, ENSG00000163161, ENSG00000145736, ENSG00000110768","GTF2H3, ERCC3, GTF2H2, GTF2H1",ENSG
899,BTF4,"ENSG00000188342, ENSG00000125651","GTF2F2, GTF2F1",ENSG
900,BUB1A,"ENSG00000156970, ENSG00000169679","BUB1B, BUB1",ENSG
901,C11ORF4,"ENSG00000173264, ENSG00000149792","GPR137, MRPL49",ENSG
902,C11ORF48,"ENSG00000162194, ENSG00000278615","LBHD1, C11orf98",ENSG
903,C12ORF2,"ENSG00000123094, ENSG00000110925","RASSF8, CSRNP2",ENSG
904,C17,"ENSG00000170891, ENSG00000241258","CYTL1, CRCP",ENSG
905,C17ORF1,"ENSG00000171931, ENSG00000184922","FBXW10, FMNL1",ENSG
906,C18ORF2,"ENSG00000255112, ENSG00000132204","CHMP1B, LINC00470",ENSG
907,C1QTNF15,"ENSG00000182447, ENSG00000178752","OTOL1, ERFE",ENSG
908,C4BP,"ENSG00000123838, ENSG00000123843","C4BPA, C4BPB",ENSG
909,C5A,"ENSG00000197405, ENSG00000106804","C5AR1, C5",ENSG
910,C6ST,"ENSG00000122863, ENSG00000175264, ENSG00000175040","CHST3, CHST1, CHST2",ENSG
911,CAD,"ENSG00000102794, ENSG00000167080, ENSG00000169598","ACOD1, B4GALNT2, DFFB",ENSG
912,CAF-1,"ENSG00000159259, ENSG00000167670","CHAF1B, CHAF1A",ENSG
913,CAF1,"ENSG00000198791, ENSG00000155508","CNOT7, CNOT8",ENSG
914,CAK,"ENSG00000137332, ENSG00000134058","DDR1, CDK7",ENSG
915,CAL,"ENSG00000047932, ENSG00000162458","GOPC, FBLIM1",ENSG
916,CANP,"ENSG00000189057, ENSG00000014216","FAM111B, CAPN1",ENSG
917,CAP,"ENSG00000165996, ENSG00000131236, ENSG00000113441, ENSG00000095637, ENSG00000141867, ENSG00000124570","HACD1, CAP1, LNPEP, SORBS1, BRD4, SERPINB6",ENSG
918,CAP2,"ENSG00000166401, ENSG00000137648","SERPINB8, TMPRSS4",ENSG
919,CAP3,"ENSG00000149418, ENSG00000170542","ST14, SERPINB9",ENSG
920,CAR,"ENSG00000154639, ENSG00000143257, ENSG00000197912, ENSG00000214319","CXADR, NR1I3, SPG7, CXADRP1",ENSG
921,CARDINAL,"ENSG00000105483, ENSG00000179136","CARD8, LINC00670",ENSG
922,CARF,"ENSG00000240849, ENSG00000168564","PEDS1, CDKN2AIP",ENSG
923,CART1,"ENSG00000180318, ENSG00000076604","ALX1, TRAF4",ENSG
924,CAS,"ENSG00000050820, ENSG00000124207","BCAR1, CSE1L",ENSG
925,CASP,"ENSG00000257923, ENSG00000170275","CUX1, CRTAP",ENSG
926,CAT1,"ENSG00000165125, ENSG00000095321","TRPV6, CRAT",ENSG
927,CAV,"ENSG00000105971, ENSG00000105974","CAV2, CAV1",ENSG
928,CBBM,"ENSG00000268221, ENSG00000102076","OPN1MW, OPN1LW",ENSG
929,CBL-3,"ENSG00000142273, ENSG00000270123","CBLC, VTRNA2-1",ENSG
930,CBP,"ENSG00000076641, ENSG00000005339","PAG1, CREBBP",ENSG
931,CCBP2,"ENSG00000144648, ENSG00000129048","ACKR2, ACKR4",ENSG
932,CCP1,"ENSG00000135049, ENSG00000136710","AGTPBP1, CCDC115",ENSG
933,CD1,"ENSG00000158477, ENSG00000158485, ENSG00000158481","CD1A, CD1B, CD1C",ENSG
934,CD16,"ENSG00000203747, ENSG00000162747","FCGR3A, FCGR3B",ENSG
935,CD25,"ENSG00000134460, ENSG00000172183","IL2RA, ISG20",ENSG
936,CD32,"ENSG00000072694, ENSG00000143226","FCGR2B, FCGR2A",ENSG
937,CD3G,"ENSG00000289746, ENSG00000211689","TARP, TRGC1",ENSG
938,CD85,"ENSG00000104972, ENSG00000187116","LILRB1, LILRA5",ENSG
939,CDC2,"ENSG00000170312, ENSG00000062822","CDK1, POLD1",ENSG
940,CDC25,"ENSG00000158402, ENSG00000058335","CDC25C, RASGRF1",ENSG
941,CDH14,"ENSG00000145526, ENSG00000129910","CDH18, CDH15",ENSG
942,CDH7,"ENSG00000071991, ENSG00000101542","CDH19, CDH20",ENSG
943,CEA,"ENSG00000242221, ENSG00000007306","PSG2, CEACAM7",ENSG
944,CED-12,"ENSG00000062598, ENSG00000102890, ENSG00000155849","ELMO2, ELMO3, ELMO1",ENSG
945,CELIAC1,"ENSG00000196735, ENSG00000179344","HLA-DQA1, HLA-DQB1",ENSG
946,CG1,"ENSG00000126777, ENSG00000013619, ENSG00000136243","KTN1, MAMLD1, NUP42",ENSG
947,CGI-141,"ENSG00000111711, ENSG00000174567","GOLT1B, GOLT1A",ENSG
948,CHD5,"ENSG00000124177, ENSG00000182093","CHD6, GET1",ENSG
949,CHK,"ENSG00000007264, ENSG00000110721","MATK, CHKA",ENSG
950,CIB,"ENSG00000185043, ENSG00000114779","CIB1, ABHD14B",ENSG
951,CIR,"ENSG00000138433, ENSG00000120457","CIR1, KCNJ5",ENSG
952,CKB1,"ENSG00000276409, ENSG00000204435","CCL14, CSNK2B",ENSG
953,CKS1,"ENSG00000173207, ENSG00000254331","CKS1B, CKS1BP7",ENSG
954,CLDN21,"ENSG00000185758, ENSG00000177300","CLDN24, CLDN22",ENSG
955,CLIM1,"ENSG00000107438, ENSG00000169744","PDLIM1, LDB2",ENSG
956,CLIP,"ENSG00000019582, ENSG00000130779, ENSG00000106665","CD74, CLIP1, CLIP2",ENSG
957,CLM,"ENSG00000173335, ENSG00000091136","CST9, LAMB1",ENSG
958,CLMF,"ENSG00000168811, ENSG00000113302","IL12A, IL12B",ENSG
959,CLP,"ENSG00000129170, ENSG00000178363, ENSG00000103187","CSRP3, CALML3, COTL1",ENSG
960,CLPSMCR,"ENSG00000235323, ENSG00000229749","COTL1P2, COTL1P1",ENSG
961,CMT2,"ENSG00000124688, ENSG00000054523","MAD2L1BP, KIF1B",ENSG
962,CNK,"ENSG00000173846, ENSG00000142675","PLK3, CNKSR1",ENSG
963,COD1,"ENSG00000156313, ENSG00000103051","RPGR, COG4",ENSG
964,COL6A4,"ENSG00000228252, ENSG00000230524","COL6A4P2, COL6A4P1",ENSG
965,COM1,"ENSG00000176046, ENSG00000101773","NUPR1, RBBP8",ENSG
966,COX11P,"ENSG00000166260, ENSG00000231162","COX11, COX11P1",ENSG
967,CPI17-LIKE,"ENSG00000198729, ENSG00000166143","PPP1R14C, PPP1R14D",ENSG
968,CPN1,"ENSG00000160882, ENSG00000214078","CYP11B1, CPNE1",ENSG
969,CPT1,"ENSG00000111666, ENSG00000157184, ENSG00000110090","CHPT1, CPT2, CPT1A",ENSG
970,CR,"ENSG00000196352, ENSG00000241186, ENSG00000186197","CD55, CRIPTO, EDARADD",ENSG
971,CRA,"ENSG00000108848, ENSG00000014914","LUC7L3, MTMR11",ENSG
972,CRABP-II,"ENSG00000114113, ENSG00000143320","RBP2, CRABP2",ENSG
973,CRP2,"ENSG00000182809, ENSG00000175183","CRIP2, CSRP2",ENSG
974,CRT2,"ENSG00000269058, ENSG00000152779","CALR3, SLC16A12",ENSG
975,CS-2,"ENSG00000177791, ENSG00000213218","MYOZ1, CSH2",ENSG
976,CSE,"ENSG00000116761, ENSG00000117394","CTH, SLC2A1",ENSG
977,CST,"ENSG00000226344, ENSG00000128242","CST12P, GAL3ST1",ENSG
978,CT78,"ENSG00000228927, ENSG00000258992","TSPY3, TSPY1",ENSG
979,CT90,"ENSG00000138182, ENSG00000124383","KIF20B, MPHOSPH10",ENSG
980,D-X,"ENSG00000178081, ENSG00000261279, ENSG00000260128","ULK4P3, ULK4P1, ULK4P2",ENSG
981,D3F15S2,"ENSG00000173531, ENSG00000164062","MST1, APEH",ENSG
982,DAGK,"ENSG00000065357, ENSG00000145214","DGKA, DGKQ",ENSG
983,DAP4,"ENSG00000137492, ENSG00000080845","THAP12, DLGAP4",ENSG
984,DBP,"ENSG00000133835, ENSG00000145321","HSD17B4, GC",ENSG
985,DELTA,"ENSG00000142507, ENSG00000100811","PSMB6, YY1",ENSG
986,DFNB6,"ENSG00000181585, ENSG00000115155","TMIE, OTOF",ENSG
987,DIFF6,"ENSG00000180096, ENSG00000168385","SEPTIN1, SEPTIN2",ENSG
988,DIP,"ENSG00000075240, ENSG00000157514","GRAMD4, TSC22D3",ENSG
989,DK1,"ENSG00000175283, ENSG00000211921","DOLK, IGHD5-12",ENSG
990,DOC-1,"ENSG00000168386, ENSG00000111328","FILIP1L, CDK2AP1",ENSG
991,DPK,"ENSG00000135750, ENSG00000135090","KCNK1, TAOK3",ENSG
992,DTR,"ENSG00000113070, ENSG00000178125","HBEGF, PPP1R42",ENSG
993,DUP,"ENSG00000167513, ENSG00000113318","CDT1, MSH3",ENSG
994,DUSP24,"ENSG00000127952, ENSG00000133878","STYXL1, DUSP26",ENSG
995,E1,"ENSG00000145293, ENSG00000274266","ENOPH1, SNORA73A",ENSG
996,E4,"ENSG00000130939, ENSG00000110344","UBE4B, UBE4A",ENSG
997,EAP1,"ENSG00000164611, ENSG00000075914","PTTG1, EXOSC7",ENSG
998,EB1,"ENSG00000166974, ENSG00000101367","MAPRE2, MAPRE1",ENSG
999,EEF1AL,"ENSG00000232587, ENSG00000101210","EEF1A1P3, EEF1A2",ENSG
1000,EIF-2B,"ENSG00000111361, ENSG00000145191, ENSG00000070785","EIF2B1, EIF2B5, EIF2B3",ENSG
1001,EIF2,"ENSG00000125977, ENSG00000130741","EIF2S2, EIF2S3",ENSG
1002,EMAP-2,"ENSG00000164022, ENSG00000165521","AIMP1, EML5",ENSG
1003,EMC19,"ENSG00000231234, ENSG00000113558","SKP1P1, SKP1",ENSG
1004,EMT,"ENSG00000113263, ENSG00000146477","ITK, SLC22A3",ENSG
1005,EOS,"ENSG00000103355, ENSG00000123411","PRSS33, IKZF4",ENSG
1006,ER,"ENSG00000091831, ENSG00000124882","ESR1, EREG",ENSG
1007,ERIS,"ENSG00000184584, ENSG00000145354","STING1, CISD2",ENSG
1008,ES31,"ENSG00000143947, ENSG00000172828","RPS27A, CES3",ENSG
1009,ESG,"ENSG00000140332, ENSG00000196781, ENSG00000065717","TLE3, TLE1, TLE2",ENSG
1010,ETK,"ENSG00000044524, ENSG00000102010","EPHA3, BMX",ENSG
1011,F379,"ENSG00000248893, ENSG00000282591, ENSG00000249054, ENSG00000218839, ENSG00000226516, ENSG00000237613","FAM138E, FAM138F, FAM138D, FAM138C, FAM138B, FAM138A",ENSG
1012,FAST,"ENSG00000230798, ENSG00000164896","FOXD3-AS1, FASTK",ENSG
1013,FBL2,"ENSG00000108306, ENSG00000153558","FBXL20, FBXL2",ENSG
1014,FBL4,"ENSG00000112234, ENSG00000118564","FBXL4, FBXL5",ENSG
1015,FBL6,"ENSG00000183580, ENSG00000182325","FBXL7, FBXL6",ENSG
1016,FBP,"ENSG00000165140, ENSG00000162613, ENSG00000119396","FBP1, FUBP1, RAB14",ENSG
1017,FBS,"ENSG00000164117, ENSG00000156860","FBXO8, FBRS",ENSG
1018,FE,"ENSG00000197265, ENSG00000153767","GTF2E2, GTF2E1",ENSG
1019,FETA,"ENSG00000179766, ENSG00000081051","ATP8B5P, AFP",ENSG
1020,FIL1,"ENSG00000125571, ENSG00000136696, ENSG00000136695, ENSG00000136694","IL37, IL36B, IL36RN, IL36A",ENSG
1021,FIR,"ENSG00000179950, ENSG00000006607","PUF60, FARP2",ENSG
1022,FLJ10052,"ENSG00000187554, ENSG00000143502","TLR5, SUSD4",ENSG
1023,FLJ20375,"ENSG00000183354, ENSG00000188352","BRD10, FOCAD",ENSG
1024,FP,"ENSG00000073578, ENSG00000122420","SDHA, PTGFR",ENSG
1025,FRP,"ENSG00000163430, ENSG00000104332","FSTL1, SFRP1",ENSG
1026,G17,"ENSG00000204304, ENSG00000188338","PBX2, SLC38A3",ENSG
1027,GAL7,"ENSG00000205076, ENSG00000178934","LGALS7, LGALS7B",ENSG
1028,GBP,"ENSG00000084754, ENSG00000100097","HADHA, LGALS1",ENSG
1029,GC1,"ENSG00000102837, ENSG00000291237","OLFM4, SOD2",ENSG
1030,GCL,"ENSG00000115271, ENSG00000244234","GCA, GMCL2",ENSG
1031,GCN5,"ENSG00000114166, ENSG00000108773","KAT2B, KAT2A",ENSG
1032,GCS,"ENSG00000001084, ENSG00000148154","GCLC, UGCG",ENSG
1033,GDH,"ENSG00000109814, ENSG00000165475, ENSG00000148672, ENSG00000049239","UGDH, CRYL1, GLUD1, H6PD",ENSG
1034,GIF,"ENSG00000134812, ENSG00000087250, ENSG00000240972","CBLIF, MT3, MIF",ENSG
1035,GNT1,"ENSG00000241635, ENSG00000167165","UGT1A1, UGT1A6",ENSG
1036,GPRK7,"ENSG00000099875, ENSG00000114124","MKNK2, GRK7",ENSG
1037,GSTAP2,"ENSG00000230845, ENSG00000237674","GSTA10P, GSTA7P",ENSG
1038,H2A.1,"ENSG00000277075, ENSG00000278677","H2AC8, H2AC17",ENSG
1039,H2A.B.1,"ENSG00000277745, ENSG00000277858","H2AB3, H2AB2",ENSG
1040,H3,"ENSG00000203811, ENSG00000171136","H3C14, RLN3",ENSG
1041,H3.1,"ENSG00000287080, ENSG00000274750","H3C3, H3C6",ENSG
1042,HA-1,"ENSG00000094796, ENSG00000180448","KRT31, ARHGAP45",ENSG
1043,HA-2,"ENSG00000108759, ENSG00000136286","KRT32, MYO1G",ENSG
1044,HB-1,"ENSG00000205426, ENSG00000242265, ENSG00000158497","KRT81, PEG10, HMHB1",ENSG
1045,HBP,"ENSG00000163950, ENSG00000013583, ENSG00000115677, ENSG00000115145","SLBP, HEBP1, HDLBP, STAM2",ENSG
1046,HC2,"ENSG00000259513, ENSG00000129084","CYCSP38, PSMA1",ENSG
1047,HC3,"ENSG00000106588, ENSG00000227666","PSMA2, CYCSP24",ENSG
1048,HC5,"ENSG00000008018, ENSG00000271423","PSMB1, CYCSP1",ENSG
1049,HC8,"ENSG00000233549, ENSG00000100567","CYCSP35, PSMA3",ENSG
1050,HCCA2,"ENSG00000182208, ENSG00000163374","MOB2, YY1AP1",ENSG
1051,HCNP,"ENSG00000076924, ENSG00000089220","XAB2, PEBP1",ENSG
1052,HCP1,"ENSG00000229357, ENSG00000205268, ENSG00000076351","CYCSP51, PDE7A, SLC46A1",ENSG
1053,HGL,"ENSG00000073350, ENSG00000182333","LLGL2, LIPF",ENSG
1054,HK1,"ENSG00000134709, ENSG00000182255","HOOK1, KCNA4",ENSG
1055,HK2,"ENSG00000068796, ENSG00000095066, ENSG00000130037","KIF2A, HOOK2, KCNA5",ENSG
1056,HK4,"ENSG00000106633, ENSG00000177301","GCK, KCNA2",ENSG
1057,HL,"ENSG00000117305, ENSG00000166035","HMGCL, LIPC",ENSG
1058,HNRNP-G,"ENSG00000147274, ENSG00000216835","RBMX, RBMXP1",ENSG
1059,HOP,"ENSG00000168439, ENSG00000171476","STIP1, HOPX",ENSG
1060,HOX1,"ENSG00000122592, ENSG00000253293, ENSG00000078399, ENSG00000005073, ENSG00000106031, ENSG00000197576, ENSG00000106004, ENSG00000106006, ENSG00000105991, ENSG00000105997","HOXA7, HOXA10, HOXA9, HOXA11, HOXA13, HOXA4, HOXA5, HOXA6, HOXA1, HOXA3",ENSG
1061,HOX2,"ENSG00000260027, ENSG00000182742, ENSG00000173917, ENSG00000120093, ENSG00000120068, ENSG00000108511, ENSG00000120094, ENSG00000120075, ENSG00000170689","HOXB7, HOXB4, HOXB2, HOXB3, HOXB8, HOXB6, HOXB1, HOXB5, HOXB9",ENSG
1062,HOX3,"ENSG00000123364, ENSG00000197757, ENSG00000198353, ENSG00000172789, ENSG00000180806, ENSG00000037965","HOXC13, HOXC6, HOXC4, HOXC5, HOXC9, HOXC8",ENSG
1063,HOX4,"ENSG00000128713, ENSG00000128645, ENSG00000175879, ENSG00000128709, ENSG00000128710, ENSG00000170166","HOXD11, HOXD1, HOXD8, HOXD9, HOXD10, HOXD4",ENSG
1064,HRG4,"ENSG00000169752, ENSG00000109103","NRG4, UNC119",ENSG
1065,HRMT1L3,"ENSG00000185238, ENSG00000111218","PRMT3, PRMT8",ENSG
1066,HRS,"ENSG00000100650, ENSG00000185359","SRSF5, HGS",ENSG
1067,HSDJ0798C17,"ENSG00000243896, ENSG00000228960","OR2A7, OR2A9P",ENSG
1068,HSST2,"ENSG00000166507, ENSG00000088002","NDST2, SULT2B1",ENSG
1069,IAP,"ENSG00000196776, ENSG00000163295","CD47, ALPI",ENSG
1070,IFN-ALPHAI,"ENSG00000234829, ENSG00000137080","IFNA17, IFNA21",ENSG
1071,IGLC,"ENSG00000222037, ENSG00000254030, ENSG00000254029, ENSG00000211677, ENSG00000211679, ENSG00000211675","IGLC6, IGLC5, IGLC4, IGLC2, IGLC3, IGLC1",ENSG
1072,IL-21,"ENSG00000127318, ENSG00000138684","IL22, IL21",ENSG
1073,ILWEQ,"ENSG00000171914, ENSG00000137076, ENSG00000127946","TLN2, TLN1, HIP1",ENSG
1074,INT4,"ENSG00000149262, ENSG00000108379","INTS4, WNT3",ENSG
1075,J1,"ENSG00000211690, ENSG00000211597","TRGJ1, IGKJ1",ENSG
1076,J2,"ENSG00000211687, ENSG00000211596","TRGJ2, IGKJ2",ENSG
1077,JDP1,"ENSG00000108176, ENSG00000123685","DNAJC12, BATF3",ENSG
1078,K12,"ENSG00000141574, ENSG00000187242","SECTM1, KRT12",ENSG
1079,L6,"ENSG00000133398, ENSG00000169908","MED10, TM4SF1",ENSG
1080,LAP,"ENSG00000002549, ENSG00000134575","LAP3, ACP2",ENSG
1081,LOR,"ENSG00000134013, ENSG00000203782","LOXL2, LORICRIN",ENSG
1082,LSH,"ENSG00000018280, ENSG00000119969","SLC11A1, HELLS",ENSG
1083,M130,"ENSG00000058272, ENSG00000177575","PPP1R12A, CD163",ENSG
1084,MAT1,"ENSG00000020426, ENSG00000235531","MNAT1, MSC-AS1",ENSG
1085,MCSP,"ENSG00000167468, ENSG00000163206","GPX4, SMCP",ENSG
1086,MCT3,"ENSG00000100156, ENSG00000141526","SLC16A8, SLC16A3",ENSG
1087,MIFR,"ENSG00000189409, ENSG00000215914","MMP23B, MMP23A",ENSG
1088,MOX1,"ENSG00000005102, ENSG00000091972","MEOX1, CD200",ENSG
1089,MPP6,"ENSG00000105926, ENSG00000135698","PALS2, MPHOSPH6",ENSG
1090,MSS4,"ENSG00000183155, ENSG00000107242","RABIF, PIP5K1B",ENSG
1091,MT1,"ENSG00000260549, ENSG00000205362, ENSG00000255986, ENSG00000205364, ENSG00000205358, ENSG00000275691, ENSG00000125144, ENSG00000169715, ENSG00000198417, ENSG00000169688","MT1L, MT1A, MT1JP, MT1M, MT1H, MT1IP, MT1G, MT1E, MT1F, MT1B",ENSG
1092,MTTF1,"ENSG00000230444, ENSG00000254798","TFAMP1, TFAMP2",ENSG
1093,NAG,"ENSG00000151779, ENSG00000136546, ENSG00000108784","NBAS, SCN7A, NAGLU",ENSG
1094,NBC3,"ENSG00000033867, ENSG00000050438","SLC4A7, SLC4A8",ENSG
1095,NF1HHS,"ENSG00000270831, ENSG00000290539","NF1P1, NF1P2",ENSG
1096,NP,"ENSG00000230447, ENSG00000198805","CTF2P, PNP",ENSG
1097,OCT1,"ENSG00000143190, ENSG00000175003","POU2F1, SLC22A1",ENSG
1098,OCT2,"ENSG00000112499, ENSG00000028277","SLC22A2, POU2F2",ENSG
1099,ODC,"ENSG00000115758, ENSG00000183032","ODC1, SLC25A21",ENSG
1100,OFD1P2,"ENSG00000226611, ENSG00000242153","OFD1P2Y, OFD1P6Y",ENSG
1101,OI4,"ENSG00000164692, ENSG00000108821","COL1A2, COL1A1",ENSG
1102,OR11-11A,"ENSG00000177400, ENSG00000255261","OR7E8P, OR7E4P",ENSG
1103,P12,"ENSG00000231712, ENSG00000115350, ENSG00000175482","H3P5, POLE4, POLD4",ENSG
1104,P14,"ENSG00000163684, ENSG00000113387, ENSG00000270915","RPP14, SUB1, H3P8",ENSG
1105,P17,"ENSG00000237888, ENSG00000230111","RPL29P31, H3P11",ENSG
1106,P23,"ENSG00000170348, ENSG00000248205","TMED10, H3P17",ENSG
1107,P24,"ENSG00000271296, ENSG00000152954","H3P19, NRSN1",ENSG
1108,P27,"ENSG00000173465, ENSG00000250705, ENSG00000104671, ENSG00000110801","ZNRD2, H3P23, DCTN6, PSMD9",ENSG
1109,P28,"ENSG00000251118, ENSG00000101843","H3P24, PSMD10",ENSG
1110,P42,"ENSG00000100519, ENSG00000227443","PSMC6, H3P30",ENSG
1111,P52,"ENSG00000271626, ENSG00000213780","H3P42, GTF2H4",ENSG
1112,P55,"ENSG00000197170, ENSG00000117461","PSMD12, PIK3R3",ENSG
1113,P56,"ENSG00000227211, ENSG00000100764","H3P45, PSMC1",ENSG
1114,P58,"ENSG00000108344, ENSG00000250351","PSMD3, H3P20",ENSG
1115,PABP3,"ENSG00000151846, ENSG00000230673","PABPC3, PABPC1P3",ENSG
1116,PCL,"ENSG00000037280, ENSG00000107593","FLT4, PKD2L1",ENSG
1117,PLA2L,"ENSG00000132297, ENSG00000253117","HHLA1, OC90",ENSG
1118,PNR,"ENSG00000135569, ENSG00000278570","TAAR5, NR2E3",ENSG
1119,POP2,"ENSG00000253548, ENSG00000121577","PYDC2, POPDC2",ENSG
1120,POTE2BETA,"ENSG00000196834, ENSG00000222038","POTEI, POTEJ",ENSG
1121,PP5,"ENSG00000105825, ENSG00000011485","TFPI2, PPP5C",ENSG
1122,PPP1R6,"ENSG00000132825, ENSG00000108819","PPP1R3D, PPP1R9B",ENSG
1123,PR,"ENSG00000134551, ENSG00000171227","PRH2, TMEM37",ENSG
1124,PRKAR2,"ENSG00000005249, ENSG00000114302","PRKAR2B, PRKAR2A",ENSG
1125,PSP,"ENSG00000125650, ENSG00000146733, ENSG00000115386","PSPN, PSPH, REG1A",ENSG
1126,RAB1,"ENSG00000258818, ENSG00000138069","RNASE4, RAB1A",ENSG
1127,RAGE,"ENSG00000080823, ENSG00000204305","MOK, AGER",ENSG
1128,RIP,"ENSG00000017797, ENSG00000137275","RALBP1, RIPK1",ENSG
1129,RNF35,"ENSG00000183439, ENSG00000172524","TRIM61, TRIM40",ENSG
1130,RNU1-8,"ENSG00000207056, ENSG00000206588","RNU1-8P, RNU1-28P",ENSG
1131,SAS,"ENSG00000095380, ENSG00000135452","NANS, TSPAN31",ENSG
1132,SBBI31,"ENSG00000064652, ENSG00000109762","SNX24, SNX25",ENSG
1133,SCA31,"ENSG00000166548, ENSG00000166546","TK2, BEAN1",ENSG
1134,SDH,"ENSG00000135094, ENSG00000117118","SDS, SDHB",ENSG
1135,SIII,"ENSG00000103363, ENSG00000154582","ELOB, ELOC",ENSG
1136,SKIP,"ENSG00000132376, ENSG00000153820","INPP5K, SPHKAP",ENSG
1137,SRPSMCR,"ENSG00000237911, ENSG00000266129, ENSG00000227689","SRP68P3, SRP68P1, SRP68P2",ENSG
1138,SYM1,"ENSG00000183691, ENSG00000115204","NOG, MPV17",ENSG
1139,TCRAV17S1,"ENSG00000211797, ENSG00000211803","TRAV17, TRAV23DV6",ENSG
1140,TCRAV25S1,"ENSG00000211806, ENSG00000211814","TRAV25, TRAV35",ENSG
1141,TCRAV31S1,"ENSG00000249048, ENSG00000211819","TRAV31, TRAV40",ENSG
1142,TCRBV13S1,"ENSG00000276405, ENSG00000211721","TRBV13, TRBV6-5",ENSG
1143,TCRBV14S1,"ENSG00000275743, ENSG00000211752","TRBV14, TRBV27",ENSG
1144,TCRBV15S1,"ENSG00000276819, ENSG00000211750","TRBV15, TRBV24-1",ENSG
1145,TCRGV5P,"ENSG00000228668, ENSG00000226212","TRGV5P, TRGV6",ENSG
1146,TGT,"ENSG00000213339, ENSG00000101557","QTRT1, USP14",ENSG
1147,UBC7,"ENSG00000132388, ENSG00000184787","UBE2G1, UBE2G2",ENSG
1148,UPA,"ENSG00000122861, ENSG00000165828","PLAU, PRAP1",ENSG
