,alias_symbol,ENSG_ID,gene_symbol,source
0, 2F1,"ENSG00000005022, ENSG00000139187","SLC25A5, KLRG1",HGNC
1, 60B8AG,"ENSG00000143546, ENSG00000163220","S100A8, S100A9",HGNC
2, A2,"ENSG00000149735, ENSG00000160226, ENSG00000108823","GPHA2, CFAP410, SGCA",HGNC
3, ACC2,"ENSG00000140379, ENSG00000076555","BCL2A1, ACACB",HGNC
4, ACS2,"ENSG00000164398, ENSG00000197142","ACSL6, ACSL5",HGNC
5, ACT,"ENSG00000097021, ENSG00000112214, ENSG00000222036","ACOT7, FHL5, POTEM",HGNC
6, AGPAT10,"ENSG00000153395, ENSG00000138678","LPCAT1, GPAT3",HGNC
7, AGS4,"ENSG00000104889, ENSG00000213654","RNASEH2A, GPSM3",HGNC
8, AIP1,"ENSG00000170248, ENSG00000136848","PDCD6IP, DAB2IP",HGNC
9, ALIEN,"ENSG00000259974, ENSG00000166200","LINC00261, COPS2",HGNC
10, ALK1,"ENSG00000124107, ENSG00000171094, ENSG00000139567","SLPI, ALK, ACVRL1",HGNC
11, ALP,"ENSG00000107518, ENSG00000124107, ENSG00000162174","ATRNL1, SLPI, ASRGL1",HGNC
12, ALP1,"ENSG00000154438, ENSG00000162174","ASZ1, ASRGL1",HGNC
13, AN,"ENSG00000139734, ENSG00000007372, ENSG00000150636","DIAPH3, PAX6, CCDC102B",HGNC
14, AP-1,"ENSG00000177606, ENSG00000170345, ENSG00000125740","JUN, FOS, FOSB",HGNC
15, AP3Aase,"ENSG00000001561, ENSG00000189283","ENPP4, FHIT",HGNC
16, AP47B,"ENSG00000100478, ENSG00000070718","AP4S1, AP3M2",HGNC
17, APC1,"ENSG00000153107, ENSG00000085491","ANAPC1, SLC25A24",HGNC
18, APRO5,"ENSG00000141232, ENSG00000183864","TOB1, TOB2",HGNC
19, ARIP1,"ENSG00000123165, ENSG00000187391","ACTRT1, MAGI2",HGNC
20, ARP,"ENSG00000142599, ENSG00000124812","RERE, CRISP1",HGNC
21, ARP1,"ENSG00000116194, ENSG00000164093, ENSG00000124701","ANGPTL1, PITX2, APOBEC2",HGNC
22, ASP,"ENSG00000066279, ENSG00000153802, ENSG00000148584","ASPM, TMPRSS11D, A1CF",HGNC
23, ATR1,"ENSG00000144891, ENSG00000138079","AGTR1, SLC3A1",HGNC
24, B3GN-T1,"ENSG00000170340, ENSG00000174684","B3GNT2, B4GAT1",HGNC
25, B7-H5,"ENSG00000107738, ENSG00000114455","VSIR, HHLA2",HGNC
26, BEC1,"ENSG00000184113, ENSG00000135519","CLDN5, KCNH3",HGNC
27, BRCC1,"ENSG00000012048, ENSG00000128915","BRCA1, ICE2",HGNC
28, BTF4,"ENSG00000188342, ENSG00000125651","GTF2F2, GTF2F1",HGNC
29, BTN1,"ENSG00000124557, ENSG00000188603","BTN1A1, CLN3",HGNC
30, C1,"ENSG00000101132, ENSG00000089820","PFDN4, ARHGAP4",HGNC
31, C11,"ENSG00000198610, ENSG00000161980","AKR1C4, POLR3K",HGNC
32, C53,"ENSG00000108465, ENSG00000168495","CDK5RAP3, POLR3D",HGNC
33, CAF-1,"ENSG00000167670, ENSG00000159259","CHAF1A, CHAF1B",HGNC
34, CAF1,"ENSG00000159259, ENSG00000167670","CHAF1B, CHAF1A",HGNC
35, CAL,"ENSG00000162458, ENSG00000047932","FBLIM1, GOPC",HGNC
36, CAP,"ENSG00000141867, ENSG00000095637, ENSG00000124570","BRD4, SORBS1, SERPINB6",HGNC
37, CARDINAL,"ENSG00000105483, ENSG00000179136","CARD8, LINC00670",HGNC
38, CARP,"ENSG00000148677, ENSG00000148481","ANKRD1, MINDY3",HGNC
39, CASP,"ENSG00000257923, ENSG00000115165","CUX1, CYTIP",HGNC
40, CBP,"ENSG00000005339, ENSG00000076641","CREBBP, PAG1",HGNC
41, CD,"ENSG00000167207, ENSG00000163599","NOD2, CTLA4",HGNC
42, CD85,"ENSG00000104972, ENSG00000187116","LILRB1, LILRA5",HGNC
43, CD98,"ENSG00000103257, ENSG00000168003","SLC7A5, SLC3A2",HGNC
44, CDK11-p46,"ENSG00000248333, ENSG00000008128","CDK11B, CDK11A",HGNC
45, CDK11-p58,"ENSG00000008128, ENSG00000248333","CDK11A, CDK11B",HGNC
46, CED-12,"ENSG00000102890, ENSG00000155849, ENSG00000062598","ELMO3, ELMO1, ELMO2",HGNC
47, CED12,"ENSG00000102890, ENSG00000155849","ELMO3, ELMO1",HGNC
48, CG1,"ENSG00000136243, ENSG00000126777","NUP42, KTN1",HGNC
49, CHAMP,"ENSG00000073146, ENSG00000198824","MOV10L1, CHAMP1",HGNC
50, CIA,"ENSG00000111875, ENSG00000124160","ASF1A, NCOA5",HGNC
51, CIB,"ENSG00000185043, ENSG00000114779","CIB1, ABHD14B",HGNC
52, CIR,"ENSG00000220548, ENSG00000120457","VIM2P, KCNJ5",HGNC
53, CLAMP,"ENSG00000101222, ENSG00000174827","SPEF1, PDZK1",HGNC
54, CLAN,"ENSG00000091106, ENSG00000228742","NLRC4, LINC02577",HGNC
55, CLF,"ENSG00000101343, ENSG00000006016","CRNKL1, CRLF1",HGNC
56, CLIP,"ENSG00000106665, ENSG00000130779, ENSG00000115138","CLIP2, CLIP1, POMC",HGNC
57, CN1,"ENSG00000150656, ENSG00000116981","CNDP1, NT5C1A",HGNC
58, CO4,"ENSG00000224389, ENSG00000244731","C4B, C4A",HGNC
59, CP27,"ENSG00000153774, ENSG00000135929","CFDP1, CYP27A1",HGNC
60, CRP2,"ENSG00000172216, ENSG00000175183","CEBPB, CSRP2",HGNC
61, CRT,"ENSG00000130821, ENSG00000179218","SLC6A8, CALR",HGNC
62, CS-2,"ENSG00000177791, ENSG00000213218","MYOZ1, CSH2",HGNC
63, CT1,"ENSG00000150281, ENSG00000130821","CTF1, SLC6A8",HGNC
64, CT90,"ENSG00000138182, ENSG00000124383","KIF20B, MPHOSPH10",HGNC
65, CYP2A,"ENSG00000255974, ENSG00000197838","CYP2A6, CYP2A13",HGNC
66, CypD,"ENSG00000171497, ENSG00000108179","PPID, PPIF",HGNC
67, DA2B,"ENSG00000130598, ENSG00000130595","TNNI2, TNNT3",HGNC
68, DBS,"ENSG00000081479, ENSG00000126217","LRP2, MCF2L",HGNC
69, DELTA,"ENSG00000100811, ENSG00000142507","YY1, PSMB6",HGNC
70, DGK,"ENSG00000153933, ENSG00000136267","DGKE, DGKB",HGNC
71, DIA,"ENSG00000128342, ENSG00000147202","LIF, DIAPH2",HGNC
72, DK1,"ENSG00000211921, ENSG00000175283","IGHD5-12, DOLK",HGNC
73, DMC,"ENSG00000141627, ENSG00000189377","DYM, CXCL17",HGNC
74, DOC1,"ENSG00000111328, ENSG00000164162","CDK2AP1, ANAPC10",HGNC
75, DP1,"ENSG00000198176, ENSG00000168229","TFDP1, PTGDR",HGNC
76, DPK,"ENSG00000135750, ENSG00000135090","KCNK1, TAOK3",HGNC
77, DRP1,"ENSG00000152818, ENSG00000139726","UTRN, DENR",HGNC
78, DRS1,"ENSG00000198721, ENSG00000124228","ECI2, DDX27",HGNC
79, DXS648E,"ENSG00000147403, ENSG00000207165","RPL10, SNORA70",HGNC
80, E1,"ENSG00000145293, ENSG00000274266","ENOPH1, SNORA73A",HGNC
81, E2,"ENSG00000226344, ENSG00000150768","CST12P, DLAT",HGNC
82, E4,"ENSG00000110344, ENSG00000130939","UBE4A, UBE4B",HGNC
83, EAP1,"ENSG00000164611, ENSG00000075914","PTTG1, EXOSC7",HGNC
84, EIF-2B,"ENSG00000115211, ENSG00000111361, ENSG00000070785, ENSG00000145191","EIF2B4, EIF2B1, EIF2B3, EIF2B5",HGNC
85, EMA,"ENSG00000140374, ENSG00000185499","ETFA, MUC1",HGNC
86, EMAP-2,"ENSG00000165521, ENSG00000164022, ENSG00000125746","EML5, AIMP1, EML2",HGNC
87, ERF1,"ENSG00000087510, ENSG00000185650","TFAP2C, ZFP36L1",HGNC
88, ERIS,"ENSG00000145354, ENSG00000184584","CISD2, STING1",HGNC
89, ERV1,"ENSG00000127554, ENSG00000174600","GFER, CMKLR1",HGNC
90, ESA1,"ENSG00000132589, ENSG00000172977","FLOT2, KAT5",HGNC
91, ESG,"ENSG00000065717, ENSG00000106829, ENSG00000196781","TLE2, TLE4, TLE1",HGNC
92, ESO1,"ENSG00000184033, ENSG00000268651","CTAG1B, CTAG1A",HGNC
93, ESP1,"ENSG00000135476, ENSG00000182809","ESPL1, CRIP2",HGNC
94, FAD1,"ENSG00000139618, ENSG00000160688","BRCA2, FLAD1",HGNC
95, FAME,"ENSG00000100557, nan","CCDC198, FCMTE3",HGNC
96, FBL5,"ENSG00000112234, ENSG00000118564","FBXL4, FBXL5",HGNC
97, FBL7,"ENSG00000173120, ENSG00000183580","KDM2A, FBXL7",HGNC
98, FE,"ENSG00000153767, ENSG00000197265","GTF2E1, GTF2E2",HGNC
99, FIG,"ENSG00000165507, ENSG00000047932","DEPP1, GOPC",HGNC
100, FLIP,"ENSG00000003402, ENSG00000000460","CFLAR, FIRRM",HGNC
101, FSP1,"ENSG00000042286, ENSG00000196154","AIFM2, S100A4",HGNC
102, G18,"ENSG00000213654, ENSG00000114737","GPSM3, CISH",HGNC
103, GC1,"ENSG00000291237, ENSG00000102837","SOD2, OLFM4",HGNC
104, GCP2,"ENSG00000144674, ENSG00000086205","GOLGA4, FOLH1",HGNC
105, GDN,"ENSG00000135919, ENSG00000196782","SERPINE2, MAML3",HGNC
106, GEMIN1,"ENSG00000172062, ENSG00000205571","SMN1, SMN2",HGNC
107, GID2,"ENSG00000153561, ENSG00000145916","RMND5A, RMND5B",HGNC
108, GLP-1,"ENSG00000115263, ENSG00000220201","GCG, ZGLP1",HGNC
109, GLUT8,"ENSG00000136856, ENSG00000146411","SLC2A8, SLC2A12",HGNC
110, GOT1,"ENSG00000111711, ENSG00000174567","GOLT1B, GOLT1A",HGNC
111, GPD,"ENSG00000213088, ENSG00000136732","ACKR1, GYPC",HGNC
112, GS1,"ENSG00000197535, ENSG00000130021","MYO5A, PUDP",HGNC
113, GS2,"ENSG00000006757, ENSG00000069974","PNPLA4, RAB27A",HGNC
114, GSE,"nan, ENSG00000163599","CELIAC2, CTLA4",HGNC
115, GTK,"ENSG00000111816, ENSG00000171097","FRK, KYAT1",HGNC
116, H1,"ENSG00000169504, ENSG00000136631","CLIC4, VPS45",HGNC
117, H2A.1,"ENSG00000277075, ENSG00000278677","H2AC8, H2AC17",HGNC
118, H2B.1,"ENSG00000184678, ENSG00000180596","H2BC21, H2BC4",HGNC
119, H3,"ENSG00000171136, ENSG00000203811, ENSG00000077782","RLN3, H3C14, FGFR1",HGNC
120, H3.1,"ENSG00000287080, ENSG00000274750","H3C3, H3C6",HGNC
121, H4,"ENSG00000108091, ENSG00000077782, ENSG00000274618","CCDC6, FGFR1, H4C6",HGNC
122, H5,"ENSG00000184702, ENSG00000077782","SEPTIN5, FGFR1",HGNC
123, HARP,"ENSG00000138375, ENSG00000175311, ENSG00000125779, ENSG00000136859","SMARCAL1, ANKS4B, PANK2, ANGPTL2",HGNC
124, HBP,"ENSG00000013583, ENSG00000172232","HEBP1, AZU1",HGNC
125, HBSCI,"ENSG00000136531, ENSG00000144285","SCN2A, SCN1A",HGNC
126, HC2,"ENSG00000099937, ENSG00000259513","SERPIND1, CYCSP38",HGNC
127, HC3,"ENSG00000227666, ENSG00000106588","CYCSP24, PSMA2",HGNC
128, HCC-4,"ENSG00000275152, ENSG00000153250","CCL16, RBMS1",HGNC
129, HCCR-2,"ENSG00000184992, ENSG00000050426","BRI3BP, LETMD1",HGNC
130, HCP,"ENSG00000106927, ENSG00000080819","AMBP, CPOX",HGNC
131, HED,"ENSG00000158813, ENSG00000121742","EDA, GJB6",HGNC
132, HEPIS,"ENSG00000166352, ENSG00000258315","IFTAP, C17orf49",HGNC
133, HGPS,"ENSG00000084073, ENSG00000154134","ZMPSTE24, ROBO3",HGNC
134, HHM,"ENSG00000087494, ENSG00000166946","PTHLH, CCNDBP1",HGNC
135, HLP2,"ENSG00000115756, ENSG00000215301","HPCAL1, DDX3X",HGNC
136, HPS2,"ENSG00000132842, ENSG00000160182","AP3B1, TFF1",HGNC
137, HXBL,"ENSG00000248290, ENSG00000168477","TNXA, TNXB",HGNC
138, HZF-3,"ENSG00000153234, nan","NR4A2, ZNF125",HGNC
139, IAP,"ENSG00000102158, ENSG00000121351","MAGT1, IAPP",HGNC
140, ICIS,"ENSG00000129422, ENSG00000132938","MTUS1, MTUS2",HGNC
141, IL-20,"ENSG00000127743, ENSG00000162891","IL17B, IL20",HGNC
142, IL-21,"ENSG00000127318, ENSG00000138684, ENSG00000124391","IL22, IL21, IL17C",HGNC
143, ILWEQ,"ENSG00000171914, ENSG00000130787","TLN2, HIP1R",HGNC
144, IMP1,"ENSG00000101294, ENSG00000159217","HM13, IGF2BP1",HGNC
145, IPOB,"ENSG00000291237, ENSG00000108424","SOD2, KPNB1",HGNC
146, IRAP,"ENSG00000136689, ENSG00000113441","IL1RN, LNPEP",HGNC
147, ISO1,"ENSG00000173812, ENSG00000167720","EIF1, SRR",HGNC
148, ISWI,"ENSG00000153147, ENSG00000102038","SMARCA5, SMARCA1",HGNC
149, KAP-1,"ENSG00000075945, ENSG00000130726","KIFAP3, TRIM28",HGNC
150, KAT4,"ENSG00000147133, ENSG00000125166","TAF1, GOT2",HGNC
151, KGA,"ENSG00000115419, ENSG00000162989","GLS, KCNJ3",HGNC
152, KIAA0705,"ENSG00000123165, ENSG00000187391","ACTRT1, MAGI2",HGNC
153, KIR2DL5,"nan, ENSG00000274143","KIR2DL5B, KIR2DL5A",HGNC
154, KLIP1,"ENSG00000151725, ENSG00000137207","CENPU, YIPF3",HGNC
155, KS1,"ENSG00000145824, ENSG00000161298","CXCL14, ZNF382",HGNC
156, L15,"ENSG00000109881, ENSG00000174748","CCDC34, RPL15",HGNC
157, L19,"ENSG00000160584, ENSG00000243290, ENSG00000108298","SIK3, IGKV1-12, RPL19",HGNC
158, L6,"ENSG00000089009, ENSG00000133398","RPL6, MED10",HGNC
159, LAM,"ENSG00000165699, ENSG00000103197","TSC1, TSC2",HGNC
160, LAP,"ENSG00000002549, ENSG00000151849","LAP3, CENPJ",HGNC
161, LAP1,"ENSG00000131323, ENSG00000143337","TRAF3, TOR1AIP1",HGNC
162, LIM1,"ENSG00000135517, ENSG00000273706","MIP, LHX1",HGNC
163, LNP,"ENSG00000144320, ENSG00000137804","LNPK, NUSAP1",HGNC
164, LPP1,"ENSG00000162738, ENSG00000067113","VANGL2, PLPP1",HGNC
165, LRH-1,"ENSG00000116833, ENSG00000083454","NR5A2, P2RX5",HGNC
166, LRP9,"ENSG00000197324, ENSG00000137642","LRP10, SORL1",HGNC
167, M-ABC1,"ENSG00000197150, ENSG00000033050","ABCB8, ABCF2",HGNC
168, MADA,"ENSG00000160789, ENSG00000116748","LMNA, AMPD1",HGNC
169, MADM,"ENSG00000137845, ENSG00000115216","ADAM10, NRBP1",HGNC
170, MBP-1,"ENSG00000074800, ENSG00000095951","ENO1, HIVEP1",HGNC
171, MCAF,"ENSG00000171681, ENSG00000108691","ATF7IP, CCL2",HGNC
172, MCSP,"ENSG00000167468, ENSG00000173546","GPX4, CSPG4",HGNC
173, MCT1,"ENSG00000155380, ENSG00000100294","SLC16A1, MCAT",HGNC
174, MCT7,"ENSG00000147100, ENSG00000108932","SLC16A2, SLC16A6",HGNC
175, MGC5228,"ENSG00000136450, ENSG00000172460","SRSF1, PRSS30P",HGNC
176, MIA1,"ENSG00000261857, ENSG00000163885","MIA, CFAP100",HGNC
177, MIF2,"ENSG00000145241, ENSG00000099977","CENPC, DDT",HGNC
178, MIO,"ENSG00000164654, ENSG00000009950","MIOS, MLXIPL",HGNC
179, MIP-2A,"ENSG00000196459, ENSG00000256060","TRAPPC2, TRAPPC2B",HGNC
180, MIP1,"ENSG00000119487, ENSG00000083312","MAPKAP1, TNPO1",HGNC
181, MK3,"ENSG00000177272, ENSG00000114738","KCNA3, MAPKAPK3",HGNC
182, ML-1,"ENSG00000132932, ENSG00000112116","ATP8A2, IL17F",HGNC
183, MLL4,"ENSG00000167548, ENSG00000272333","KMT2D, KMT2B",HGNC
184, MLP1,"ENSG00000175130, ENSG00000091262","MARCKSL1, ABCC6",HGNC
185, MRP-L32,"ENSG00000106591, ENSG00000180992","MRPL32, MRPL14",HGNC
186, MRP2,"ENSG00000150361, ENSG00000023839","KLHL1, ABCC2",HGNC
187, MRP8,"ENSG00000143546, ENSG00000006071","S100A8, ABCC8",HGNC
188, MT-A70,"ENSG00000165819, ENSG00000100982","METTL3, PCIF1",HGNC
189, MYM,"ENSG00000147130, ENSG00000132950, ENSG00000197056, ENSG00000146463, ENSG00000121741, ENSG00000163867","ZMYM3, ZMYM5, ZMYM1, ZMYM4, ZMYM2, ZMYM6",HGNC
190, NAP1,"ENSG00000187109, ENSG00000169429, ENSG00000101473","NAP1L1, CXCL8, ACOT8",HGNC
191, NAT3,"ENSG00000173418, ENSG00000139209","NAA20, SLC38A4",HGNC
192, NBP,"ENSG00000073282, ENSG00000068120","TP63, COASY",HGNC
193, NDR1,"ENSG00000112079, ENSG00000104419","STK38, NDRG1",HGNC
194, NET1,"ENSG00000134186, ENSG00000065320","PRPF38B, NTN1",HGNC
195, NIP,"ENSG00000140254, ENSG00000123159","DUOXA1, GIPC1",HGNC
196, NIRF,"ENSG00000147854, ENSG00000127743","UHRF2, IL17B",HGNC
197, NKH,"ENSG00000145020, ENSG00000178445","AMT, GLDC",HGNC
198, NKIR,"ENSG00000186074, ENSG00000115353","CD300LF, TACR1",HGNC
199, NL2,"ENSG00000167772, ENSG00000142606","ANGPTL4, MMEL1",HGNC
200, NS,"ENSG00000163938, ENSG00000133710","GNL3, SPINK5",HGNC
201, NSE2,"ENSG00000156831, ENSG00000168672","NSMCE2, LRATD2",HGNC
202, NY-REN-2,"ENSG00000198492, ENSG00000270503","YTHDF2, YTHDF2P1",HGNC
203, OCC1,"ENSG00000163430, ENSG00000235162","FSTL1, C12orf75",HGNC
204, ODC1L,"ENSG00000155096, ENSG00000142920","AZIN1, AZIN2",HGNC
205, OLF4p,"ENSG00000172148, ENSG00000268834","OR7A2P, OR7A1P",HGNC
206, ORF1,"ENSG00000135541, ENSG00000213672","AHI1, NCKIPSD",HGNC
207, ORP1,"ENSG00000104237, ENSG00000141447","RP1, OSBPL1A",HGNC
208, P0,"ENSG00000158887, ENSG00000089157","MPZ, RPLP0",HGNC
209, P1,"ENSG00000180644, ENSG00000137818","PRF1, RPLP1",HGNC
210, P28,"ENSG00000148834, ENSG00000108587","GSTO1, GOSR1",HGNC
211, P39,"ENSG00000159720, ENSG00000171450","ATP6V0D1, CDK5R2",HGNC
212, P40,"ENSG00000116584, ENSG00000145839, ENSG00000103035, ENSG00000117395","ARHGEF2, IL9, PSMD7, EBNA1BP2",HGNC
213, P54,"ENSG00000096060, ENSG00000147140","FKBP5, NONO",HGNC
214, P58,"ENSG00000108344, ENSG00000119318","PSMD3, RAD23B",HGNC
215, P62,"ENSG00000110768, ENSG00000073792","GTF2H1, IGF2BP2",HGNC
216, PAC1,"ENSG00000067082, ENSG00000183527","KLF6, PSMG1",HGNC
217, PAP,"ENSG00000014257, ENSG00000106244, ENSG00000151693, ENSG00000114383","ACP3, PDAP1, ASAP2, TUSC2",HGNC
218, PAP2,"ENSG00000132382, ENSG00000117598","MYBBP1A, PLPPR5",HGNC
219, PAPA,"ENSG00000106571, ENSG00000182752","GLI3, PAPPA",HGNC
220, PAR-1,"ENSG00000181104, ENSG00000279050","F2R, PWAR1",HGNC
221, PAR1,"ENSG00000181104, ENSG00000185803","F2R, SLC52A2",HGNC
222, PAR2,"ENSG00000144852, ENSG00000132517","NR1I2, SLC52A1",HGNC
223, PARC,"ENSG00000275385, ENSG00000112659","CCL18, CUL9",HGNC
224, PARS,"ENSG00000136628, ENSG00000143799","EPRS1, PARP1",HGNC
225, PAT1,"ENSG00000062725, ENSG00000123643","APPBP2, SLC36A1",HGNC
226, PBP,"ENSG00000088538, ENSG00000163736","DOCK3, PPBP",HGNC
227, PC2,"ENSG00000141582, ENSG00000118762","CBX4, PKD2",HGNC
228, PC3,"ENSG00000175426, ENSG00000141570","PCSK1, CBX8",HGNC
229, PCA1,"ENSG00000197594, ENSG00000253438","ENPP1, PCAT1",HGNC
230, PCD,"ENSG00000167646, ENSG00000122735, ENSG00000039139","DNAAF3, DNAI1, DNAH5",HGNC
231, PCL1,"ENSG00000112511, ENSG00000116005","PHF1, PCYOX1",HGNC
232, PD1,"ENSG00000145335, ENSG00000158480, ENSG00000188389","SNCA, SPATA2, PDCD1",HGNC
233, PDI,"ENSG00000142623, ENSG00000185615, ENSG00000185624","PADI1, PDIA2, P4HB",HGNC
234, PEN,"ENSG00000080608, ENSG00000102109","PUM3, PCSK1N",HGNC
235, PFM,"ENSG00000120149, ENSG00000052850","MSX2, ALX4",HGNC
236, PIG1,"ENSG00000108256, ENSG00000205076","NUFIP2, LGALS7",HGNC
237, PIG6,"ENSG00000100033, ENSG00000008294","PRODH, SPAG9",HGNC
238, PIR-B,"ENSG00000204577, ENSG00000104972","LILRB3, LILRB1",HGNC
239, PIRB,"ENSG00000204577, ENSG00000104972","LILRB3, LILRB1",HGNC
240, PLAP,"ENSG00000163283, ENSG00000113441","ALPP, LNPEP",HGNC
241, PLP,"ENSG00000126432, ENSG00000087494","PRDX5, PTHLH",HGNC
242, PMR1,"ENSG00000147485, ENSG00000017260","PXDNL, ATP2C1",HGNC
243, PN-I,"ENSG00000122643, ENSG00000125458","NT5C3A, NT5C",HGNC
244, POP1,"ENSG00000112276, ENSG00000169900","BVES, PYDC1",HGNC
245, POST,"ENSG00000100418, ENSG00000176273","DESI1, SLC35G1",HGNC
246, PP1,"ENSG00000204174, ENSG00000180817","NPY4R, PPA1",HGNC
247, PP17,"ENSG00000117632, ENSG00000105355","STMN1, PLIN3",HGNC
248, PPIase,"ENSG00000166794, ENSG00000096060, ENSG00000173486, ENSG00000119782","PPIB, FKBP5, FKBP2, FKBP1B",HGNC
249, PRG2,"ENSG00000129951, ENSG00000130508","PLPPR3, PXDN",HGNC
250, PRIP,"ENSG00000198646, ENSG00000115896","NCOA6, PLCL1",HGNC
251, PRK1,"ENSG00000123143, ENSG00000143125","PKN1, PROK1",HGNC
252, PRL1,"ENSG00000112245, ENSG00000171199","PTP4A1, OPRPN",HGNC
253, PRL3,"ENSG00000171201, ENSG00000184489","SMR3B, PTP4A3",HGNC
254, PRR2,"ENSG00000146278, ENSG00000130202","PNRC1, NECTIN2",HGNC
255, PSP,"ENSG00000131050, ENSG00000263639, ENSG00000132541","BPIFA2, MSMB, RIDA",HGNC
256, PTH2,"ENSG00000141378, ENSG00000237984","PTRH2, PTENP1",HGNC
257, PTP,"ENSG00000060656, ENSG00000115386, ENSG00000075415","PTPRU, REG1A, SLC25A3",HGNC
258, RAD26L,"ENSG00000186871, ENSG00000182150","ERCC6L, ERCC6L2",HGNC
259, RAM,"ENSG00000169612, ENSG00000069974, ENSG00000229140","RAMAC, RAB27A, CCDC26",HGNC
260, RBP,"ENSG00000105705, ENSG00000102032","SUGP1, RENBP",HGNC
261, RD,"ENSG00000112357, ENSG00000107537","PEX7, PHYH",HGNC
262, REF1,"ENSG00000100823, ENSG00000105825","APEX1, TFPI2",HGNC
263, RIF,"ENSG00000139725, ENSG00000170633","RHOF, RNF34",HGNC
264, RIG,"ENSG00000050165, ENSG00000176490","DKK3, DIRAS1",HGNC
265, RIG1,"ENSG00000133321, ENSG00000107201","PLAAT4, RIGI",HGNC
266, RING2,"ENSG00000204228, ENSG00000121481","HSD17B8, RNF2",HGNC
267, RING5,"ENSG00000112473, ENSG00000204308","SLC39A7, RNF5",HGNC
268, RIP,"ENSG00000273032, ENSG00000017797, ENSG00000129197","DGCR5, RALBP1, RPAIN",HGNC
269, RIP1,"ENSG00000137275, ENSG00000169021, ENSG00000017797","RIPK1, UQCRFS1, RALBP1",HGNC
270, RIP2,"ENSG00000104312, ENSG00000214944","RIPK2, ARHGEF28",HGNC
271, RIP5,"ENSG00000133059, ENSG00000101084","DSTYK, RAB5IF",HGNC
272, RMD1,"ENSG00000176623, ENSG00000155906","RMDN1, RMND1",HGNC
273, RN,"ENSG00000160201, ENSG00000160094","U2AF1, ZNF362",HGNC
274, RP1,"ENSG00000235246, ENSG00000204344","TMEM184B-AS1, STK19",HGNC
275, RP58,"ENSG00000179456, ENSG00000163795","ZBTB18, ZNF513",HGNC
276, RP8,"ENSG00000210184, ENSG00000071994","MT-TS2, PDCD2",HGNC
277, RPP2,"ENSG00000177600, ENSG00000172336","RPLP2, POP7",HGNC
278, RPT5,"ENSG00000165916, ENSG00000100519","PSMC3, PSMC6",HGNC
279, RRP17,"ENSG00000273899, ENSG00000270885","NOL12, RASL10B",HGNC
280, Rsc6p,"ENSG00000082014, ENSG00000108604, ENSG00000066117","SMARCD3, SMARCD2, SMARCD1",HGNC
281, Rsc8,"ENSG00000173473, ENSG00000139613","SMARCC1, SMARCC2",HGNC
282, S14,"ENSG00000164587, ENSG00000151365","RPS14, THRSP",HGNC
283, SAP190,"ENSG00000100239, ENSG00000110075","PPP6R2, PPP6R3",HGNC
284, SAPL,"ENSG00000137804, ENSG00000110075","NUSAP1, PPP6R3",HGNC
285, SAT3,"ENSG00000110080, nan","ST3GAL4, SIAT5",HGNC
286, SCKL4,"ENSG00000151849, ENSG00000160299","CENPJ, PCNT",HGNC
287, SCP1,"ENSG00000198765, ENSG00000144579","SYCP1, CTDSP1",HGNC
288, SEP2,"ENSG00000164402, ENSG00000125354","SEPTIN8, SEPTIN6",HGNC
289, SES1,"ENSG00000198324, ENSG00000198848","PHETA1, CES1",HGNC
290, SIN,"ENSG00000058600, ENSG00000100842","POLR3E, EFS",HGNC
291, SIP,"ENSG00000164938, ENSG00000197256, ENSG00000163467","TP53INP1, KANK2, TSACC",HGNC
292, SL1,"ENSG00000143498, ENSG00000103168, ENSG00000115750","TAF1A, TAF1C, TAF1B",HGNC
293, SLAP,"ENSG00000198780, ENSG00000155926","FAM169A, SLA",HGNC
294, SMA3,"ENSG00000172062, ENSG00000253816","SMN1, GUSBP14",HGNC
295, SMILE,"ENSG00000137504, ENSG00000139324","CREBZF, TMTC3",HGNC
296, SNF2,"ENSG00000080503, ENSG00000127616","SMARCA2, SMARCA4",HGNC
297, SNRNP65,"ENSG00000168883, ENSG00000185946","USP39, RNPC3",HGNC
298, SPC3,"ENSG00000175426, ENSG00000129128","PCSK1, SPCS3",HGNC
299, SPK,"ENSG00000125755, ENSG00000168078","SYMPK, PBK",HGNC
300, SS,"ENSG00000250361, ENSG00000185960","GYPB, SHOX",HGNC
301, STK7,"ENSG00000087586, ENSG00000065243","AURKA, PKN2",HGNC
302, SWI2,"ENSG00000080503, ENSG00000127616","SMARCA2, SMARCA4",HGNC
303, SYD1,"ENSG00000105137, ENSG00000008294","SYDE1, SPAG9",HGNC
304, Sno,"ENSG00000064932, ENSG00000139697","SBNO2, SBNO1",HGNC
305, Stv1,"ENSG00000105929, ENSG00000185344, ENSG00000033627","ATP6V0A4, ATP6V0A2, ATP6V0A1",HGNC
306, T1,"ENSG00000167632, ENSG00000115602","TRAPPC9, IL1RL1",HGNC
307, TC1,"ENSG00000134827, ENSG00000176907","TCN1, TCIM",HGNC
308, TCRAV4S1,"ENSG00000211812, ENSG00000211778","TRAV26-2, TRAV4",HGNC
309, TCRBV12S2,"ENSG00000211739, ENSG00000211717","TRBV12-2, TRBV10-1",HGNC
310, TCRBV12S3,"ENSG00000229769, ENSG00000274752","TRBV10-2, TRBV12-3",HGNC
311, TCRBV21S1,"ENSG00000211720, ENSG00000251578","TRBV11-1, TRBV21-1",HGNC
312, TCRBV2S1,"ENSG00000211747, ENSG00000226660","TRBV20-1, TRBV2",HGNC
313, TCRBV3S1,"ENSG00000237702, ENSG00000211753","TRBV3-1, TRBV28",HGNC
314, TFIIH,"ENSG00000111358, ENSG00000110768, ENSG00000145736, ENSG00000213780, ENSG00000272047","GTF2H3, GTF2H1, GTF2H2, GTF2H4, GTF2H5",HGNC
315, TIM1,"ENSG00000111602, ENSG00000113249, ENSG00000050327","TIMELESS, HAVCR1, ARHGEF5",HGNC
316, TIP,"ENSG00000129636, ENSG00000123600","ITFG1, METTL8",HGNC
317, TPC,"ENSG00000108091, ENSG00000125454","CCDC6, SLC25A19",HGNC
318, TR1,"ENSG00000173662, ENSG00000164761","TAS1R1, TNFRSF11B",HGNC
319, TR2,"ENSG00000157873, ENSG00000179002","TNFRSF14, TAS1R2",HGNC
320, TR3,"ENSG00000184470, ENSG00000215788","TXNRD2, TNFRSF25",HGNC
321, TRAMP,"ENSG00000067167, ENSG00000215788","TRAM1, TNFRSF25",HGNC
322, TRAP,"ENSG00000102245, ENSG00000142186","CD40LG, SCYL1",HGNC
323, TRB1,"ENSG00000173334, ENSG00000212127","TRIB1, TAS2R14",HGNC
324, TRB3,"ENSG00000101255, ENSG00000212128","TRIB3, TAS2R13",HGNC
325, TRF,"ENSG00000147601, ENSG00000113525","TERF1, IL5",HGNC
326, TS,"ENSG00000059377, ENSG00000151067","TBXAS1, CACNA1C",HGNC
327, TSH1,"ENSG00000179981, ENSG00000185875","TSHZ1, THNSL1",HGNC
328, TSH2,"ENSG00000144115, ENSG00000182463","THNSL2, TSHZ2",HGNC
329, TTP,"ENSG00000128016, ENSG00000160323","ZFP36, ADAMTS13",HGNC
330, U3b2,"ENSG00000262074, ENSG00000265185","SNORD3B-2, SNORD3B-1",HGNC
331, UBXD10,"ENSG00000088833, ENSG00000162191","NSFL1C, UBXN1",HGNC
332, UFD2,"ENSG00000110344, ENSG00000130939","UBE4A, UBE4B",HGNC
333, UGD,"ENSG00000109814, ENSG00000115652","UGDH, UXS1",HGNC
334, ULG5,"ENSG00000138039, ENSG00000120725","LHCGR, SIL1",HGNC
335, UNG2,"ENSG00000152669, ENSG00000076248","CCNO, UNG",HGNC
336, UNR,"ENSG00000186912, ENSG00000009307","P2RY4, CSDE1",HGNC
337, URP,"ENSG00000169249, ENSG00000145040","ZRSR2, UCN2",HGNC
338, Vma10,"ENSG00000136888, ENSG00000151418","ATP6V1G1, ATP6V1G3",HGNC
339, Vma2,"ENSG00000147416, ENSG00000116039","ATP6V1B2, ATP6V1B1",HGNC
340, Vph1,"ENSG00000105929, ENSG00000185344, ENSG00000033627","ATP6V0A4, ATP6V0A2, ATP6V0A1",HGNC
341, XAP4,"ENSG00000125826, ENSG00000099817","RBCK1, POLR2E",HGNC
342, YMR292W,"ENSG00000174567, ENSG00000111711","GOLT1A, GOLT1B",HGNC
343, ZC2HC5,"ENSG00000103671, ENSG00000172977","TRIP4, KAT5",HGNC
344, ZNT8,"ENSG00000196660, ENSG00000164756","SLC30A10, SLC30A8",HGNC
345, Zfp27,"ENSG00000196967, ENSG00000245680","ZNF585A, ZNF585B",HGNC
346, mu2,"ENSG00000129354, ENSG00000161203","AP1M2, AP2M1",HGNC
347, oda6,"ENSG00000171595, ENSG00000122735","DNAI2, DNAI1",HGNC
348, p105,"ENSG00000077150, ENSG00000109320","NFKB2, NFKB1",HGNC
349, p115,"ENSG00000089820, ENSG00000138768","ARHGAP4, USO1",HGNC
350, p120,"ENSG00000112983, ENSG00000145715, ENSG00000198561, ENSG00000111641","BRD8, RASA1, CTNND1, NOP2",HGNC
351, p14,"ENSG00000147889, ENSG00000167797, ENSG00000116586, ENSG00000113387","CDKN2A, CDK2AP2, LAMTOR2, SUB1",HGNC
352, p150,"ENSG00000196455, ENSG00000097007, ENSG00000166825","PIK3R4, ABL1, ANPEP",HGNC
353, p17,"ENSG00000196550, ENSG00000148229","FAM72A, POLE3",HGNC
354, p18,"ENSG00000179636, ENSG00000123080, ENSG00000138085, ENSG00000149357","TPPP2, CDKN2C, ATRAID, LAMTOR1",HGNC
355, p19,"ENSG00000147889, ENSG00000129355","CDKN2A, CDKN2D",HGNC
356, p200,"ENSG00000008869, ENSG00000066777, ENSG00000189079","HEATR5B, ARFGEF1, ARID2",HGNC
357, p22,"ENSG00000187446, ENSG00000215021, ENSG00000197102","CHP1, PHB2, DYNC1H1",HGNC
358, p25,"ENSG00000171368, ENSG00000166847","TPPP, DCTN5",HGNC
359, p35,"ENSG00000176749, ENSG00000168811, ENSG00000243566","CDK5R1, IL12A, UPK3B",HGNC
360, p36,"ENSG00000220875, ENSG00000122643","H3C9P, NT5C3A",HGNC
361, p40,"ENSG00000198520, ENSG00000100916, ENSG00000168028, ENSG00000073282","ARMH1, BRMS1L, RPSA, TP63",HGNC
362, p44,"ENSG00000145736, ENSG00000137965, ENSG00000116455","GTF2H2, IFI44, WDR77",HGNC
363, p45,"ENSG00000087191, ENSG00000145604","PSMC5, SKP2",HGNC
364, p47,"ENSG00000088833, ENSG00000270433, ENSG00000153487","NSFL1C, H3P37, ING1",HGNC
365, p48,"ENSG00000168267, ENSG00000259389","PTF1A, H3P38",HGNC
366, p50,"ENSG00000109320, ENSG00000138303","NFKB1, ASCC1",HGNC
367, p62,"ENSG00000073792, ENSG00000132912, ENSG00000121774","IGF2BP2, DCTN4, KHDRBS1",HGNC
368, p67,"ENSG00000111142, ENSG00000105383","METAP2, CD33",HGNC
369, p75,"ENSG00000028137, ENSG00000164985, ENSG00000071564","TNFRSF1B, PSIP1, TCF3",HGNC
370, p8,"ENSG00000182712, ENSG00000075914, ENSG00000176046","CMC4, EXOSC7, NUPR1",HGNC
371, p85,"ENSG00000105647, ENSG00000145675, ENSG00000125503, ENSG00000088808","PIK3R2, PIK3R1, PPP1R12C, PPP1R13B",HGNC
372, p97,"ENSG00000165280, ENSG00000179409, ENSG00000110321, ENSG00000153774","VCP, GEMIN4, EIF4G2, CFDP1",HGNC
373, smk1,"ENSG00000100796, ENSG00000224960","PPP4R3A, PPP4R3C",HGNC
374, tamo,"ENSG00000158792, ENSG00000158480","SPATA2L, SPATA2",HGNC
375,87U6,"ENSG00000206832, ENSG00000065135","RNU6V, GNAI3",HGNC
376,9G8,"ENSG00000164609, ENSG00000115875","SLU7, SRSF7",HGNC
377,A1,"ENSG00000163918, ENSG00000035928, ENSG00000049541","RFC4, RFC1, RFC2",HGNC
378,ABP-280,"ENSG00000128591, ENSG00000196924","FLNC, FLNA",HGNC
379,AC079630.2,"ENSG00000260943, ENSG00000223914","LINC02555, LINC02471",HGNC
380,ACA59,"ENSG00000239149, ENSG00000266079","SNORA59A, SNORA59B",HGNC
381,AD026,"ENSG00000282608, ENSG00000121933","ADORA3, TMIGD3",HGNC
382,AIP1,"ENSG00000187391, ENSG00000071127, ENSG00000123165, ENSG00000170540","MAGI2, WDR1, ACTRT1, ARL6IP1",HGNC
383,ALC1,"ENSG00000198336, ENSG00000131778","MYL4, CHD1L",HGNC
384,ALP,"ENSG00000154553, ENSG00000213927, nan","PDLIM3, CCL27, ATHS",HGNC
385,ALR,"ENSG00000167548, ENSG00000117448","KMT2D, AKR1A1",HGNC
386,AR,"ENSG00000085662, ENSG00000109321","AKR1B1, AREG",HGNC
387,ARP,"ENSG00000101246, ENSG00000145050","ARFRP1, MANF",HGNC
388,ARP11,"ENSG00000106526, ENSG00000133627","ACTR3C, ACTR3B",HGNC
389,ARP2,"ENSG00000136859, ENSG00000138071","ANGPTL2, ACTR2",HGNC
390,ARP3,"ENSG00000115091, ENSG00000128383","ACTR3, APOBEC3A",HGNC
391,ARP6,"ENSG00000243811, ENSG00000075089","APOBEC3D, ACTR6",HGNC
392,ARS,"ENSG00000126233, nan","SLURP1, RIEG2",HGNC
393,ASF,"ENSG00000136450, ENSG00000062096","SRSF1, ARSF",HGNC
394,ASP,"ENSG00000101440, ENSG00000145491, ENSG00000057663, ENSG00000108381","ASIP, ROPN1L, ATG5, ASPA",HGNC
395,AT1,"ENSG00000144891, ENSG00000282728","AGTR1, PGR-AS1",HGNC
396,B1,"ENSG00000156738, ENSG00000122507","MS4A1, BBS9",HGNC
397,B17,"ENSG00000159147, ENSG00000165264","DONSON, NDUFB6",HGNC
398,B18,"ENSG00000099795, ENSG00000166979","NDUFB7, EVA1C",HGNC
399,B29,"ENSG00000007312, ENSG00000134042","CD79B, MRO",HGNC
400,B37,"ENSG00000111676, ENSG00000205929","ATN1, EPCIP",HGNC
401,B9,"ENSG00000108641, ENSG00000170906","B9D1, NDUFA3",HGNC
402,BB1,"ENSG00000125505, ENSG00000135577","MBOAT7, NMBR",HGNC
403,BB2,"ENSG00000090339, ENSG00000126010","ICAM1, GRPR",HGNC
404,BCD541,"ENSG00000205571, ENSG00000172062","SMN2, SMN1",HGNC
405,BMD,"ENSG00000167995, ENSG00000198947","BEST1, DMD",HGNC
406,BOP,"ENSG00000115593, ENSG00000128617","SMYD1, OPN1SW",HGNC
407,BTF2,"ENSG00000110768, ENSG00000145736, ENSG00000111358, ENSG00000124508","GTF2H1, GTF2H2, GTF2H3, BTN2A2",HGNC
408,C6ST,"ENSG00000175264, ENSG00000122863, ENSG00000175040","CHST1, CHST3, CHST2",HGNC
409,CA125,"ENSG00000181143, ENSG00000188554","MUC16, NBR1",HGNC
410,CAD,"ENSG00000102794, ENSG00000169598","ACOD1, DFFB",HGNC
411,CAK1,"ENSG00000102854, ENSG00000134058","MSLN, CDK7",HGNC
412,CANP,"ENSG00000126247, ENSG00000189057","CAPNS1, FAM111B",HGNC
413,CAP,"ENSG00000165996, ENSG00000131236, ENSG00000113441","HACD1, CAP1, LNPEP",HGNC
414,CAR,"ENSG00000214319, ENSG00000154639, ENSG00000197912","CXADRP1, CXADR, SPG7",HGNC
415,CARMEN,"ENSG00000142867, ENSG00000249669","BCL10, CARMN",HGNC
416,CATCH22,"nan, ENSG00000184058","DGCR, TBX1",HGNC
417,CAV,"ENSG00000105971, ENSG00000174990","CAV2, CA5A",HGNC
418,CD16,"ENSG00000162747, ENSG00000203747","FCGR3B, FCGR3A",HGNC
419,CD32,"ENSG00000072694, ENSG00000143226","FCGR2B, FCGR2A",HGNC
420,CKR-1,"ENSG00000163464, ENSG00000163823","CXCR1, CCR1",HGNC
421,CLA20,"ENSG00000070718, ENSG00000100478","AP3M2, AP4S1",HGNC
422,CLMF,"ENSG00000113302, ENSG00000168811","IL12B, IL12A",HGNC
423,CLP,"ENSG00000103187, ENSG00000129170, ENSG00000178363","COTL1, CSRP3, CALML3",HGNC
424,CNR1,"ENSG00000204967, nan","PCDHA4, PCDHA@",HGNC
425,COMT2,"ENSG00000284844, ENSG00000284922","TOMT, LRTOMT",HGNC
426,COX1,"ENSG00000095303, ENSG00000198804","PTGS1, MT-CO1",HGNC
427,COX2,"ENSG00000198712, ENSG00000073756","MT-CO2, PTGS2",HGNC
428,CPI17-like,"ENSG00000166143, ENSG00000198729","PPP1R14D, PPP1R14C",HGNC
429,CPX,"ENSG00000147155, ENSG00000080819","EBP, CPOX",HGNC
430,CR,"ENSG00000196352, ENSG00000186197, ENSG00000241186","CD55, EDARADD, CRIPTO",HGNC
431,CRF,"ENSG00000131094, ENSG00000147571","C1QL1, CRH",HGNC
432,CS-1,"ENSG00000172399, ENSG00000138434","MYOZ2, ITPRID2",HGNC
433,CT78,"ENSG00000258992, ENSG00000228927","TSPY1, TSPY3",HGNC
434,D-X,"ENSG00000260128, ENSG00000261279, nan, nan, ENSG00000178081","ULK4P2, ULK4P1, FAM7A5, FAM7A4, ULK4P3",HGNC
435,DPPIV,"ENSG00000197635, ENSG00000078098","DPP4, FAP",HGNC
436,DRP,"ENSG00000152818, ENSG00000139726","UTRN, DENR",HGNC
437,DRP-1,"ENSG00000035664, ENSG00000072832","DAPK2, CRMP1",HGNC
438,DUP,"ENSG00000113318, ENSG00000167513","MSH3, CDT1",HGNC
439,E3,"ENSG00000200320, ENSG00000143149","SNORA63, ALDH9A1",HGNC
440,EB1,"ENSG00000115944, ENSG00000101367","COX7A2L, MAPRE1",HGNC
441,EMC19,"ENSG00000113558, ENSG00000231234","SKP1, SKP1P1",HGNC
442,EPO,"ENSG00000102265, ENSG00000121053","TIMP1, EPX",HGNC
443,EPR-1,"nan, ENSG00000089685, ENSG00000163435","EPR1, BIRC5, ELF3",HGNC
444,ER,"ENSG00000091831, ENSG00000124882","ESR1, EREG",HGNC
445,ESA,"ENSG00000132589, ENSG00000005421","FLOT2, PON1",HGNC
446,F379,"ENSG00000218839, ENSG00000237613, ENSG00000248893, ENSG00000249054, ENSG00000226516, ENSG00000282591","FAM138C, FAM138A, FAM138E, FAM138D, FAM138B, FAM138F",HGNC
447,FAD,"ENSG00000139618, ENSG00000144554, ENSG00000080815","BRCA2, FANCD2, PSEN1",HGNC
448,FBL4,"ENSG00000118564, ENSG00000112234","FBXL5, FBXL4",HGNC
449,FBP,"ENSG00000162613, ENSG00000119396","FUBP1, RAB14",HGNC
450,FIL1,"ENSG00000136694, ENSG00000136696, ENSG00000125571, ENSG00000136695","IL36A, IL36B, IL37, IL36RN",HGNC
451,FLJ10883,"ENSG00000203880, ENSG00000168300","PCMTD2, PCMTD1",HGNC
452,FLJ20375,"ENSG00000183354, ENSG00000188352","BRD10, FOCAD",HGNC
453,FLJ37712,"ENSG00000151812, ENSG00000183780","SLC35F4, SLC35F3",HGNC
454,FLJ43692,"ENSG00000213214, ENSG00000288784","ARHGEF35, CTAGE4",HGNC
455,FP,"ENSG00000073578, ENSG00000122420","SDHA, PTGFR",HGNC
456,G13,"ENSG00000213676, ENSG00000120063","ATF6B, GNA13",HGNC
457,G17,"ENSG00000204304, ENSG00000188338","PBX2, SLC38A3",HGNC
458,G2,"ENSG00000204469, ENSG00000229150, ENSG00000110427","PRRC2A, CRYGEP, KIAA1549L",HGNC
459,GAGE8,"ENSG00000275113, nan","GAGE2E, GAGE2D",HGNC
460,GAL7,"ENSG00000178934, ENSG00000205076","LGALS7B, LGALS7",HGNC
461,GBP,"ENSG00000033800, ENSG00000100097, ENSG00000006118, ENSG00000084754","PIAS1, LGALS1, TMEM132A, HADHA",HGNC
462,GCAP,"ENSG00000048545, ENSG00000163286","GUCA1A, ALPG",HGNC
463,GCL,"ENSG00000115271, ENSG00000244234","GCA, GMCL2",HGNC
464,GCS,"ENSG00000001084, ENSG00000148154","GCLC, UGCG",HGNC
465,GDH,"ENSG00000109814, ENSG00000165475, ENSG00000148672","UGDH, CRYL1, GLUD1",HGNC
466,GIF,"ENSG00000087250, ENSG00000240972","MT3, MIF",HGNC
467,GIG1,"ENSG00000142871, ENSG00000105374","CCN1, NKG7",HGNC
468,GLP1,"ENSG00000115263, ENSG00000220201","GCG, ZGLP1",HGNC
469,GP130,"ENSG00000138095, ENSG00000134352","LRPPRC, IL6ST",HGNC
470,GUCY2B,"ENSG00000113389, ENSG00000159899","NPR3, NPR2",HGNC
471,H2,"ENSG00000077782, ENSG00000107014","FGFR1, RLN2",HGNC
472,H2A.B.1,"ENSG00000277745, ENSG00000277858","H2AB3, H2AB2",HGNC
473,HBK,"ENSG00000223609, ENSG00000206177","HBD, HBM",HGNC
474,HBP,"ENSG00000115677, ENSG00000163950","HDLBP, SLBP",HGNC
475,HCA2,"ENSG00000182782, ENSG00000165509","HCAR2, MAGEC3",HGNC
476,HCA3,"ENSG00000255398, ENSG00000186675","HCAR3, MAGEE2",HGNC
477,HCG,"ENSG00000135346, ENSG00000189052","CGA, CGB5",HGNC
478,HCP1,"ENSG00000076351, ENSG00000229357, ENSG00000126457, ENSG00000205268","SLC46A1, CYCSP51, PRMT1, PDE7A",HGNC
479,HCR,"ENSG00000204536, ENSG00000121797","CCHCR1, CCRL2",HGNC
480,HCS,"ENSG00000172115, ENSG00000159267","CYCS, HLCS",HGNC
481,HE2,"ENSG00000178287, ENSG00000164871","SPAG11A, SPAG11B",HGNC
482,HERV-K,"nan, nan","ERVK3, ERVK2",HGNC
483,HGL,"ENSG00000182333, ENSG00000073350","LIPF, LLGL2",HGNC
484,HGRG8,"ENSG00000270503, ENSG00000198492","YTHDF2P1, YTHDF2",HGNC
485,HIP,"ENSG00000172016, ENSG00000162244, ENSG00000164161","REG3A, RPL29, HHIP",HGNC
486,HIS1,"nan, ENSG00000126550","VIS1, HTN1",HGNC
487,HK2,"ENSG00000068796, ENSG00000095066","KIF2A, HOOK2",HGNC
488,HL,"ENSG00000117305, ENSG00000166035","HMGCL, LIPC",HGNC
489,HLP,"ENSG00000173805, ENSG00000204351","HAP1, SKIC2",HGNC
490,HNPCC,"ENSG00000076242, ENSG00000095002","MLH1, MSH2",HGNC
491,HNT,"ENSG00000124782, ENSG00000182667","RREB1, NTM",HGNC
492,HPIP,"ENSG00000163346, ENSG00000103145","PBXIP1, HCFC1R1",HGNC
493,HRG4,"ENSG00000109103, ENSG00000169752","UNC119, NRG4",HGNC
494,HS1,"ENSG00000134308, ENSG00000180353","YWHAQ, HCLS1",HGNC
495,HSD17,"ENSG00000108786, ENSG00000086696","HSD17B1, HSD17B2",HGNC
496,HSDJ0798C17,"ENSG00000243896, ENSG00000228960","OR2A7, OR2A9P",HGNC
497,HSS,"ENSG00000181523, ENSG00000127554, ENSG00000125779, ENSG00000008294","SGSH, GFER, PANK2, SPAG9",HGNC
498,HZF2,"ENSG00000185947, nan","ZNF267, ZNF126",HGNC
499,HZF3,"nan, ENSG00000090612","ZNF125, ZNF268",HGNC
500,IAP,"ENSG00000163295, ENSG00000196776","ALPI, CD47",HGNC
501,ICln,"ENSG00000074201, ENSG00000213335","CLNS1A, CLNS1AP1",HGNC
502,IGHV,"nan, nan","IGHVOR16@, IGHVOR15@",HGNC
503,IGHV4-3,"nan, nan","IGHV4-30-4, IGHV4-30-2",HGNC
504,IL-27,"ENSG00000197272, ENSG00000172458","IL27, IL17D",HGNC
505,ILWEQ,"ENSG00000127946, ENSG00000137076","HIP1, TLN1",HGNC
506,IMP2,"ENSG00000157837, ENSG00000184903","SPPL3, IMMP2L",HGNC
507,J1,"ENSG00000211690, ENSG00000211597","TRGJ1, IGKJ1",HGNC
508,J2,"ENSG00000211687, ENSG00000211596","TRGJ2, IGKJ2",HGNC
509,K-REV,"ENSG00000127314, ENSG00000125249","RAP1B, RAP2A",HGNC
510,K12,"ENSG00000187242, ENSG00000141574","KRT12, SECTM1",HGNC
511,K7,"ENSG00000135480, nan","KRT7, RBPJP4",HGNC
512,KIAA0172,"ENSG00000132854, ENSG00000107104","KANK4, KANK1",HGNC
513,KIAA0229,"ENSG00000064999, ENSG00000124678","ANKS1A, TCP11",HGNC
514,KIAA0700,"ENSG00000169375, ENSG00000127511","SIN3A, SIN3B",HGNC
515,KOX21,"ENSG00000075407, ENSG00000234420","ZNF37A, ZNF37BP",HGNC
516,KS,"ENSG00000151093, ENSG00000182871","OXSM, COL18A1",HGNC
517,LAMP,"ENSG00000078081, ENSG00000185565","LAMP3, LSAMP",HGNC
518,LAP,"ENSG00000172216, ENSG00000134575","CEBPB, ACP2",HGNC
519,LAT1,"ENSG00000103257, ENSG00000213658","SLC7A5, LAT",HGNC
520,LFA-1,"ENSG00000005844, ENSG00000160255","ITGAL, ITGB2",HGNC
521,LIP2,"ENSG00000216740, ENSG00000182718","ANXA2P3, ANXA2",HGNC
522,LPAP,"ENSG00000162836, ENSG00000213402","ACP6, PTPRCAP",HGNC
523,LRP,"ENSG00000168028, ENSG00000132670, ENSG00000123384, ENSG00000013364","RPSA, PTPRA, LRP1, MVP",HGNC
524,MAT1,"ENSG00000020426, ENSG00000235531","MNAT1, MSC-AS1",HGNC
525,MCT3,"ENSG00000100156, ENSG00000141526","SLC16A8, SLC16A3",HGNC
526,MED,"ENSG00000105664, ENSG00000049089","COMP, COL9A2",HGNC
527,MEGT1,"ENSG00000244355, ENSG00000250641","LY6G6D, LY6G6F-LY6G6D",HGNC
528,MGC15397,"ENSG00000166840, ENSG00000163900","GLYATL1, TMEM41A",HGNC
529,MGC45441,"ENSG00000159214, ENSG00000177868","CCDC24, SVBP",HGNC
530,MIFR,"ENSG00000215914, ENSG00000189409","MMP23A, MMP23B",HGNC
531,MIP,"ENSG00000027001, ENSG00000083312","MIPEP, TNPO1",HGNC
532,MOP3,"ENSG00000139697, ENSG00000133794","SBNO1, BMAL1",HGNC
533,MP1,"ENSG00000109270, ENSG00000107959","LAMTOR3, PITRM1",HGNC
534,MPS1,"ENSG00000127415, ENSG00000112742","IDUA, TTK",HGNC
535,MRG1,"ENSG00000134138, ENSG00000218283, ENSG00000164442","MEIS2, MORF4L1P1, CITED2",HGNC
536,MRG2,"ENSG00000179277, ENSG00000105419","MEIS3P1, MEIS3",HGNC
537,MRLC2,"ENSG00000180209, ENSG00000118680","MYL11, MYL12B",HGNC
538,MSS1,"ENSG00000130299, ENSG00000161057","GTPBP3, PSMC2",HGNC
539,MST,"ENSG00000130758, ENSG00000128309","MAP3K10, MPST",HGNC
540,MTTF1,"ENSG00000230444, ENSG00000254798","TFAMP1, TFAMP2",HGNC
541,MU,"ENSG00000134184, ENSG00000188428, ENSG00000106588","GSTM1, BLOC1S5, PSMA2",HGNC
542,NAG,"ENSG00000151779, ENSG00000108784","NBAS, NAGLU",HGNC
543,NAP1,"ENSG00000163512, ENSG00000131400","AZI2, NAPSA",HGNC
544,NBC3,"ENSG00000050438, ENSG00000033867","SLC4A8, SLC4A7",HGNC
545,NOV,"ENSG00000147403, ENSG00000114554","RPL10, PLXNA1",HGNC
546,NPH3,"ENSG00000182575, ENSG00000113971","NXPH3, NPHP3",HGNC
547,NRP,"ENSG00000099250, ENSG00000187109","NRP1, NAP1L1",HGNC
548,NSCL2,"ENSG00000147133, ENSG00000177551","TAF1, NHLH2",HGNC
549,NSE1,"ENSG00000162981, ENSG00000169189","LRATD1, NSMCE1",HGNC
550,NSP2,"ENSG00000137936, ENSG00000125744","BCAR3, RTN2",HGNC
551,NTN,"ENSG00000171119, ENSG00000006210","NRTN, CX3CL1",HGNC
552,OAT4,"ENSG00000149742, ENSG00000168065","SLC22A9, SLC22A11",HGNC
553,OCT1,"ENSG00000143190, ENSG00000175003","POU2F1, SLC22A1",HGNC
554,OCT2,"ENSG00000028277, ENSG00000112499","POU2F2, SLC22A2",HGNC
555,OCT3,"ENSG00000204531, ENSG00000146477","POU5F1, SLC22A3",HGNC
556,OP-2,"ENSG00000116985, ENSG00000183682","BMP8B, BMP8A",HGNC
557,OR11-11a,"ENSG00000177400, ENSG00000255261","OR7E8P, OR7E4P",HGNC
558,OX2R,"ENSG00000137252, ENSG00000163606","HCRTR2, CD200R1",HGNC
559,P14,"ENSG00000115128, ENSG00000163684, ENSG00000163220","SF3B6, RPP14, S100A9",HGNC
560,P15,"ENSG00000147883, ENSG00000132661","CDKN2B, NXT1",HGNC
561,P18,"ENSG00000198517, ENSG00000186448","MAFK, ZNF197",HGNC
562,P21,"ENSG00000168824, ENSG00000124762","NSG1, CDKN1A",HGNC
563,P47,"ENSG00000115956, ENSG00000105472","PLEK, CLEC11A",HGNC
564,P58,"ENSG00000102580, ENSG00000167004","DNAJC3, PDIA3",HGNC
565,P8,"ENSG00000143546, ENSG00000185290","S100A8, NUPR2",HGNC
566,PABP1,"ENSG00000231707, ENSG00000070756","PABPC1P1, PABPC1",HGNC
567,PABP3,"ENSG00000151846, ENSG00000230673","PABPC3, PABPC1P3",HGNC
568,PACAP,"ENSG00000170476, ENSG00000141433","MZB1, ADCYAP1",HGNC
569,PAL,"ENSG00000145730, ENSG00000148602","PAM, LRIT1",HGNC
570,PAP,"ENSG00000090060, ENSG00000112996, ENSG00000153317","PAPOLA, MRPS30, ASAP1",HGNC
571,PAR3,"ENSG00000148498, ENSG00000164220","PARD3, F2RL2",HGNC
572,PAR4,"nan, ENSG00000127533","PWAR4, F2RL3",HGNC
573,PBP,"ENSG00000008710, ENSG00000125686","PKD1, MED1",HGNC
574,PC4,"ENSG00000006652, ENSG00000115257, ENSG00000113387","IFRD1, PCSK4, SUB1",HGNC
575,PDIP1,"ENSG00000174943, ENSG00000130589","KCTD13, HELZ2",HGNC
576,PHKD,"ENSG00000160014, ENSG00000143933","CALM3, CALM2",HGNC
577,PNK,"ENSG00000039650, ENSG00000160209","PNKP, PDXK",HGNC
578,PNR,"ENSG00000278570, ENSG00000135569","NR2E3, TAAR5",HGNC
579,POF,"ENSG00000124429, ENSG00000147202","POF1B, DIAPH2",HGNC
580,POP2,"ENSG00000121577, ENSG00000253548","POPDC2, PYDC2",HGNC
581,POP3,"ENSG00000289721, ENSG00000132429","PYDC5, POPDC3",HGNC
582,POTE2beta,"ENSG00000196834, ENSG00000222038","POTEI, POTEJ",HGNC
583,PP5,"ENSG00000105825, ENSG00000011485","TFPI2, PPP5C",HGNC
584,PSA,"ENSG00000135069, ENSG00000141279, ENSG00000142515","PSAT1, NPEPPS, KLK3",HGNC
585,PSF2,"ENSG00000131153, ENSG00000204267","GINS2, TAP2",HGNC
586,PSP,"ENSG00000115386, ENSG00000125650","REG1A, PSPN",HGNC
587,PTC,"ENSG00000165731, ENSG00000108091","RET, CCDC6",HGNC
588,PTEN2,"ENSG00000274391, ENSG00000237984","TPTE, PTENP1",HGNC
589,PTH1,"ENSG00000187024, ENSG00000152266","PTRH1, PTH",HGNC
590,PTX1,"ENSG00000132693, ENSG00000069011, ENSG00000087502","CRP, PITX1, ERGIC2",HGNC
591,QP-C,"ENSG00000156467, ENSG00000164405","UQCRB, UQCRQ",HGNC
592,RAD1,"ENSG00000175595, ENSG00000169413","ERCC4, RNASE6",HGNC
593,RAGE,"nan, ENSG00000204305","LINC00914, AGER",HGNC
594,RAI,"ENSG00000104881, ENSG00000023191","PPP1R13L, RNH1",HGNC
595,RAMP,"ENSG00000149090, ENSG00000143476, ENSG00000121741","PAMR1, DTL, ZMYM2",HGNC
596,RC3,"ENSG00000104093, ENSG00000154146","DMXL2, NRGN",HGNC
597,RD,"ENSG00000204356, nan","NELFE, DYX1",HGNC
598,RED,"ENSG00000113141, ENSG00000143479","IK, DYRK3",HGNC
599,RIF1,"ENSG00000121931, ENSG00000120210","LRIF1, INSL6",HGNC
600,RIP,"ENSG00000173744, ENSG00000137275","AGFG1, RIPK1",HGNC
601,RIS1,"ENSG00000249992, ENSG00000169021","TMEM158, UQCRFS1",HGNC
602,RPD3,"ENSG00000171720, ENSG00000147099, ENSG00000196591","HDAC3, HDAC8, HDAC2",HGNC
603,RU2,"ENSG00000146049, ENSG00000146038","KAAG1, DCDC2",HGNC
604,RhoGAP2,"ENSG00000128805, ENSG00000128656","ARHGAP22, CHN1",HGNC
605,S12,"ENSG00000112306, ENSG00000103035, ENSG00000135312","RPS12, PSMD7, HTR1B",HGNC
606,S9,"ENSG00000170889, ENSG00000108671","RPS9, PSMD11",HGNC
607,SAP1,"ENSG00000171711, ENSG00000158711","DEFB4A, ELK4",HGNC
608,SBBI31,"ENSG00000064652, ENSG00000109762","SNX24, SNX25",HGNC
609,SCL,"ENSG00000132330, ENSG00000162367","SCLY, TAL1",HGNC
610,SDH,"ENSG00000135094, ENSG00000123453","SDS, SARDH",HGNC
611,SEP,"ENSG00000164050, ENSG00000142606","PLXNB1, MMEL1",HGNC
612,SIII,"ENSG00000154582, ENSG00000011007, ENSG00000103363","ELOC, ELOA, ELOB",HGNC
613,SIP,"ENSG00000116161, ENSG00000239306","CACYBP, RBM14",HGNC
614,SKIP,"ENSG00000153820, ENSG00000132376","SPHKAP, INPP5K",HGNC
615,SMAP,"ENSG00000110696, ENSG00000112983, ENSG00000075945","C11orf58, BRD8, KIFAP3",HGNC
616,SMN,"ENSG00000128739, ENSG00000117632","SNRPN, STMN1",HGNC
617,SPS2,"nan, ENSG00000179918","SRML2, SEPHS2",HGNC
618,SRPSMCR,"ENSG00000237911, ENSG00000227689","SRP68P3, SRP68P2",HGNC
619,STA,"ENSG00000102119, nan","EMD, GCY",HGNC
620,STZ,"nan, ENSG00000110080","SIAT5, ST3GAL4",HGNC
621,T1,"ENSG00000151729, ENSG00000110448","SLC25A4, CD5",HGNC
622,TAP,"ENSG00000100003, ENSG00000138768, ENSG00000136068, ENSG00000162231","SEC14L2, USO1, FLNB, NXF1",HGNC
623,TAT1,"ENSG00000112053, ENSG00000112394","SLC26A8, SLC16A10",HGNC
624,TCRAV25S1,"ENSG00000211806, ENSG00000211814","TRAV25, TRAV35",HGNC
625,TCRAV31S1,"ENSG00000249048, ENSG00000211819","TRAV31, TRAV40",HGNC
626,TCRBV14S1,"ENSG00000275743, ENSG00000211752","TRBV14, TRBV27",HGNC
627,TFIIA,"ENSG00000165417, ENSG00000140307","GTF2A1, GTF2A2",HGNC
628,TFIIF,"ENSG00000125651, ENSG00000251254, ENSG00000188342","GTF2F1, GTF2F2P1, GTF2F2",HGNC
629,TGT,"ENSG00000213339, ENSG00000101557","QTRT1, USP14",HGNC
630,TIP39,"ENSG00000142538, ENSG00000100109","PTH2, TFIP11",HGNC
631,TN,"ENSG00000163815, ENSG00000041982","CLEC3B, TNC",HGNC
632,TR,"ENSG00000270141, ENSG00000181104, ENSG00000184470","TERC, F2R, TXNRD2",HGNC
633,TRAM,"ENSG00000067167, ENSG00000243414","TRAM1, TICAM2",HGNC
634,TRK,"ENSG00000198400, ENSG00000143549","NTRK1, TPM3",HGNC
635,TRY3,"ENSG00000277083, ENSG00000010438","PRSS3P3, PRSS3",HGNC
636,TTY11,"ENSG00000180910, ENSG00000237048","TTTY11, TTTY12",HGNC
637,U13,"ENSG00000238498, ENSG00000239039, ENSG00000239128, nan","SNORD13P1, SNORD13, SNORD13P3, SNORD13P2",HGNC
638,U2,"ENSG00000222076, ENSG00000277084, ENSG00000274585, ENSG00000222328, ENSG00000222465","RNU2-3P, RNU2-4P, RNU2-1, RNU2-2P, RNU2-5P",HGNC
639,U3,"ENSG00000263934, nan, nan, ENSG00000200318, nan, nan, nan, nan","SNORD3A, RNU3, RNU3B4, SNORD3P1, SNORD3P3, SNORD3F, SNORD3P4, SNORD3@",HGNC
640,U3a,"nan, ENSG00000265185","RNU3A3, SNORD3B-1",HGNC
641,U3b1,"nan, nan","RNU3B1, RNU3B2",HGNC
642,U4,"ENSG00000201628, ENSG00000201458, ENSG00000201806, ENSG00000222736, ENSG00000272160, nan","RNU4-7P, RNU4-4P, RNU4-8P, RNU4-6P, RNU4-5P, RNU4-3P",HGNC
643,U6,"ENSG00000206625, ENSG00000199226","RNU6-1, RNU6-50P",HGNC
644,U62,"ENSG00000231587, ENSG00000235284","SNORD62B, SNORD62A",HGNC
645,UBC2,"ENSG00000119048, ENSG00000077721","UBE2B, UBE2A",HGNC
646,UBC7,"ENSG00000132388, ENSG00000184787","UBE2G1, UBE2G2",HGNC
647,ULG4,"nan, nan","EBR3, HOAC",HGNC
648,URP,"ENSG00000188958, ENSG00000115446","UTS2B, UNC50",HGNC
649,V1S5P,"ENSG00000228668, ENSG00000226212","TRGV5P, TRGV6",HGNC
650,VATB,"ENSG00000116039, ENSG00000147416","ATP6V1B1, ATP6V1B2",HGNC
651,ZAP,"ENSG00000105939, ENSG00000119596","ZC3HAV1, YLPM1",HGNC
652,bA548K23.1,"ENSG00000243289, ENSG00000203942","AGAP13P, C10orf62",HGNC
653,p12,"ENSG00000175482, ENSG00000115350, ENSG00000231712","POLD4, POLE4, H3P5",HGNC
654,p15,"ENSG00000086504, ENSG00000227430","MRPL28, H3P9",HGNC
655,p17,"ENSG00000230111, ENSG00000237888","H3P11, RPL29P31",HGNC
656,p21,"ENSG00000172465, ENSG00000178458","TCEAL1, H3P16",HGNC
657,p23,"ENSG00000110958, ENSG00000248205","PTGES3, H3P17",HGNC
658,p24,"ENSG00000271296, ENSG00000152954","H3P19, NRSN1",HGNC
659,p27,"ENSG00000110801, ENSG00000250705, ENSG00000173465","PSMD9, H3P23, ZNRD2",HGNC
660,p28,"ENSG00000101843, ENSG00000251118","PSMD10, H3P24",HGNC
661,p38,"ENSG00000100591, ENSG00000106305","AHSA1, AIMP2",HGNC
662,p40,"ENSG00000115365, ENSG00000220347","LANCL1, H3P28",HGNC
663,p42,"ENSG00000156345, ENSG00000100519, ENSG00000227443","CDK20, PSMC6, H3P30",HGNC
664,p50,"ENSG00000101017, ENSG00000258570","CD40, H3P40",HGNC
665,p51,"ENSG00000073282, ENSG00000265541","TP63, H3P41",HGNC
666,p52,"ENSG00000271626, ENSG00000164985","H3P42, PSIP1",HGNC
667,p54,"ENSG00000226436, ENSG00000116754","H3P43, SRSF11",HGNC
668,p55,"ENSG00000197170, ENSG00000075618, ENSG00000117461, ENSG00000226881","PSMD12, FSCN1, PIK3R3, H3P44",HGNC
669,p56,"ENSG00000123106, ENSG00000227211","CCDC91, H3P45",HGNC
670,p62,"ENSG00000213024, ENSG00000161011","NUP62, SQSTM1",HGNC
671,pH2A/f,"ENSG00000196787, ENSG00000234816","H2AC11, H2AC5P",HGNC
672,pTEX,"ENSG00000274962, ENSG00000277008","TEX28P1, TEX28P2",HGNC
